{"type":"FeatureCollection","features":[{"type":"Feature","geometry":{"type":"Point","coordinates":[13.1659,52.1041]},"properties":{"id":"78012206-1aa1-11e9-a80b-52543be04c81","name":"MANGORADIO","country":"Germany","countryCode":"DE","state":"Rheinland-Pfalz","category":"music","streamUrl":"https://mangoradio.stream.laut.fm/mangoradio","codec":"MP3","bitrate":128,"tags":"music, variety"}},{"type":"Feature","geometry":{"type":"Point","coordinates":[-124.183922,40.785114]},"properties":{"id":"9617a958-0601-11e8-ae97-52543be04c81","name":"Radio Paradise Main Mix (EU) 320k AAC","country":"The United States Of America","countryCode":"US","state":"California","category":"music","streamUrl":"http://stream-uk1.radioparadise.com/aac-320","codec":"AAC","bitrate":320,"tags":"california, eclectic, free, internet, non-commercial, paradise, radio"}},{"type":"Feature","geometry":{"type":"Point","coordinates":[-73.97538,40.75166]},"properties":{"id":"d1a54d2e-623e-4970-ab11-35f7b56c5ec3","name":"Classic Vinyl HD","country":"The United States Of America","countryCode":"US","state":"New York NY","category":"music","streamUrl":"https://icecast.walmradio.com:8443/classic","codec":"MP3","bitrate":320,"tags":"1930, 1940, 1950, 1960, beautiful music, big band, classic hits, crooners, easy, easy listening"}},{"type":"Feature","geometry":{"type":"Point","coordinates":[-0.1439,51.5186]},"properties":{"id":"bbc-world-service","name":"BBC World Service (London News 24/7)","country":"United Kingdom","countryCode":"GB","state":"London","category":"news","streamUrl":"https://stream.live.vc.bbcmedia.co.uk/bbc_world_service","codec":"MP3","bitrate":128,"tags":"news, bbc, world, london, global"}},{"type":"Feature","geometry":{"type":"Point","coordinates":[-73.97538,40.75166]},"properties":{"id":"ea8059be-d119-4de3-b27b-0d9bd6aedb17","name":"Adroit Jazz Underground","country":"The United States Of America","countryCode":"US","state":"Wisconsin","category":"music","streamUrl":"https://icecast.walmradio.com:8443/jazz","codec":"MP3","bitrate":320,"tags":"avant-garde, bebop, big band, bop, combos, contemporary, contemporary jazz, cool, cool jazz, free jazz"}},{"type":"Feature","geometry":{"type":"Point","coordinates":[-73.97538,40.75166]},"properties":{"id":"6eff3484-4ab4-4d36-bf27-9172c5aac15c","name":"Christmas Vinyl HD","country":"The United States Of America","countryCode":"US","state":"New York NY","category":"music","streamUrl":"https://icecast.walmradio.com:8443/christmas","codec":"MP3","bitrate":320,"tags":"christian, christmas, easy listening, hd, holiday, otr, seasonal, vintage, vinyl, walm"}},{"type":"Feature","geometry":{"type":"Point","coordinates":[-73.97538,40.75166]},"properties":{"id":"348dfc58-ce8c-413b-b264-0384f816344b","name":"WALM HD","country":"The United States Of America","countryCode":"US","state":"New York NY","category":"music","streamUrl":"https://icecast.walmradio.com:8443/walm","codec":"MP3","bitrate":320,"tags":"christian, christian music, contemporary christian, jesus"}},{"type":"Feature","geometry":{"type":"Point","coordinates":[0.4657,51.8833]},"properties":{"id":"98adecf7-2683-4408-9be7-02d3f9098eb8","name":"BBC World Service","country":"The United Kingdom Of Great Britain And Northern Ireland","countryCode":"GB","state":"United Kingdom","category":"news","streamUrl":"https://stream.live.vc.bbcmedia.co.uk/bbc_world_service","codec":"MP3","bitrate":56,"tags":"news, talk"}},{"type":"Feature","geometry":{"type":"Point","coordinates":[-73.97538,40.75166]},"properties":{"id":"313046e3-b203-4b9d-bc3e-393da7d97126","name":"WALM - Old Time Radio","country":"The United States Of America","countryCode":"US","state":"New York","category":"music","streamUrl":"https://icecast.walmradio.com:8443/otr","codec":"MP3","bitrate":64,"tags":"78, 78-rpm, 78rpm, classic, comedy, drama, easy listening, musical, mystery, old time radio"}},{"type":"Feature","geometry":{"type":"Point","coordinates":[-73.97538,40.75166]},"properties":{"id":"64bb1467-2585-4454-a96f-34cfbc864d41","name":"WALM 2 HD","country":"The United States Of America","countryCode":"US","state":"New York","category":"talk","streamUrl":"https://icecast.walmradio.com:8443/walm2","codec":"MP3","bitrate":320,"tags":"choral, christian, christian music, classical music, hymns, orchestral, talk, talk radio, traditional christian"}},{"type":"Feature","geometry":{"type":"Point","coordinates":[2.477,49.2372]},"properties":{"id":"1cfb151d-a341-11e9-a787-52543be04c81","name":"France Info","country":"France","countryCode":"FR","state":"France","category":"music","streamUrl":"http://direct.franceinfo.fr/live/franceinfo-midfi.mp3","codec":"MP3","bitrate":128,"tags":""}},{"type":"Feature","geometry":{"type":"Point","coordinates":[-78.2479,40.0221]},"properties":{"id":"d28420a4-eccf-47a2-ace1-088c7e7cb7e0","name":"101 SMOOTH JAZZ","country":"The United States Of America","countryCode":"US","state":"California","category":"music","streamUrl":"http://jking.cdnstream1.com/b22139_128mp3","codec":"MP3","bitrate":192,"tags":"easy listening, jazz, smooth jazz"}},{"type":"Feature","geometry":{"type":"Point","coordinates":[2.3388,49.0144]},"properties":{"id":"960c2914-0601-11e8-ae97-52543be04c81","name":"RFI Afrique","country":"France","countryCode":"FR","state":"France","category":"news","streamUrl":"http://live02.rfi.fr/rfiafrique-64.mp3","codec":"MP3","bitrate":64,"tags":"africa, news"}},{"type":"Feature","geometry":{"type":"Point","coordinates":[5.745849609375,43.577207144257144]},"properties":{"id":"7a3a3989-8f26-44f7-9ae5-fa91e5cf4f9d","name":"RMC FR","country":"France","countryCode":"FR","state":"","category":"talk","streamUrl":"https://audio.bfmtv.com/rmcradio_128.mp3","codec":"MP3","bitrate":128,"tags":"france, info, sport, talk"}},{"type":"Feature","geometry":{"type":"Point","coordinates":[-73.97538,40.75166]},"properties":{"id":"2ce23ee2-95c5-407d-9df8-54c3cdde2825","name":"Adroit Jazz Underground HD Opus","country":"The United States Of America","countryCode":"US","state":"","category":"music","streamUrl":"https://icecast.walmradio.com:8443/jazz_opus","codec":"OGG","bitrate":192,"tags":"avant-garde, bebop, big band, bop, combos, contemporary, contemporary jazz, cool, cool jazz, free jazz"}},{"type":"Feature","geometry":{"type":"Point","coordinates":[51.384429931640625,35.69522525087309]},"properties":{"id":"b6eedfc6-4a4b-4899-852f-03dd833f1f1b","name":"ایران‎  Radio Liberty (Iran) (official stream)","country":"Islamic Republic Of Iran","countryCode":"IR","state":"Tehran","category":"music","streamUrl":"https://stream.radiojar.com/cp13r2cpn3quv","codec":"MP3","bitrate":128,"tags":""}},{"type":"Feature","geometry":{"type":"Point","coordinates":[-73.97538,40.75166]},"properties":{"id":"b96225b2-8536-4b9b-8add-03582fd2e6a2","name":"WALM 2 HD Opus","country":"The United States Of America","countryCode":"US","state":"","category":"talk","streamUrl":"https://icecast.walmradio.com:8443/walm2_opus","codec":"OGG","bitrate":192,"tags":"choral, christian, christian music, classical music, hymns, opus, orchestral, talk, talk radio, traditional christian"}},{"type":"Feature","geometry":{"type":"Point","coordinates":[-73.97538,40.75166]},"properties":{"id":"24e3676a-8de5-474c-8ed2-288fbb66d447","name":"Christmas Vinyl HD Opus","country":"The United States Of America","countryCode":"US","state":"","category":"music","streamUrl":"https://icecast.walmradio.com:8443/christmas_opus","codec":"OGG","bitrate":192,"tags":"christian, christmas, easy listening, hd, holiday, opus, otr, seasonal, vintage, vinyl"}},{"type":"Feature","geometry":{"type":"Point","coordinates":[2.8981,48.7144]},"properties":{"id":"96102c22-0601-11e8-ae97-52543be04c81","name":"Jazz Radio Blues","country":"France","countryCode":"FR","state":"France","category":"music","streamUrl":"http://jazzblues.ice.infomaniak.ch/jazzblues-high.mp3","codec":"MP3","bitrate":128,"tags":"blues, jazz"}},{"type":"Feature","geometry":{"type":"Point","coordinates":[21.1545,52.2746]},"properties":{"id":"399b7c2a-6680-11e8-b15b-52543be04c81","name":"RMF FM","country":"Poland","countryCode":"PL","state":"Poland","category":"music","streamUrl":"http://195.150.20.242:8000/rmf_fm","codec":"MP3","bitrate":128,"tags":"fm, rmf, rmffm"}},{"type":"Feature","geometry":{"type":"Point","coordinates":[30.8873,50.8819]},"properties":{"id":"961949f3-0601-11e8-ae97-52543be04c81","name":"Hit FM (UKraine) - 128kb/s","country":"Ukraine","countryCode":"UA","state":"Kiev","category":"music","streamUrl":"http://195.95.206.17/HitFM","codec":"MP3","bitrate":128,"tags":"dance, pop, rock"}},{"type":"Feature","geometry":{"type":"Point","coordinates":[1.8273,48.905]},"properties":{"id":"31074f8a-e6f4-11e9-a96c-52543be04c81","name":"France Info","country":"France","countryCode":"FR","state":"France","category":"news","streamUrl":"http://icecast.radiofrance.fr/franceinfo-hifi.aac","codec":"AAC","bitrate":192,"tags":"aac, information, public radio, radio france"}},{"type":"Feature","geometry":{"type":"Point","coordinates":[2.5406,48.9054]},"properties":{"id":"d2bbffaf-5d67-4a65-9772-097d8c0269d3","name":"France Inter","country":"France","countryCode":"FR","state":"France","category":"music","streamUrl":"http://direct.franceinter.fr/live/franceinter-hifi.aac","codec":"AAC","bitrate":192,"tags":""}},{"type":"Feature","geometry":{"type":"Point","coordinates":[36.7431,54.2953]},"properties":{"id":"9622cd46-0601-11e8-ae97-52543be04c81","name":"Europa Plus","country":"The Russian Federation","countryCode":"RU","state":"Moscow","category":"music","streamUrl":"http://ep256.hostingradio.ru:8052/europaplus256.mp3","codec":"MP3","bitrate":128,"tags":"dance, house, pop"}},{"type":"Feature","geometry":{"type":"Point","coordinates":[36.7741,54.5178]},"properties":{"id":"961c96ef-0601-11e8-ae97-52543be04c81","name":"ROCK FM","country":"The Russian Federation","countryCode":"RU","state":"Russia","category":"music","streamUrl":"http://nashe1.hostingradio.ru/rock-128.mp3","codec":"MP3","bitrate":128,"tags":"classic rock, pop rock, rock"}},{"type":"Feature","geometry":{"type":"Point","coordinates":[-76.7017,39.9162]},"properties":{"id":"c93f9c76-2ad4-464d-bff4-7f46e95f2601","name":"CLASSIC HITS RADIO 70 80 DiscoFunk ModernSoul Boogie","country":"The United States Of America","countryCode":"US","state":"United States","category":"music","streamUrl":"https://radiopanther.radiolebowski.com/play","codec":"AAC","bitrate":128,"tags":"1970s, 1980s, 70's, 70s, 70s disco, 80, 80's, 80s, classic hits"}},{"type":"Feature","geometry":{"type":"Point","coordinates":[35.7529,57.2111]},"properties":{"id":"63688c44-e90b-11e8-a471-52543be04c81","name":"РАДИО ВАНЯ","country":"The Russian Federation","countryCode":"RU","state":"Russia","category":"music","streamUrl":"https://icecast-radiovanya.cdnvideo.ru/radiovanya","codec":"AAC+","bitrate":64,"tags":"pop"}},{"type":"Feature","geometry":{"type":"Point","coordinates":[2.2522,49.4115]},"properties":{"id":"960c68f8-0601-11e8-ae97-52543be04c81","name":"RFI Monde","country":"France","countryCode":"FR","state":"Île-de-France","category":"news","streamUrl":"http://live02.rfi.fr/rfimonde-64.mp3","codec":"MP3","bitrate":64,"tags":"news, world music"}},{"type":"Feature","geometry":{"type":"Point","coordinates":[-0.7018,51.3121]},"properties":{"id":"96063f25-0601-11e8-ae97-52543be04c81","name":"Classic FM UK","country":"The United Kingdom Of Great Britain And Northern Ireland","countryCode":"GB","state":"London","category":"music","streamUrl":"http://ice-the.musicradio.com/ClassicFMMP3","codec":"MP3","bitrate":128,"tags":"classical"}},{"type":"Feature","geometry":{"type":"Point","coordinates":[-78.8623,37.6068]},"properties":{"id":"9627ddc0-0601-11e8-ae97-52543be04c81","name":"181.FM - Old School HipHop/RnB","country":"The United States Of America","countryCode":"US","state":"Virginia","category":"music","streamUrl":"http://listen.181fm.com/181-oldschool_128k.mp3","codec":"MP3","bitrate":128,"tags":"hiphop, oldschool, rnb, waynesboro"}},{"type":"Feature","geometry":{"type":"Point","coordinates":[-76.4891,40.5026]},"properties":{"id":"960ac54b-0601-11e8-ae97-52543be04c81","name":"Your Classical - Relax","country":"The United States Of America","countryCode":"US","state":"Minnesota","category":"music","streamUrl":"http://relax.stream.publicradio.org/relax.mp3","codec":"MP3","bitrate":128,"tags":"classical, relax"}},{"type":"Feature","geometry":{"type":"Point","coordinates":[36.4044,54.4969]},"properties":{"id":"165eab56-4a14-11e9-a4d7-52543be04c81","name":"DFM Дискач 90-х","country":"The Russian Federation","countryCode":"RU","state":"Moscow","category":"music","streamUrl":"https://dfm-disc90.hostingradio.ru/disc9096.aacp","codec":"AAC+","bitrate":96,"tags":"90-е, eurodance, nostalgia"}},{"type":"Feature","geometry":{"type":"Point","coordinates":[-75.4546,38.989]},"properties":{"id":"961d9b63-0601-11e8-ae97-52543be04c81","name":".977 Country","country":"The United States Of America","countryCode":"US","state":"Florida","category":"music","streamUrl":"http://15113.live.streamtheworld.com:3690/977_COUNTRY_SC","codec":"MP3","bitrate":128,"tags":"country"}},{"type":"Feature","geometry":{"type":"Point","coordinates":[20.9122,52.6851]},"properties":{"id":"960d9241-0601-11e8-ae97-52543be04c81","name":"RMF FM","country":"Poland","countryCode":"PL","state":"Krakow","category":"music","streamUrl":"http://195.150.20.9/RMFFM48","codec":"AAC+","bitrate":48,"tags":"pop"}},{"type":"Feature","geometry":{"type":"Point","coordinates":[2.8173,48.6029]},"properties":{"id":"6a1440b2-e6f0-11e9-a96c-52543be04c81","name":"France Culture","country":"France","countryCode":"FR","state":"France","category":"talk","streamUrl":"http://icecast.radiofrance.fr/franceculture-hifi.aac","codec":"AAC","bitrate":192,"tags":"aac, culture, public radio, radio france"}},{"type":"Feature","geometry":{"type":"Point","coordinates":[2.6113,48.5662]},"properties":{"id":"c2698fb7-f7ec-401d-904f-ef4284501bd9","name":"RFI-Afrique","country":"France","countryCode":"FR","state":"France","category":"news","streamUrl":"http://live02.rfi.fr/rfiafrique-96k.mp3","codec":"MP3","bitrate":96,"tags":"france médias monde, information, public radio, world news"}},{"type":"Feature","geometry":{"type":"Point","coordinates":[39.1842,54.1857]},"properties":{"id":"964fade0-0601-11e8-ae97-52543be04c81","name":"Ретро FM","country":"The Russian Federation","countryCode":"RU","state":"Moscow","category":"music","streamUrl":"http://retroserver.streamr.ru:8043/retro256.mp3","codec":"MP3","bitrate":128,"tags":"classic hits, moscow, music, pop, retro, russia, russian pop"}},{"type":"Feature","geometry":{"type":"Point","coordinates":[-78.5551,37.1569]},"properties":{"id":"961b7325-0601-11e8-ae97-52543be04c81","name":".977 80s","country":"The United States Of America","countryCode":"US","state":"Florida","category":"music","streamUrl":"http://26433.live.streamtheworld.com:3690/977_80_SC","codec":"MP3","bitrate":128,"tags":"80s"}},{"type":"Feature","geometry":{"type":"Point","coordinates":[38.6925,54.4015]},"properties":{"id":"960b9e98-0601-11e8-ae97-52543be04c81","name":"Вести ФМ (Vesti FM)","country":"The Russian Federation","countryCode":"RU","state":"Russia","category":"news","streamUrl":"http://icecast.vgtrk.cdnvideo.ru/vestifm_mp3_192kbps","codec":"MP3","bitrate":192,"tags":"news"}},{"type":"Feature","geometry":{"type":"Point","coordinates":[37.067,57.0075]},"properties":{"id":"0a364b59-56b6-11e9-aa33-52543be04c81","name":"Дорожное радио","country":"The Russian Federation","countryCode":"RU","state":"Saint-Petersburg","category":"music","streamUrl":"http://dorognoe.hostingradio.ru:8000/radio","codec":"MP3","bitrate":320,"tags":"dorojnoe"}},{"type":"Feature","geometry":{"type":"Point","coordinates":[36.8794,57.3718]},"properties":{"id":"964da270-0601-11e8-ae97-52543be04c81","name":"Радио Русские Песни","country":"The Russian Federation","countryCode":"RU","state":"Russia","category":"music","streamUrl":"http://listen.rusongs.ru/ru-mp3-128","codec":"MP3","bitrate":128,"tags":"russian pop"}},{"type":"Feature","geometry":{"type":"Point","coordinates":[38.7372,54.5878]},"properties":{"id":"563f5559-105c-11e9-a80b-52543be04c81","name":"DFM RUSSIAN DANCE","country":"The Russian Federation","countryCode":"RU","state":"Russia","category":"music","streamUrl":"https://dfm-dfmrusdance.hostingradio.ru/dfmrusdance96.aacp?0.9987259013359274","codec":"AAC+","bitrate":96,"tags":"dance"}},{"type":"Feature","geometry":{"type":"Point","coordinates":[-78.7451,40.3949]},"properties":{"id":"961d5c4e-0601-11e8-ae97-52543be04c81","name":".977 Hitz","country":"The United States Of America","countryCode":"US","state":"Florida","category":"music","streamUrl":"http://14833.live.streamtheworld.com/977_HITS_SC","codec":"MP3","bitrate":128,"tags":"hits, top 40"}},{"type":"Feature","geometry":{"type":"Point","coordinates":[2.6638,48.8244]},"properties":{"id":"d9fc29b8-b152-11e8-afe1-52543be04c81","name":"France Inter","country":"France","countryCode":"FR","state":"France","category":"music","streamUrl":"http://direct.franceinter.fr/live/franceinter-midfi.mp3","codec":"MP3","bitrate":128,"tags":""}},{"type":"Feature","geometry":{"type":"Point","coordinates":[2.0687,49.3709]},"properties":{"id":"01b61e49-18bd-486d-b0e1-cb51cbaf9a6d","name":"Skyrock","country":"France","countryCode":"FR","state":"France","category":"music","streamUrl":"http://icecast.skyrock.net/s/natio_mp3_128k","codec":"MP3","bitrate":128,"tags":"rap"}},{"type":"Feature","geometry":{"type":"Point","coordinates":[-77.3364,37.0076]},"properties":{"id":"961fa288-0601-11e8-ae97-52543be04c81","name":"Ambient Sleeping Pill","country":"The United States Of America","countryCode":"US","state":"Ohio","category":"music","streamUrl":"http://radio.stereoscenic.com/asp-h","codec":"MP3","bitrate":256,"tags":"ambient, meditation, sleep"}},{"type":"Feature","geometry":{"type":"Point","coordinates":[37.7389,56.6844]},"properties":{"id":"960de706-0601-11e8-ae97-52543be04c81","name":"Шансон Радио","country":"The Russian Federation","countryCode":"RU","state":"Russia","category":"music","streamUrl":"http://chanson.hostingradio.ru:8041/chanson128.mp3","codec":"MP3","bitrate":128,"tags":"chanson"}},{"type":"Feature","geometry":{"type":"Point","coordinates":[36.7335,55.3468]},"properties":{"id":"961e5274-0601-11e8-ae97-52543be04c81","name":"дорожное радио (Dorognoe Radio)","country":"The Russian Federation","countryCode":"RU","state":"Russia","category":"music","streamUrl":"http://dorognoe.hostingradio.ru:8000/dorognoe","codec":"MP3","bitrate":128,"tags":"moscow"}},{"type":"Feature","geometry":{"type":"Point","coordinates":[-78.6346,38.3208]},"properties":{"id":"961787d1-0601-11e8-ae97-52543be04c81","name":"Frisky","country":"The United States Of America","countryCode":"US","state":"New York","category":"music","streamUrl":"http://stream2.friskyradio.com/frisky_mp3_hi","codec":"MP3","bitrate":96,"tags":"electronic, frisky, new york city, progressive"}},{"type":"Feature","geometry":{"type":"Point","coordinates":[31.231226086165233,30.025342258617435]},"properties":{"id":"8e63e8b6-4e70-4bc0-9f5d-07e8477a4480","name":"إذاعة القرآن الكريم من القاهرة","country":"Egypt","countryCode":"EG","state":"Cairo","category":"music","streamUrl":"https://n12.radiojar.com/8s5u5tpdtwzuv?listening-from-radio-garden=1620219571863&rj-tok=AAABeTyl2zYARSWbLVnrEOlqGw&rj-ttl=5","codec":"MP3","bitrate":128,"tags":"اسلامي, دين"}},{"type":"Feature","geometry":{"type":"Point","coordinates":[0.0243,51.3301]},"properties":{"id":"9614bbb6-0601-11e8-ae97-52543be04c81","name":"LBC Radio","country":"The United Kingdom Of Great Britain And Northern Ireland","countryCode":"GB","state":"United Kingdom","category":"talk","streamUrl":"http://media-sov.musicradio.com/LBC973MP3Low","codec":"MP3","bitrate":48,"tags":"political talk"}},{"type":"Feature","geometry":{"type":"Point","coordinates":[21.1246,52.1445]},"properties":{"id":"59e30dda-64bf-11ea-be63-52543be04c81","name":"Radio Zet","country":"Poland","countryCode":"PL","state":"Poland","category":"music","streamUrl":"http://zet-net-01.cdn.eurozet.pl:8400/","codec":"MP3","bitrate":128,"tags":""}},{"type":"Feature","geometry":{"type":"Point","coordinates":[38.7982,55.5682]},"properties":{"id":"e3d8f94f-156e-11e9-a80b-52543be04c81","name":"Вести FM","country":"The Russian Federation","countryCode":"RU","state":"Moscow","category":"news","streamUrl":"http://icecast.vgtrk.cdnvideo.ru/vestifm","codec":"MP3","bitrate":320,"tags":"news, talk"}},{"type":"Feature","geometry":{"type":"Point","coordinates":[-73.97538,40.75166]},"properties":{"id":"6ce8da92-859f-4f96-a5e4-503c1ddfbfbf","name":"Classic Vinyl HD Opus","country":"The United States Of America","countryCode":"US","state":"New York NY","category":"music","streamUrl":"https://icecast.walmradio.com:8443/classic_opus","codec":"OGG","bitrate":192,"tags":"1930, 1940, 1950, 1960, beautiful music, big band, classic hits, crooners, easy, easy listening"}},{"type":"Feature","geometry":{"type":"Point","coordinates":[38.387,55.8283]},"properties":{"id":"e23a948f-b571-49be-85a2-4f6df822fc00","name":"Европа плюс","country":"The Russian Federation","countryCode":"RU","state":"Russia","category":"music","streamUrl":"http://ep128server.streamr.ru:8030/ep128","codec":"MP3","bitrate":128,"tags":"поп"}},{"type":"Feature","geometry":{"type":"Point","coordinates":[4.16072,52.00352]},"properties":{"id":"af6f51b1-0ca9-11ea-a87e-52543be04c81","name":"Intense Radio - We love Dance 256K","country":"The Netherlands","countryCode":"NL","state":"Burgenland","category":"music","streamUrl":"https://secure.live-streams.nl/main","codec":"MP3","bitrate":256,"tags":"clubhouse, dance, electronic, house, melodic, techno, trance"}},{"type":"Feature","geometry":{"type":"Point","coordinates":[-78.9171,39.7552]},"properties":{"id":"204b0d57-2c17-11e8-91bf-52543be04c81","name":"Rockabilly-radio.net","country":"The United States Of America","countryCode":"US","state":"United States","category":"music","streamUrl":"http://lin3.ash.fast-serv.com:6026/stream_96","codec":"MP3","bitrate":128,"tags":"rockabilly"}},{"type":"Feature","geometry":{"type":"Point","coordinates":[2.7314,48.5581]},"properties":{"id":"96136fe5-0601-11e8-ae97-52543be04c81","name":"Jazz Radio","country":"France","countryCode":"FR","state":"France","category":"music","streamUrl":"http://jazzradio.ice.infomaniak.ch/jazzradio-high.mp3","codec":"MP3","bitrate":192,"tags":"jazz, soul"}},{"type":"Feature","geometry":{"type":"Point","coordinates":[-121.286316,37.809784]},"properties":{"id":"960cf833-0601-11e8-ae97-52543be04c81","name":"SomaFM Groove Salad (128k MP3)","country":"The United States Of America","countryCode":"US","state":"California","category":"music","streamUrl":"https://ice2.somafm.com/groovesalad-128-mp3","codec":"MP3","bitrate":128,"tags":"ambient, chillout, downtempo, groove, lounge, sleep"}},{"type":"Feature","geometry":{"type":"Point","coordinates":[30.5256,50.0998]},"properties":{"id":"1f900b9a-ea3b-4eac-9505-1df5bef175be","name":"Люкс FМ 103.1","country":"Ukraine","countryCode":"UA","state":"Kyiv","category":"music","streamUrl":"http://lux.radio.tvstitch.com/kyiv/lux_adv_sd","codec":"AAC","bitrate":128,"tags":"music"}},{"type":"Feature","geometry":{"type":"Point","coordinates":[36.5653,54.2037]},"properties":{"id":"b3c3ac25-ea2c-4865-8444-7ba9a71960f8","name":"Radio Record - Russian Mix","country":"The Russian Federation","countryCode":"RU","state":"Russia","category":"music","streamUrl":"https://radiorecord.hostingradio.ru/rus96.aacp","codec":"AAC","bitrate":128,"tags":""}},{"type":"Feature","geometry":{"type":"Point","coordinates":[30.6123,49.8561]},"properties":{"id":"bd9c1301-562d-451f-94bf-6a76e3bb898e","name":"Kiss FM 106.5","country":"Ukraine","countryCode":"UA","state":"Kyiv","category":"music","streamUrl":"http://online.kissfm.ua/KissFM","codec":"MP3","bitrate":128,"tags":"music"}},{"type":"Feature","geometry":{"type":"Point","coordinates":[-0.5439,51.7525]},"properties":{"id":"9606ceae-0601-11e8-ae97-52543be04c81","name":"Radio Caroline","country":"The United Kingdom Of Great Britain And Northern Ireland","countryCode":"GB","state":"United Kingdom","category":"music","streamUrl":"http://78.129.202.200:8040/;","codec":"MP3","bitrate":128,"tags":"country, pop, rock"}},{"type":"Feature","geometry":{"type":"Point","coordinates":[35.9702,56.8612]},"properties":{"id":"962a1abd-0601-11e8-ae97-52543be04c81","name":"Радио «Комсомольская Правда» | КП Россия","country":"The Russian Federation","countryCode":"RU","state":"Moscow","category":"news","streamUrl":"http://kpradio.hostingradio.ru:8000/russia.radiokp128.mp3","codec":"MP3","bitrate":128,"tags":"moscow, music, news, russia, talk"}},{"type":"Feature","geometry":{"type":"Point","coordinates":[36.9138,57.0476]},"properties":{"id":"960b1967-0601-11e8-ae97-52543be04c81","name":"Nashe Radio","country":"The Russian Federation","countryCode":"RU","state":"Russia","category":"music","streamUrl":"http://nashe1.hostingradio.ru/nashe-128.mp3","codec":"MP3","bitrate":128,"tags":"live air"}},{"type":"Feature","geometry":{"type":"Point","coordinates":[-77.73,40.8113]},"properties":{"id":"961dbb40-0601-11e8-ae97-52543be04c81","name":".977 The Mix","country":"The United States Of America","countryCode":"US","state":"Florida","category":"music","streamUrl":"http://24293.live.streamtheworld.com/977_MIX_SC","codec":"MP3","bitrate":128,"tags":"80s, 90s, hits, today"}},{"type":"Feature","geometry":{"type":"Point","coordinates":[37.3265,56.7831]},"properties":{"id":"9ecb2533-eee0-11e9-a96c-52543be04c81","name":"Русский Рок - Russian Rock","country":"The Russian Federation","countryCode":"RU","state":"Moscow","category":"music","streamUrl":"http://rock.volna.top/RusRock","codec":"MP3","bitrate":128,"tags":"amg, rock, russian"}},{"type":"Feature","geometry":{"type":"Point","coordinates":[-3.5888,40.0275]},"properties":{"id":"960c37c6-0601-11e8-ae97-52543be04c81","name":"Cadena 100","country":"Spain","countryCode":"ES","state":"Spain","category":"music","streamUrl":"http://cadena100-streamers-mp3.flumotion.com/cope/cadena100.mp3","codec":"MP3","bitrate":128,"tags":"music"}},{"type":"Feature","geometry":{"type":"Point","coordinates":[2.046,48.529]},"properties":{"id":"932eb148-e6f6-11e9-a96c-52543be04c81","name":"FIP","country":"France","countryCode":"FR","state":"France","category":"music","streamUrl":"http://icecast.radiofrance.fr/fip-hifi.aac","codec":"AAC","bitrate":192,"tags":"aac, music, public radio, radio france"}},{"type":"Feature","geometry":{"type":"Point","coordinates":[2.8599,48.6332]},"properties":{"id":"60ceaabd-4efd-4f47-b961-0dab6f475731","name":"EuroDance 90 radio","country":"France","countryCode":"FR","state":"France","category":"music","streamUrl":"https://stream-eurodance90.fr/radio/8000/128.mp3?1627933323","codec":"MP3","bitrate":128,"tags":"dancefloor, electronic dance music, eurodance, pop dance, pop music"}},{"type":"Feature","geometry":{"type":"Point","coordinates":[12.3532,42.1308]},"properties":{"id":"96185693-0601-11e8-ae97-52543be04c81","name":"Rai Radio 1","country":"Italy","countryCode":"IT","state":"Lazio","category":"news","streamUrl":"http://icestreaming.rai.it/1.mp3","codec":"MP3","bitrate":256,"tags":"news, public radio, rai"}},{"type":"Feature","geometry":{"type":"Point","coordinates":[38.9769,55.2788]},"properties":{"id":"9614aa8d-0601-11e8-ae97-52543be04c81","name":"Радио Маяк (Radio Mayak)","country":"The Russian Federation","countryCode":"RU","state":"Russia","category":"news","streamUrl":"http://icecast.vgtrk.cdnvideo.ru/mayakfm_mp3_192kbps","codec":"MP3","bitrate":192,"tags":"music, news, talk"}},{"type":"Feature","geometry":{"type":"Point","coordinates":[76.7309,28.5696]},"properties":{"id":"e928bf7b-7de2-4447-87ec-369d1be1b9f5","name":"Bollywood Gaane Purane","country":"India","countryCode":"IN","state":"India","category":"music","streamUrl":"https://stream.zeno.fm/6n6ewddtad0uv","codec":"MP3","bitrate":128,"tags":""}},{"type":"Feature","geometry":{"type":"Point","coordinates":[77.3765,28.5802]},"properties":{"id":"273c4a22-5a4a-11e8-b0ce-52543be04c81","name":"Fnf.Fm Hindi","country":"India","countryCode":"IN","state":"India","category":"music","streamUrl":"http://192.99.8.192:5032/;stream","codec":"MP3","bitrate":64,"tags":"bollywood"}},{"type":"Feature","geometry":{"type":"Point","coordinates":[-78.0779,37.8895]},"properties":{"id":"96274cbb-0601-11e8-ae97-52543be04c81","name":"Big R Radio - 80s Metal FM","country":"The United States Of America","countryCode":"US","state":"Washington","category":"music","streamUrl":"http://bigrradio.cdnstream1.com/5186_128","codec":"MP3","bitrate":128,"tags":"80s, aor, glam metal, hair metal, hard rock, heavy metal, metal"}},{"type":"Feature","geometry":{"type":"Point","coordinates":[0.2272,52.0024]},"properties":{"id":"96200095-0601-11e8-ae97-52543be04c81","name":"Capital FM London","country":"The United Kingdom Of Great Britain And Northern Ireland","countryCode":"GB","state":"London","category":"music","streamUrl":"http://media-ice.musicradio.com/CapitalMP3","codec":"MP3","bitrate":128,"tags":"pop"}},{"type":"Feature","geometry":{"type":"Point","coordinates":[30.0175,50.0532]},"properties":{"id":"94f5bf2e-641d-11e8-b15b-52543be04c81","name":"Радио НВ","country":"Ukraine","countryCode":"UA","state":"Kiev","category":"news","streamUrl":"http://91.218.212.84:8000/radionv.mp3","codec":"MP3","bitrate":128,"tags":"news, politics"}},{"type":"Feature","geometry":{"type":"Point","coordinates":[38.3215,57.3922]},"properties":{"id":"960faade-0601-11e8-ae97-52543be04c81","name":"Ретро FM 70e","country":"The Russian Federation","countryCode":"RU","state":"Moscow","category":"music","streamUrl":"http://retro70.hostingradio.ru:8025/retro70-128.mp3","codec":"MP3","bitrate":128,"tags":"70s"}},{"type":"Feature","geometry":{"type":"Point","coordinates":[12.7897,42.0234]},"properties":{"id":"9619f126-0601-11e8-ae97-52543be04c81","name":"Virgin Radio Classic Rock","country":"Italy","countryCode":"IT","state":"Lombardia","category":"music","streamUrl":"http://icy.unitedradio.it/VirginRockClassics.mp3","codec":"MP3","bitrate":128,"tags":"classic rock, mediaset"}},{"type":"Feature","geometry":{"type":"Point","coordinates":[-3.1954,40.7468]},"properties":{"id":"960e4940-0601-11e8-ae97-52543be04c81","name":"Ibiza Global Radio","country":"Spain","countryCode":"ES","state":"Ibiza","category":"music","streamUrl":"http://ibizaglobalradio.streaming-pro.com:8024/","codec":"MP3","bitrate":128,"tags":"dance, electronic, house"}},{"type":"Feature","geometry":{"type":"Point","coordinates":[37.3474,55.5233]},"properties":{"id":"9643f966-0601-11e8-ae97-52543be04c81","name":"Радио Шансон - Radio Shanson","country":"The Russian Federation","countryCode":"RU","state":"Moscow","category":"music","streamUrl":"http://chanson.hostingradio.ru:8041/chanson256.mp3","codec":"MP3","bitrate":256,"tags":"pop"}},{"type":"Feature","geometry":{"type":"Point","coordinates":[30.0002,50.5194]},"properties":{"id":"8e315430-4a60-4274-a9cd-2fe4462957b2","name":"Хіт FM Сучасні хіти","country":"Ukraine","countryCode":"UA","state":"Ukraine","category":"music","streamUrl":"http://online.hitfm.ua/HitFM_Top","codec":"MP3","bitrate":128,"tags":"pop"}},{"type":"Feature","geometry":{"type":"Point","coordinates":[-121.286316,37.809784]},"properties":{"id":"960c7c81-0601-11e8-ae97-52543be04c81","name":"SomaFM Secret Agent (128k MP3)","country":"The United States Of America","countryCode":"US","state":"California","category":"music","streamUrl":"https://ice5.somafm.com/secretagent-128-mp3","codec":"MP3","bitrate":128,"tags":"ambient, downtempo, jazz, lounge, samba, sixties"}},{"type":"Feature","geometry":{"type":"Point","coordinates":[0.1046,51.9342]},"properties":{"id":"c4077677-dc2f-11e9-a8ba-52543be04c81","name":"Heart 80s","country":"The United Kingdom Of Great Britain And Northern Ireland","countryCode":"GB","state":"United Kingdom","category":"music","streamUrl":"https://media-ssl.musicradio.com/Heart80sMP3","codec":"MP3","bitrate":128,"tags":"80s, national, pop, public radio, variety"}},{"type":"Feature","geometry":{"type":"Point","coordinates":[12.9433,42.0113]},"properties":{"id":"986c5985-41d7-11ea-a95e-52543be04c81","name":"Radio 24 il sole 24 ore","country":"Italy","countryCode":"IT","state":"Italy","category":"news","streamUrl":"http://shoutcast2.radio24.it:8000/;","codec":"MP3","bitrate":64,"tags":"news talk"}},{"type":"Feature","geometry":{"type":"Point","coordinates":[2.6552,48.3405]},"properties":{"id":"9614204b-0601-11e8-ae97-52543be04c81","name":"100% Radio 80","country":"France","countryCode":"FR","state":"France","category":"music","streamUrl":"http://100radio-80.ice.infomaniak.ch/100radio-80-128.mp3","codec":"MP3","bitrate":128,"tags":"80s"}},{"type":"Feature","geometry":{"type":"Point","coordinates":[-78.2256,40.3524]},"properties":{"id":"96336b01-0601-11e8-ae97-52543be04c81","name":"Hard Rock Heaven","country":"The United States Of America","countryCode":"US","state":"Kansas","category":"music","streamUrl":"http://hydra.cdnstream.com/1521_128","codec":"MP3","bitrate":128,"tags":"80s, glam metal, hair metal, hard rock, heavy metal, overland park"}},{"type":"Feature","geometry":{"type":"Point","coordinates":[0.2523,51.562]},"properties":{"id":"9608ade8-0601-11e8-ae97-52543be04c81","name":"Heart London 106.2 [MP3]","country":"The United Kingdom Of Great Britain And Northern Ireland","countryCode":"GB","state":"London","category":"music","streamUrl":"http://ice-sov.musicradio.com/HeartLondonMP3","codec":"MP3","bitrate":128,"tags":"commercial, hot adult contemporary, london"}},{"type":"Feature","geometry":{"type":"Point","coordinates":[-3.7353515625,40.41182296033974]},"properties":{"id":"b81c57c3-eb05-47ac-a0ea-eb01a6960cc4","name":"LOS 40 Principales España","country":"Spain","countryCode":"ES","state":"Spain","category":"music","streamUrl":"https://playerservices.streamtheworld.com/api/livestream-redirect/Los40.mp3","codec":"MP3","bitrate":128,"tags":"music, pop, top 40"}},{"type":"Feature","geometry":{"type":"Point","coordinates":[0.3819,51.5526]},"properties":{"id":"6efe216d-bf7e-11e9-8502-52543be04c81","name":"LBC UK","country":"The United Kingdom Of Great Britain And Northern Ireland","countryCode":"GB","state":"United Kingdom","category":"news","streamUrl":"http://media-ice.musicradio.com/LBCUK","codec":"AAC","bitrate":48,"tags":"news talk, talk"}},{"type":"Feature","geometry":{"type":"Point","coordinates":[12.7193,41.6755]},"properties":{"id":"9619ea14-0601-11e8-ae97-52543be04c81","name":"Radio 105 Network","country":"Italy","countryCode":"IT","state":"Lombardia","category":"music","streamUrl":"http://icecast.unitedradio.it/Radio105.mp3","codec":"MP3","bitrate":128,"tags":"hits, mediaset, pop, top 40"}},{"type":"Feature","geometry":{"type":"Point","coordinates":[13.5794,52.2858]},"properties":{"id":"960cca40-0601-11e8-ae97-52543be04c81","name":"Rock Antenne - Heavy Metal","country":"Germany","countryCode":"DE","state":"Bavaria","category":"music","streamUrl":"http://mp3channels.webradio.rockantenne.de/heavy-metal","codec":"MP3","bitrate":128,"tags":"heavy metal, metal"}},{"type":"Feature","geometry":{"type":"Point","coordinates":[-45.3467,-24.9818]},"properties":{"id":"963fa65f-0601-11e8-ae97-52543be04c81","name":"Antena 1 São Paulo, SP (ZYD823 94,7 MHz FM) [aac]","country":"Brazil","countryCode":"BR","state":"São Paulo","category":"music","streamUrl":"http://antena1.newradio.it/stream?ext=.mp3","codec":"AAC+","bitrate":96,"tags":"adult contemporary, jazz, pop, smooth jazz"}},{"type":"Feature","geometry":{"type":"Point","coordinates":[30.412,50.4435]},"properties":{"id":"94256dfa-f568-4954-87c7-7f446cf35c0e","name":"Radio ROKS Ballads","country":"Ukraine","countryCode":"UA","state":"Ukraine","category":"music","streamUrl":"http://online.radioroks.ua/RadioROKS_Ballads_HD","codec":"MP3","bitrate":320,"tags":"classic rock, rock"}},{"type":"Feature","geometry":{"type":"Point","coordinates":[-77.3169,37.1881]},"properties":{"id":"9627dcf4-0601-11e8-ae97-52543be04c81","name":"181.FM - The Beat (HipHop/R&B)","country":"The United States Of America","countryCode":"US","state":"Virginia","category":"music","streamUrl":"http://listen.181fm.com/181-beat_128k.mp3","codec":"MP3","bitrate":128,"tags":"hiphop, rnb, urban, waynesboro"}},{"type":"Feature","geometry":{"type":"Point","coordinates":[13.787,52.9432]},"properties":{"id":"9606f727-0601-11e8-ae97-52543be04c81","name":"1LIVE","country":"Germany","countryCode":"DE","state":"North Rhine-Westphalia","category":"music","streamUrl":"http://wdr-1live-live.icecast.wdr.de/wdr/1live/live/mp3/128/stream.mp3","codec":"MP3","bitrate":128,"tags":"ard, public radio, rock, top 40, wdr"}},{"type":"Feature","geometry":{"type":"Point","coordinates":[36.0006,57.6649]},"properties":{"id":"961662de-0601-11e8-ae97-52543be04c81","name":"Ретро ФМ","country":"The Russian Federation","countryCode":"RU","state":"Russia","category":"music","streamUrl":"http://retroserver.streamr.ru:8043/retro128","codec":"MP3","bitrate":128,"tags":""}},{"type":"Feature","geometry":{"type":"Point","coordinates":[76.8847,28.6928]},"properties":{"id":"0e54935f-bdef-4c90-9e76-0be87465a8f2","name":"MY RADIO DJ","country":"India","countryCode":"IN","state":"Kolkata","category":"music","streamUrl":"http://stream.zeno.fm/84h97t3ewg0uv","codec":"MP3","bitrate":128,"tags":""}},{"type":"Feature","geometry":{"type":"Point","coordinates":[-3.5956,40.4734]},"properties":{"id":"caaa4c5a-16c8-11e9-a80b-52543be04c81","name":"Chocolate FM","country":"Spain","countryCode":"ES","state":"Málaga","category":"music","streamUrl":"http://streaming5.elitecomunicacion.es:8082/live.mp3","codec":"MP3","bitrate":192,"tags":"chr, dance, español, latin, latin music, latino, pop, pop latino, reggaeton, top 40"}},{"type":"Feature","geometry":{"type":"Point","coordinates":[35.7007,57.1433]},"properties":{"id":"033fe547-b71c-4ea0-8274-e6522444629c","name":"Русское Радио","country":"The Russian Federation","countryCode":"RU","state":"Russia","category":"music","streamUrl":"https://rusradio.hostingradio.ru/rusradio96.aacp","codec":"AAC","bitrate":128,"tags":"misc"}},{"type":"Feature","geometry":{"type":"Point","coordinates":[2.8977,48.3631]},"properties":{"id":"960ebcf5-0601-11e8-ae97-52543be04c81","name":"La Grosse Radio Reggae","country":"France","countryCode":"FR","state":"France","category":"music","streamUrl":"http://hd.lagrosseradio.info/lagrosseradio-reggae-192.mp3","codec":"MP3","bitrate":192,"tags":"music, reggae"}},{"type":"Feature","geometry":{"type":"Point","coordinates":[2.894,48.991]},"properties":{"id":"960a0f41-0601-11e8-ae97-52543be04c81","name":"Radio Meuh","country":"France","countryCode":"FR","state":"France","category":"music","streamUrl":"http://radiomeuh.ice.infomaniak.ch/radiomeuh-128.mp3","codec":"MP3","bitrate":128,"tags":"electronic, funk, music"}},{"type":"Feature","geometry":{"type":"Point","coordinates":[1.9318,48.5462]},"properties":{"id":"963fb390-0601-11e8-ae97-52543be04c81","name":"Radio Nova","country":"France","countryCode":"FR","state":"France","category":"music","streamUrl":"http://novazz.ice.infomaniak.ch/novazz-128.mp3","codec":"MP3","bitrate":128,"tags":"alternative, pop, world music"}},{"type":"Feature","geometry":{"type":"Point","coordinates":[-3.5262,39.8682]},"properties":{"id":"692a3b69-0f68-11ea-a87e-52543be04c81","name":"Cadena SER España","country":"Spain","countryCode":"ES","state":"Spain","category":"news","streamUrl":"http://playerservices.streamtheworld.com/api/livestream-redirect/CADENASER.mp3","codec":"MP3","bitrate":128,"tags":"cultural news, live, news, news talk, spanish, sports news"}},{"type":"Feature","geometry":{"type":"Point","coordinates":[39.2861,55.3045]},"properties":{"id":"961799c0-0601-11e8-ae97-52543be04c81","name":"Спокойное радио","country":"The Russian Federation","countryCode":"RU","state":"Moscow","category":"music","streamUrl":"https://listen1.myradio24.com/6262","codec":"MP3","bitrate":320,"tags":"ambient, chillout, easy listening, jazz, lounge, moscow, relax, sounds of nature"}},{"type":"Feature","geometry":{"type":"Point","coordinates":[12.5885,42.2753]},"properties":{"id":"96181819-0601-11e8-ae97-52543be04c81","name":"Rai Radio 2","country":"Italy","countryCode":"IT","state":"Lazio","category":"music","streamUrl":"http://icestreaming.rai.it/2.mp3","codec":"MP3","bitrate":256,"tags":"public radio, rai"}},{"type":"Feature","geometry":{"type":"Point","coordinates":[-78.904,38.9805]},"properties":{"id":"7ba4c184-fc2b-11e9-bbf2-52543be04c81","name":"NPR 24 Hour Program Stream","country":"The United States Of America","countryCode":"US","state":"United States","category":"news","streamUrl":"https://npr-ice.streamguys1.com/live.mp3","codec":"MP3","bitrate":96,"tags":"news, news talk, political talk, politics, public radio, talk"}},{"type":"Feature","geometry":{"type":"Point","coordinates":[12.8822,52.8704]},"properties":{"id":"962dc110-0601-11e8-ae97-52543be04c81","name":"80s80s","country":"Germany","countryCode":"DE","state":"Schleswig-Holstein","category":"music","streamUrl":"http://streams.80s80s.de/web/mp3-192/streams.80s80s.de/","codec":"MP3","bitrate":128,"tags":"80s"}},{"type":"Feature","geometry":{"type":"Point","coordinates":[-77.6657,40.5822]},"properties":{"id":"9609ed67-0601-11e8-ae97-52543be04c81","name":"Cryosleep","country":"The United States Of America","countryCode":"US","state":"United States","category":"music","streamUrl":"http://streams.echoesofbluemars.org:8000/cryosleep","codec":"MP3","bitrate":128,"tags":"ambient, calm, music, nobeat, sleep, space"}},{"type":"Feature","geometry":{"type":"Point","coordinates":[-76.5209,40.0338]},"properties":{"id":"7ab5fcfc-46ed-40be-9c47-27da8f8ef56c","name":"LOVE RADIO Only Love Songs 70s80s90s - www.love.radio","country":"The United States Of America","countryCode":"US","state":"New York NY","category":"music","streamUrl":"http://shoutcast3.streamingmedia.it:3162/","codec":"AAC+","bitrate":192,"tags":"70s, 80s, 90s, easy listening, love songs, romantic"}},{"type":"Feature","geometry":{"type":"Point","coordinates":[33.1395,40.1939]},"properties":{"id":"96201b3d-0601-11e8-ae97-52543be04c81","name":"Arabesk FM","country":"Türkiye","countryCode":"TR","state":"Turkey","category":"music","streamUrl":"http://yayin.arabeskfm.biz:8042/","codec":"AAC+","bitrate":64,"tags":"müzik, türkçe"}},{"type":"Feature","geometry":{"type":"Point","coordinates":[-121.286316,37.809784]},"properties":{"id":"9614b5e5-0601-11e8-ae97-52543be04c81","name":"SomaFM Underground 80s (128k MP3)","country":"The United States Of America","countryCode":"US","state":"California","category":"music","streamUrl":"https://ice2.somafm.com/u80s-128-mp3","codec":"MP3","bitrate":128,"tags":"80s, new wave, uk synthpop"}},{"type":"Feature","geometry":{"type":"Point","coordinates":[-76.9439,37.0191]},"properties":{"id":"961a4cdd-0601-11e8-ae97-52543be04c81","name":"Infowars","country":"The United States Of America","countryCode":"US","state":"Texas","category":"news","streamUrl":"http://stream-mp3.infowars.com/","codec":"MP3","bitrate":64,"tags":"conspiracies, conspiracy theories, information, news, survivalism, talk"}},{"type":"Feature","geometry":{"type":"Point","coordinates":[2.2157,48.7688]},"properties":{"id":"96136071-0601-11e8-ae97-52543be04c81","name":"Jazz Radio Classic Jazz","country":"France","countryCode":"FR","state":"France","category":"music","streamUrl":"http://jazz-wr01.ice.infomaniak.ch/jazz-wr01-128.mp3","codec":"MP3","bitrate":128,"tags":"classical, jazz"}},{"type":"Feature","geometry":{"type":"Point","coordinates":[77.1046,28.7085]},"properties":{"id":"2067334b-59e7-11e8-b0ce-52543be04c81","name":"Radio BollyFm","country":"India","countryCode":"IN","state":"West Bengal","category":"music","streamUrl":"http://stream.radiobollyfm.in:8201/hd?t=1526570335","codec":"MP3","bitrate":128,"tags":""}},{"type":"Feature","geometry":{"type":"Point","coordinates":[13.8347,52.3556]},"properties":{"id":"9637a1b2-0601-11e8-ae97-52543be04c81","name":"90s90s Hits","country":"Germany","countryCode":"DE","state":"Schleswig-Holstein","category":"music","streamUrl":"http://streams.90s90s.de/pop/mp3-192/streams.90s90s.de/","codec":"MP3","bitrate":128,"tags":"90s, hits, pop"}},{"type":"Feature","geometry":{"type":"Point","coordinates":[12.6243,41.4886]},"properties":{"id":"9628632e-0601-11e8-ae97-52543be04c81","name":"Radio Stereocittà","country":"Italy","countryCode":"IT","state":"Veneto","category":"music","streamUrl":"http://onair11.xdevel.com:8134/;stream.mp3","codec":"AAC+","bitrate":96,"tags":"dance, padova"}},{"type":"Feature","geometry":{"type":"Point","coordinates":[21.534,52.6756]},"properties":{"id":"9617d67b-0601-11e8-ae97-52543be04c81","name":"Antyradio","country":"Poland","countryCode":"PL","state":"Poland","category":"music","streamUrl":"https://n-4-2.dcs.redcdn.pl/sc/o2/Eurozet/live/antyradio.livx?audio=5","codec":"MP3","bitrate":128,"tags":"metal, rock"}},{"type":"Feature","geometry":{"type":"Point","coordinates":[7.5155,47.3303]},"properties":{"id":"961ac56b-0601-11e8-ae97-52543be04c81","name":"Radio Swiss Jazz","country":"Switzerland","countryCode":"CH","state":"Bern","category":"music","streamUrl":"http://stream.srg-ssr.ch/m/rsj/mp3_128","codec":"MP3","bitrate":128,"tags":"jazz, public radio, srg ssr"}},{"type":"Feature","geometry":{"type":"Point","coordinates":[-3.611,40.4522]},"properties":{"id":"1fdc8bd2-a8a9-11e8-a907-52543be04c81","name":"1000 HITS 80s","country":"Spain","countryCode":"ES","state":"Madrid","category":"music","streamUrl":"http://c2.auracast.net:8048/stream","codec":"MP3","bitrate":128,"tags":"70s, 80s, 90s, italo, italo dance, italo disco, oldies"}},{"type":"Feature","geometry":{"type":"Point","coordinates":[-0.4036,51.7134]},"properties":{"id":"962b27a3-0601-11e8-ae97-52543be04c81","name":"Smooth Radio","country":"The United Kingdom Of Great Britain And Northern Ireland","countryCode":"GB","state":"Nottinghamshire","category":"music","streamUrl":"http://media-the.musicradio.com/SmoothEastMids","codec":"AAC","bitrate":48,"tags":"easy listening, smooth, soft music"}},{"type":"Feature","geometry":{"type":"Point","coordinates":[37.6344,57.566]},"properties":{"id":"996ea893-621d-11e9-a622-52543be04c81","name":"Наше Радио","country":"The Russian Federation","countryCode":"RU","state":"Russia","category":"music","streamUrl":"http://nashe.streamr.ru/nashe-128.mp3","codec":"MP3","bitrate":128,"tags":"рок, этно"}},{"type":"Feature","geometry":{"type":"Point","coordinates":[77.4045,28.7351]},"properties":{"id":"33fcdf94-5605-49bb-8e34-206f38c335dc","name":"Goldy Evergreen","country":"India","countryCode":"IN","state":"India","category":"music","streamUrl":"https://stream.zeno.fm/n2fd0edh9k8uv","codec":"AAC","bitrate":128,"tags":""}},{"type":"Feature","geometry":{"type":"Point","coordinates":[13.1018,51.9424]},"properties":{"id":"962c0376-0601-11e8-ae97-52543be04c81","name":"Sunshine Live - Die 90er","country":"Germany","countryCode":"DE","state":"Baden-Württemberg","category":"music","streamUrl":"http://stream.sunshine-live.de/90er/mp3-192/stream.sunshine-live.de","codec":"MP3","bitrate":128,"tags":"90s, dance, electronica, eurodance"}},{"type":"Feature","geometry":{"type":"Point","coordinates":[1.9032,49.0823]},"properties":{"id":"9609743b-0601-11e8-ae97-52543be04c81","name":"Chante France","country":"France","countryCode":"FR","state":"France","category":"music","streamUrl":"http://stream.chantefrance.com/Chante_France","codec":"MP3","bitrate":128,"tags":""}},{"type":"Feature","geometry":{"type":"Point","coordinates":[12.8996,51.9534]},"properties":{"id":"85c799b3-d91f-4f60-b91a-723e4a04acf5","name":"90s90s HipHop & Rap","country":"Germany","countryCode":"DE","state":"Germany","category":"music","streamUrl":"http://streams.90s90s.de/hiphop/mp3-192/streams.90s90s.de/","codec":"MP3","bitrate":128,"tags":"hiphop, rap"}},{"type":"Feature","geometry":{"type":"Point","coordinates":[2.8816,48.6105]},"properties":{"id":"188c36ae-f1ef-4b5c-8587-f29c216bfaa2","name":"Sud Radio","country":"France","countryCode":"FR","state":"France","category":"news","streamUrl":"https://ice.creacast.com/sudradio","codec":"MP3","bitrate":128,"tags":"conservative, info, mp3, news, talk"}},{"type":"Feature","geometry":{"type":"Point","coordinates":[13.5387,52.7146]},"properties":{"id":"960594a6-0601-11e8-ae97-52543be04c81","name":"Rock Antenne","country":"Germany","countryCode":"DE","state":"Bavaria","category":"music","streamUrl":"http://mp3channels.webradio.rockantenne.de/rockantenne","codec":"MP3","bitrate":128,"tags":"rock"}},{"type":"Feature","geometry":{"type":"Point","coordinates":[-75.2359,40.0203]},"properties":{"id":"f4bfa5d0-a403-11e8-abb8-52543be04c81","name":"The Big 80s Station","country":"The United States Of America","countryCode":"US","state":"New York","category":"music","streamUrl":"http://158.69.114.190:8065/;","codec":"MP3","bitrate":128,"tags":"80s"}},{"type":"Feature","geometry":{"type":"Point","coordinates":[-78.2538,40.0687]},"properties":{"id":"960cc332-0601-11e8-ae97-52543be04c81","name":"Bassdrive","country":"The United States Of America","countryCode":"US","state":"United States","category":"music","streamUrl":"http://ice.bassdrive.net/stream","codec":"MP3","bitrate":128,"tags":"drum and bass"}},{"type":"Feature","geometry":{"type":"Point","coordinates":[10.235862,46.332278]},"properties":{"id":"83dcfac4-b3c3-4731-afc1-a80dd271dffa","name":"Radio Armisa","country":"Italy","countryCode":"IT","state":"","category":"music","streamUrl":"https://onair.armisa.it/listen/armisa/radio.mp3","codec":"MP3","bitrate":128,"tags":"anni 80, anni 90, balera, dance, folk, italiana, liscio, oldies, pop, popolare"}},{"type":"Feature","geometry":{"type":"Point","coordinates":[-3.6297,40.3796]},"properties":{"id":"9649dec5-0601-11e8-ae97-52543be04c81","name":"Rock FM","country":"Spain","countryCode":"ES","state":"Spain","category":"music","streamUrl":"http://flucast-rb04-03.flumotion.com/cope/rockfm-low.mp3","codec":"MP3","bitrate":96,"tags":""}},{"type":"Feature","geometry":{"type":"Point","coordinates":[-121.286316,37.809784]},"properties":{"id":"960d3f6f-0601-11e8-ae97-52543be04c81","name":"SomaFM Space Station Soma (128k AAC)","country":"The United States Of America","countryCode":"US","state":"California","category":"music","streamUrl":"https://ice6.somafm.com/spacestation-128-aac","codec":"AAC","bitrate":128,"tags":"ambient, electronica, mid-tempo"}},{"type":"Feature","geometry":{"type":"Point","coordinates":[12.8149,52.2783]},"properties":{"id":"9605edb3-0601-11e8-ae97-52543be04c81","name":"WDR 5","country":"Germany","countryCode":"DE","state":"North Rhine-Westphalia","category":"news","streamUrl":"http://wdr-wdr5-live.icecast.wdr.de/wdr/wdr5/live/mp3/128/stream.mp3","codec":"MP3","bitrate":128,"tags":"information, news, news talk, political talk, talk"}},{"type":"Feature","geometry":{"type":"Point","coordinates":[-76.2853,40.6967]},"properties":{"id":"8f6646dc-222a-4cbf-9f48-4bd60fea4493","name":"NBC News Radio","country":"The United States Of America","countryCode":"US","state":" ","category":"news","streamUrl":"http://stream.revma.ihrhls.com/zc6043","codec":"AAC","bitrate":128,"tags":"news"}},{"type":"Feature","geometry":{"type":"Point","coordinates":[12.3578,41.3127]},"properties":{"id":"9608eb3e-0601-11e8-ae97-52543be04c81","name":"Rai Radio 3","country":"Italy","countryCode":"IT","state":"Lazio","category":"talk","streamUrl":"http://icestreaming.rai.it/3.mp3","codec":"MP3","bitrate":320,"tags":"classical, culture, public radio, rai"}},{"type":"Feature","geometry":{"type":"Point","coordinates":[35.9627,54.6767]},"properties":{"id":"e4a7e1e4-263c-11e9-a80b-52543be04c81","name":"Радио 7 на семи холмах","country":"The Russian Federation","countryCode":"RU","state":"Москва","category":"music","streamUrl":"http://radio7server.streamr.ru:8040/radio7256.mp3","codec":"MP3","bitrate":128,"tags":""}},{"type":"Feature","geometry":{"type":"Point","coordinates":[-121.286316,37.809784]},"properties":{"id":"960e0117-0601-11e8-ae97-52543be04c81","name":"SomaFM PopTron (128k MP3)","country":"The United States Of America","countryCode":"US","state":"California","category":"music","streamUrl":"https://ice2.somafm.com/poptron-128-mp3","codec":"MP3","bitrate":128,"tags":"electropop, indie, synthpop"}},{"type":"Feature","geometry":{"type":"Point","coordinates":[-45.226,-22.0922]},"properties":{"id":"9061e051-2cc3-11e9-a35e-52543be04c81","name":"Rádio Flashback Fm","country":"Brazil","countryCode":"BR","state":"Pernambuco","category":"music","streamUrl":"http://hd.matutos.com.br:8008/;stream.mp3","codec":"AAC+","bitrate":52,"tags":"brasil, flashback, internacionais, nacionais, recordações, saudades"}},{"type":"Feature","geometry":{"type":"Point","coordinates":[13.4663,52.3398]},"properties":{"id":"342a0e53-ab9b-11e9-88f4-52543be04c81","name":"TranceBase.FM - AAC HD 256k","country":"Germany","countryCode":"DE","state":"Germany","category":"music","streamUrl":"http://listen.trancebase.fm/tunein-aac-hd-pls","codec":"AAC","bitrate":256,"tags":"electronic, techno, trance"}},{"type":"Feature","geometry":{"type":"Point","coordinates":[2.4107,48.585]},"properties":{"id":"81440088-0a76-11e8-ae97-52543be04c81","name":"France Musique","country":"France","countryCode":"FR","state":"France","category":"music","streamUrl":"http://direct.francemusique.fr/live/francemusique-midfi.mp3","codec":"MP3","bitrate":128,"tags":"classical, jazz, music, public radio, radio france"}},{"type":"Feature","geometry":{"type":"Point","coordinates":[2.273617386817933,48.836382892654385]},"properties":{"id":"3e6e3252-dd81-4b07-baba-b61bf96cd457","name":"BFM radio","country":"France","countryCode":"FR","state":"","category":"news","streamUrl":"https://audio.bfmtv.com/bfmradio_128.mp3","codec":"MP3","bitrate":256,"tags":"information, news"}},{"type":"Feature","geometry":{"type":"Point","coordinates":[37.855,55.1527]},"properties":{"id":"960b7dcb-0601-11e8-ae97-52543be04c81","name":"Radio Ultra","country":"The Russian Federation","countryCode":"RU","state":"Russia","category":"music","streamUrl":"http://nashe1.hostingradio.ru/ultra-192.mp3","codec":"MP3","bitrate":128,"tags":"alternative, alternative rock, rock"}},{"type":"Feature","geometry":{"type":"Point","coordinates":[2.5868,48.6607]},"properties":{"id":"9617ba77-0601-11e8-ae97-52543be04c81","name":"Latina Salsa","country":"France","countryCode":"FR","state":"France","category":"music","streamUrl":"http://latinasalsa.ice.infomaniak.ch/latinasalsa.mp3","codec":"MP3","bitrate":128,"tags":"latin"}},{"type":"Feature","geometry":{"type":"Point","coordinates":[2.5506,48.9231]},"properties":{"id":"0efe50ba-3b6a-11e9-9b4e-52543be04c81","name":"France Inter","country":"France","countryCode":"FR","state":"France","category":"news","streamUrl":"http://direct.franceinter.fr/live/franceinter-lofi.mp3","codec":"MP3","bitrate":32,"tags":"news talk"}},{"type":"Feature","geometry":{"type":"Point","coordinates":[-75.3239,37.1094]},"properties":{"id":"9610c519-0601-11e8-ae97-52543be04c81","name":".977 Smooth Jazz","country":"The United States Of America","countryCode":"US","state":"Florida","category":"music","streamUrl":"http://14543.live.streamtheworld.com:3690/977_SMOOJAZZ_SC","codec":"MP3","bitrate":128,"tags":"jazz, smooth jazz"}},{"type":"Feature","geometry":{"type":"Point","coordinates":[2.0048,48.8105]},"properties":{"id":"dfcef843-6bf9-40f6-b3fe-2b224df86e48","name":"Europe 1","country":"France","countryCode":"FR","state":"France","category":"news","streamUrl":"https://stream.europe1.fr/europe1.aac","codec":"AAC","bitrate":128,"tags":"aac, news, talk"}},{"type":"Feature","geometry":{"type":"Point","coordinates":[0.1984,52.031]},"properties":{"id":"9619e7d7-0601-11e8-ae97-52543be04c81","name":"TMM 1","country":"The United Kingdom Of Great Britain And Northern Ireland","countryCode":"GB","state":"Camden","category":"music","streamUrl":"https://listen-msmn.sharp-stream.com/nme1.mp3","codec":"MP3","bitrate":128,"tags":"alternative, alternative rock, garage, indie, indie pop, indie rock, left-field dance"}},{"type":"Feature","geometry":{"type":"Point","coordinates":[13.4881,52.9068]},"properties":{"id":"9605739a-0601-11e8-ae97-52543be04c81","name":"Antenne Bayern","country":"Germany","countryCode":"DE","state":"Bavaria","category":"music","streamUrl":"http://mp3channels.webradio.antenne.de/antenne","codec":"MP3","bitrate":128,"tags":"top 40"}},{"type":"Feature","geometry":{"type":"Point","coordinates":[35.7491,57.6062]},"properties":{"id":"96266006-0601-11e8-ae97-52543be04c81","name":"Радио Книга","country":"The Russian Federation","countryCode":"RU","state":"Moscow","category":"talk","streamUrl":"http://bookradio.hostingradio.ru:8069/fm","codec":"MP3","bitrate":128,"tags":"audiobooks, literature, talk, аудиокниги, литература"}},{"type":"Feature","geometry":{"type":"Point","coordinates":[-121.286316,37.809784]},"properties":{"id":"96394224-0601-11e8-ae97-52543be04c81","name":"SomaFM Indie Pop Rocks! (128k AAC)","country":"The United States Of America","countryCode":"US","state":"California","category":"music","streamUrl":"https://ice2.somafm.com/indiepop-128-aac","codec":"AAC","bitrate":128,"tags":"indie, indie pop, indie rock"}},{"type":"Feature","geometry":{"type":"Point","coordinates":[-46.8553,-24.9706]},"properties":{"id":"531fced7-b22b-11e8-afe1-52543be04c81","name":"Antena 1 FM 94.7 São Paulo","country":"Brazil","countryCode":"BR","state":"São Paulo","category":"music","streamUrl":"http://antena1.newradio.it/stream","codec":"AAC+","bitrate":96,"tags":"adult contemporary, lite"}},{"type":"Feature","geometry":{"type":"Point","coordinates":[33.3131,39.6691]},"properties":{"id":"960969eb-0601-11e8-ae97-52543be04c81","name":"Virgin Radio Türkiye","country":"Türkiye","countryCode":"TR","state":"Turkey","category":"music","streamUrl":"http://29103.live.streamtheworld.com:3690/VIRGIN_RADIO_SC","codec":"MP3","bitrate":64,"tags":"pop rock"}},{"type":"Feature","geometry":{"type":"Point","coordinates":[-77.192,39.663]},"properties":{"id":"960d4889-0601-11e8-ae97-52543be04c81","name":"181.FM - Highway 181","country":"The United States Of America","countryCode":"US","state":"Virginia","category":"music","streamUrl":"https://listen.181fm.com/181-highway_128k.mp3","codec":"MP3","bitrate":128,"tags":"classic country, waynesboro"}},{"type":"Feature","geometry":{"type":"Point","coordinates":[-73.97538,40.75166]},"properties":{"id":"64b357e7-d9e9-4cb6-99b5-4cb6cef785cc","name":"WALM - Old Time Radio Opus","country":"The United States Of America","countryCode":"US","state":"","category":"music","streamUrl":"https://icecast.walmradio.com:8443/otr_opus","codec":"OGG","bitrate":32,"tags":"78, 78-rpm, 78rpm, classic, comedy, drama, easy listening, musical, mystery, old time radio"}},{"type":"Feature","geometry":{"type":"Point","coordinates":[31.0716,50.3647]},"properties":{"id":"c44104ea-4963-49f1-ad49-f74bc8080763","name":"Мелодія FM 95.2","country":"Ukraine","countryCode":"UA","state":"Kyiv","category":"music","streamUrl":"http://online.melodiafm.ua/MelodiaFM","codec":"MP3","bitrate":128,"tags":"music"}},{"type":"Feature","geometry":{"type":"Point","coordinates":[121.5076,25.036]},"properties":{"id":"pbs-national-fm1049","name":"警察廣播電臺 - 全國治安交通網 FM 104.9","country":"Taiwan","countryCode":"TW","state":"Taipei","category":"traffic-transit","streamUrl":"https://stream.pbs.gov.tw/live/PBS/playlist.m3u8","codec":"AAC","bitrate":128,"tags":"traffic, police, national, taiwan, fm 104.9"}},{"type":"Feature","geometry":{"type":"Point","coordinates":[121.5076,25.036]},"properties":{"id":"pbs-taipei-fm943","name":"警察廣播電臺 - 臺北分臺 FM 94.3","country":"Taiwan","countryCode":"TW","state":"Taipei","category":"traffic-transit","streamUrl":"https://stream.pbs.gov.tw/live/TPS/playlist.m3u8","codec":"AAC","bitrate":128,"tags":"traffic, police, taiwan, taipei, fm 94.3"}},{"type":"Feature","geometry":{"type":"Point","coordinates":[-122.4194,37.7749]},"properties":{"id":"somafm-secret-agent-sf","name":"SomaFM: Secret Agent (San Francisco HQ)","country":"United States","countryCode":"US","state":"California","category":"music","streamUrl":"https://ice1.somafm.com/secretagent-128-mp3","codec":"MP3","bitrate":128,"tags":"spy, lounge, san francisco, electronic, somafm"}},{"type":"Feature","geometry":{"type":"Point","coordinates":[-122.412,37.778]},"properties":{"id":"somafm-groove-salad-sf","name":"SomaFM: Groove Salad Ambient Chill (San Francisco)","country":"United States","countryCode":"US","state":"California","category":"music","streamUrl":"https://ice1.somafm.com/groovesalad-128-mp3","codec":"MP3","bitrate":128,"tags":"ambient, chillout, san francisco, downtempo"}},{"type":"Feature","geometry":{"type":"Point","coordinates":[-122.415,37.7765]},"properties":{"id":"somafm-drone-zone-sf","name":"SomaFM: Drone Zone Atmospheric Ambient","country":"United States","countryCode":"US","state":"California","category":"music","streamUrl":"https://ice1.somafm.com/dronezone-128-mp3","codec":"MP3","bitrate":128,"tags":"ambient, drone, san francisco, somafm"}},{"type":"Feature","geometry":{"type":"Point","coordinates":[-118.4912,34.0195]},"properties":{"id":"kcrw-los-angeles","name":"KCRW 89.9 FM - NPR Los Angeles & Eclectic Music","country":"United States","countryCode":"US","state":"California","category":"news","streamUrl":"https://kcrw.streamguys1.com/kcrw_192k_mp3_on_air","codec":"MP3","bitrate":192,"tags":"npr, los angeles, santa monica, music, news"}},{"type":"Feature","geometry":{"type":"Point","coordinates":[-74.006,40.7128]},"properties":{"id":"wnyc-fm-new-york","name":"WNYC 93.9 FM - New York Public Radio & NPR","country":"United States","countryCode":"US","state":"New York","category":"news","streamUrl":"https://fm939.wnyc.org/wnycfm","codec":"MP3","bitrate":128,"tags":"npr, new york, talk, news, wnyc"}},{"type":"Feature","geometry":{"type":"Point","coordinates":[-4.2708,40.3045]},"properties":{"id":"b1cae36e-6db3-455c-ab2e-60be72e55b7c","name":"_80 EXITOS","country":"Spain","countryCode":"ES","state":"Barcelona","category":"music","streamUrl":"https://80sexitos.stream.laut.fm/80sexitos","codec":"MP3","bitrate":128,"tags":"70s, 80s, 90s, dance, disco, musica romantica"}},{"type":"Feature","geometry":{"type":"Point","coordinates":[37.514,57.5757]},"properties":{"id":"9e4f0920-a3bd-4884-9e98-fbd0051215ed","name":"Radio record - Main Channel","country":"The Russian Federation","countryCode":"RU","state":"Russia","category":"news","streamUrl":"https://radiorecord.hostingradio.ru/rr_main96.aacp","codec":"AAC","bitrate":128,"tags":"music, news"}},{"type":"Feature","geometry":{"type":"Point","coordinates":[-121.286316,37.809784]},"properties":{"id":"961e37ee-0601-11e8-ae97-52543be04c81","name":"SomaFM Left Coast 70s (320k MP3)","country":"The United States Of America","countryCode":"US","state":"California","category":"music","streamUrl":"https://ice6.somafm.com/seventies-320-mp3","codec":"MP3","bitrate":320,"tags":"easy listening, mellow album rock, rock, yacht rock"}},{"type":"Feature","geometry":{"type":"Point","coordinates":[38.854,56.4672]},"properties":{"id":"9618a7b8-0601-11e8-ae97-52543be04c81","name":"DiscoverTranceRadio (MP3 HQ stereo 192kBit/s)","country":"The Russian Federation","countryCode":"RU","state":"Russia","category":"music","streamUrl":"http://finland.discovertrance.com:8113//","codec":"MP3","bitrate":320,"tags":"dance, trance"}},{"type":"Feature","geometry":{"type":"Point","coordinates":[1.8454,49.0384]},"properties":{"id":"961421ae-0601-11e8-ae97-52543be04c81","name":"100% Radio Hit","country":"France","countryCode":"FR","state":"France","category":"music","streamUrl":"http://100radio-hit.ice.infomaniak.ch/100radio-hit-128.mp3","codec":"MP3","bitrate":128,"tags":""}},{"type":"Feature","geometry":{"type":"Point","coordinates":[46.40625000000001,22.19249131446977]},"properties":{"id":"be24f32c-3b6e-4e35-9f52-f72a1d3584ca","name":"Radio Farda","country":"The United States Minor Outlying Islands","countryCode":"UM","state":"","category":"music","streamUrl":"https://stream.radiojar.com/cp13r2cpn3quv","codec":"MP3","bitrate":128,"tags":""}},{"type":"Feature","geometry":{"type":"Point","coordinates":[6.9075,46.4705]},"properties":{"id":"962a61bf-0601-11e8-ae97-52543be04c81","name":"1.FM - Amsterdam Trance Radio","country":"Switzerland","countryCode":"CH","state":"Switzerland","category":"music","streamUrl":"http://strm112.1.fm/atr_mobile_mp3","codec":"MP3","bitrate":256,"tags":"trance"}},{"type":"Feature","geometry":{"type":"Point","coordinates":[7.0694,46.8064]},"properties":{"id":"962a748b-0601-11e8-ae97-52543be04c81","name":"1.FM - Deep House Radio","country":"Switzerland","countryCode":"CH","state":"Switzerland","category":"music","streamUrl":"http://strm112.1.fm/deephouse_mobile_mp3","codec":"MP3","bitrate":256,"tags":"deep house, techno"}},{"type":"Feature","geometry":{"type":"Point","coordinates":[13.0281,52.6407]},"properties":{"id":"240d28b9-7858-48d2-a816-9cf8e1875fe8","name":"SWR3","country":"Germany","countryCode":"DE","state":"Baden-Württemberg","category":"news","streamUrl":"https://liveradio.swr.de/sw282p3/swr3/play.mp3","codec":"MP3","bitrate":128,"tags":"news, pop, rock"}},{"type":"Feature","geometry":{"type":"Point","coordinates":[0.0223,51.3152]},"properties":{"id":"963ad02f-0601-11e8-ae97-52543be04c81","name":"LBC London (National stream)","country":"The United Kingdom Of Great Britain And Northern Ireland","countryCode":"GB","state":"London","category":"news","streamUrl":"http://media-ice.musicradio.com/LBCUKMP3Low","codec":"MP3","bitrate":48,"tags":"news, talk"}},{"type":"Feature","geometry":{"type":"Point","coordinates":[12.6469,41.784]},"properties":{"id":"961a5a75-0601-11e8-ae97-52543be04c81","name":"RMC Radio Monte Carlo","country":"Italy","countryCode":"IT","state":"Lombardia","category":"music","streamUrl":"http://icecast.unitedradio.it/RMC.mp3","codec":"MP3","bitrate":128,"tags":"adult contemporary, mediaset, pop"}},{"type":"Feature","geometry":{"type":"Point","coordinates":[13.6932,52.321]},"properties":{"id":"9627c2e6-0601-11e8-ae97-52543be04c81","name":"Sunshine Live - Techno","country":"Germany","countryCode":"DE","state":"Baden-Württemberg","category":"music","streamUrl":"http://stream.sunshine-live.de/techno/mp3-192/stream.sunshine-live.de/","codec":"MP3","bitrate":128,"tags":"dance, electronic, minimal, techno"}},{"type":"Feature","geometry":{"type":"Point","coordinates":[21.3424,51.6301]},"properties":{"id":"964558ba-0601-11e8-ae97-52543be04c81","name":"Polskie Radio Jedynka","country":"Poland","countryCode":"PL","state":"Poland","category":"music","streamUrl":"http://mp3.polskieradio.pl:8900/;.mp3","codec":"MP3","bitrate":192,"tags":"polskieradio, public radio"}},{"type":"Feature","geometry":{"type":"Point","coordinates":[0.3355,51.1479]},"properties":{"id":"e7205cd4-dc30-11e9-a8ba-52543be04c81","name":"Heart 70s","country":"The United Kingdom Of Great Britain And Northern Ireland","countryCode":"GB","state":"United Kingdom","category":"music","streamUrl":"https://media-ssl.musicradio.com/Heart70sMP3","codec":"MP3","bitrate":128,"tags":"70s, national, pop, public radio, variety"}},{"type":"Feature","geometry":{"type":"Point","coordinates":[0.2778,51.7694]},"properties":{"id":"0a1e0bb0-dc37-11e9-a8ba-52543be04c81","name":"Gold","country":"The United Kingdom Of Great Britain And Northern Ireland","countryCode":"GB","state":"United Kingdom","category":"music","streamUrl":"https://media-ssl.musicradio.com/GoldMP3","codec":"MP3","bitrate":128,"tags":"classic hits, national, oldies, public radio, variety"}},{"type":"Feature","geometry":{"type":"Point","coordinates":[30.9659,50.2264]},"properties":{"id":"47aa6e21-7933-4476-9c1d-f23fdb8b9e7a","name":"Наше Радіо 107.9","country":"Ukraine","countryCode":"UA","state":"Kyiv","category":"music","streamUrl":"http://online.nasheradio.ua/NasheRadio","codec":"MP3","bitrate":128,"tags":"music"}},{"type":"Feature","geometry":{"type":"Point","coordinates":[4.8208,52.1594]},"properties":{"id":"96126f56-0601-11e8-ae97-52543be04c81","name":"NPO Radio 1","country":"The Netherlands","countryCode":"NL","state":"Netherlands","category":"news","streamUrl":"http://icecast.omroep.nl/radio1-bb-mp3","codec":"MP3","bitrate":192,"tags":"news"}},{"type":"Feature","geometry":{"type":"Point","coordinates":[39.5577,55.9457]},"properties":{"id":"30c38245-b3f4-4481-abe4-79b8f07a5a7c","name":"Шансон без цензуры","country":"The Russian Federation","countryCode":"RU","state":"Russia","category":"music","streamUrl":"http://chanson.hostingradio.ru:8041/chanson-uncensored256.mp3","codec":"MP3","bitrate":256,"tags":"russia, russian, shanson, без, русский, цензуры, шансон"}},{"type":"Feature","geometry":{"type":"Point","coordinates":[77.3263,29.0618]},"properties":{"id":"6de7e6da-5c4f-4264-ab2d-bbc731219f7d","name":"Hits Of Bollywood","country":"India","countryCode":"IN","state":"Gujarat","category":"music","streamUrl":"http://stream.zeno.fm/8ty8szwpwfeuv","codec":"MP3","bitrate":128,"tags":"bollywood, desi, hindi, india"}},{"type":"Feature","geometry":{"type":"Point","coordinates":[11.923,50.3115]},"properties":{"id":"d7f5a497-40ec-11e9-aa55-52543be04c81","name":"- 0 N - Classic Rock on Radio","country":"Germany","countryCode":"DE","state":"Bayern","category":"music","streamUrl":"https://0n-classicrock.radionetz.de/0n-classicrock.mp3","codec":"MP3","bitrate":128,"tags":"80er, 80s, 90er, 90s, classic rock, rock"}},{"type":"Feature","geometry":{"type":"Point","coordinates":[30.0335,50.5247]},"properties":{"id":"9dc2bd8c-ef1c-421c-be0c-dd9f4a30f965","name":"Rock Ballads","country":"Ukraine","countryCode":"UA","state":"Ukraine","category":"music","streamUrl":"http://online.radioroks.ua/RadioROKS_Ballads","codec":"MP3","bitrate":128,"tags":"rock"}},{"type":"Feature","geometry":{"type":"Point","coordinates":[76.9421,28.7588]},"properties":{"id":"902ea231-d537-4dc8-8708-6819418086d0","name":"Vivid Bharti","country":"India","countryCode":"IN","state":"India","category":"news","streamUrl":"https://air.pc.cdn.bitgravity.com/air/live/pbaudio001/playlist.m3u8","codec":"AAC","bitrate":93,"tags":"classical"}},{"type":"Feature","geometry":{"type":"Point","coordinates":[2.4517,48.791]},"properties":{"id":"9610a807-0601-11e8-ae97-52543be04c81","name":"Jazz Radio Funk","country":"France","countryCode":"FR","state":"France","category":"music","streamUrl":"http://jazz-wr06.ice.infomaniak.ch/jazz-wr06-128.mp3","codec":"MP3","bitrate":128,"tags":"funk"}},{"type":"Feature","geometry":{"type":"Point","coordinates":[120.6323,24.1529]},"properties":{"id":"pbs-taichung-fm945","name":"警察廣播電臺 - 臺中分臺 FM 94.5","country":"Taiwan","countryCode":"TW","state":"Taichung","category":"traffic-transit","streamUrl":"https://stream.pbs.gov.tw/live/TCS/playlist.m3u8","codec":"AAC","bitrate":128,"tags":"traffic, police, taichung, fm 94.5"}},{"type":"Feature","geometry":{"type":"Point","coordinates":[120.3014,22.6273]},"properties":{"id":"pbs-kaohsiung-fm931","name":"警察廣播電臺 - 高雄分臺 FM 93.1","country":"Taiwan","countryCode":"TW","state":"Kaohsiung","category":"traffic-transit","streamUrl":"https://stream.pbs.gov.tw/live/KHS/playlist.m3u8","codec":"AAC","bitrate":128,"tags":"traffic, police, kaohsiung, fm 93.1"}},{"type":"Feature","geometry":{"type":"Point","coordinates":[102.0556,2.7785]},"properties":{"id":"96237848-0601-11e8-ae97-52543be04c81","name":"Jazz Lounge","country":"Malaysia","countryCode":"MY","state":"Malaysia","category":"music","streamUrl":"http://eu8.fastcast4u.com:5068/;","codec":"MP3","bitrate":320,"tags":"320kbps, classic jazz, jazz, smooth jazz"}},{"type":"Feature","geometry":{"type":"Point","coordinates":[35.7886,55.1416]},"properties":{"id":"0854bfd2-2c68-11e9-a35e-52543be04c81","name":"Радио Maximum","country":"The Russian Federation","countryCode":"RU","state":"Russia","category":"music","streamUrl":"https://maximum.hostingradio.ru/maximum128.mp3","codec":"MP3","bitrate":128,"tags":"rock"}},{"type":"Feature","geometry":{"type":"Point","coordinates":[6.9093,47.4502]},"properties":{"id":"962a6637-0601-11e8-ae97-52543be04c81","name":"1.FM - Classic Rock Replay Radio","country":"Switzerland","countryCode":"CH","state":"Switzerland","category":"music","streamUrl":"http://strm112.1.fm/crock_mobile_mp3","codec":"MP3","bitrate":256,"tags":"classic rock"}},{"type":"Feature","geometry":{"type":"Point","coordinates":[37.7891,55.8306]},"properties":{"id":"b6f672e3-eedf-11e9-a96c-52543be04c81","name":"РЕТРО ХИТ - RETRO HIT","country":"The Russian Federation","countryCode":"RU","state":"Moscow","category":"music","streamUrl":"http://retro.volna.top/Retro","codec":"MP3","bitrate":128,"tags":"adult, amg, gold, pop, retro, russian"}},{"type":"Feature","geometry":{"type":"Point","coordinates":[-3.6362,40.9701]},"properties":{"id":"8cc2da8b-ae85-4e37-9027-9ad765a1ea7a","name":"Los 40 Urban","country":"Spain","countryCode":"ES","state":"Madrid","category":"music","streamUrl":"https://playerservices.streamtheworld.com/api/livestream-redirect/LOS40_URBAN.mp3","codec":"MP3","bitrate":128,"tags":"dance, music, pop, urban"}},{"type":"Feature","geometry":{"type":"Point","coordinates":[12.0404,42.3043]},"properties":{"id":"9619eb8a-0601-11e8-ae97-52543be04c81","name":"Virgin Radio Italia","country":"Italy","countryCode":"IT","state":"Lombardia","category":"music","streamUrl":"http://icecast.unitedradio.it/Virgin.mp3","codec":"MP3","bitrate":128,"tags":"mediaset, pop rock"}},{"type":"Feature","geometry":{"type":"Point","coordinates":[77.7041,29.212]},"properties":{"id":"b657d1ab-bca6-11e8-aaf2-52543be04c81","name":"2B! Radio Sangam Krishna","country":"India","countryCode":"IN","state":"India","category":"music","streamUrl":"http://millenniumhits.out.airtime.pro:8000/millenniumhits_a","codec":"MP3","bitrate":48,"tags":"mantra, spiritual"}},{"type":"Feature","geometry":{"type":"Point","coordinates":[-76.5975,37.0211]},"properties":{"id":"c77c45c4-cf37-414c-ae34-868f7d9cd944","name":"FUNKY RADIO - Only Funk Music (60's 70's)","country":"The United States Of America","countryCode":"US","state":"New York NY","category":"music","streamUrl":"https://funkyradio.streamingmedia.it/play.mp3","codec":"MP3","bitrate":320,"tags":"60s, 70s, 70s disco, 80s, black, black music, disco, funk, funky, motown"}},{"type":"Feature","geometry":{"type":"Point","coordinates":[13.1872,52.9717]},"properties":{"id":"960d063e-0601-11e8-ae97-52543be04c81","name":"Sunshine Live","country":"Germany","countryCode":"DE","state":"Baden-Württemberg","category":"music","streamUrl":"http://stream.sunshine-live.de/live/mp3-192/stream.sunshine-live.de/","codec":"MP3","bitrate":128,"tags":"dance, trance"}},{"type":"Feature","geometry":{"type":"Point","coordinates":[32.3587,40.0925]},"properties":{"id":"f3dfbec0-8ddb-457c-94cd-368631337c0f","name":"DAMAR TURK FM","country":"Türkiye","countryCode":"TR","state":"istanbul bagcılar","category":"music","streamUrl":"https://live.radyositesihazir.com:10997/","codec":"MP3","bitrate":128,"tags":""}},{"type":"Feature","geometry":{"type":"Point","coordinates":[33.374,39.8476]},"properties":{"id":"df369586-40fc-11e9-aa55-52543be04c81","name":"Radyo 7","country":"Türkiye","countryCode":"TR","state":"Turkey","category":"music","streamUrl":"http://46.20.3.250/;stream","codec":"MP3","bitrate":128,"tags":""}},{"type":"Feature","geometry":{"type":"Point","coordinates":[7.7303,47.5222]},"properties":{"id":"962a63f2-0601-11e8-ae97-52543be04c81","name":"1.FM - Absolute Country Hits Radio","country":"Switzerland","countryCode":"CH","state":"Switzerland","category":"music","streamUrl":"http://strm112.1.fm/acountry_mobile_mp3","codec":"MP3","bitrate":256,"tags":"country"}},{"type":"Feature","geometry":{"type":"Point","coordinates":[38.7178,54.8701]},"properties":{"id":"6ffa5e26-6d29-4f77-82ba-41a5fd24400b","name":"Радио Рекорд Russian Mix","country":"The Russian Federation","countryCode":"RU","state":"Saint-Petersburg","category":"music","streamUrl":"http://radiorecord.hostingradio.ru/rus96.aacp","codec":"AAC","bitrate":128,"tags":""}},{"type":"Feature","geometry":{"type":"Point","coordinates":[2.9091,48.3216]},"properties":{"id":"96147fcb-0601-11e8-ae97-52543be04c81","name":"Chante France 80's","country":"France","countryCode":"FR","state":"France","category":"music","streamUrl":"http://stream1.chantefrance.com/cf-80","codec":"MP3","bitrate":128,"tags":"80s"}},{"type":"Feature","geometry":{"type":"Point","coordinates":[31.0307,50.5317]},"properties":{"id":"c08d86af-30aa-4de7-985d-b4963498da6c","name":"KissFm Deep","country":"Ukraine","countryCode":"UA","state":"Ukraine","category":"music","streamUrl":"http://online.kissfm.ua/KissFM_Deep_Live","codec":"AAC+","bitrate":32,"tags":"electronic"}},{"type":"Feature","geometry":{"type":"Point","coordinates":[-47.6224,-21.6975]},"properties":{"id":"4534dd5f-b22a-11e8-afe1-52543be04c81","name":"Antena 1 FM 103.7 Rio de Janeiro","country":"Brazil","countryCode":"BR","state":"Rio de Janeiro","category":"music","streamUrl":"http://a1rj.streams.com.br:7801/stream","codec":"AAC+","bitrate":96,"tags":"adult contemporary, lite"}},{"type":"Feature","geometry":{"type":"Point","coordinates":[106.9195,-5.6209]},"properties":{"id":"1c3b70d9-39d5-49d5-a81a-77833667a88b","name":"I-Radio Jakarta","country":"Indonesia","countryCode":"ID","state":"Jakarta","category":"music","streamUrl":"https://stream.radiojar.com/4ywdgup3bnzuv","codec":"MP3","bitrate":128,"tags":"indonesia, pop"}},{"type":"Feature","geometry":{"type":"Point","coordinates":[39.1189,56.9257]},"properties":{"id":"d847db37-5f89-48a5-be32-b10e5406f0e6","name":"Mixadance FM","country":"The Russian Federation","countryCode":"RU","state":"Russia","category":"music","streamUrl":"https://stream.mixadance.fm/mixadance","codec":"MP3","bitrate":192,"tags":"dance, electro, electronic, house, music"}},{"type":"Feature","geometry":{"type":"Point","coordinates":[12.0826,41.554]},"properties":{"id":"962841a9-0601-11e8-ae97-52543be04c81","name":"Radio 105 - Dance 90","country":"Italy","countryCode":"IT","state":"Lombardia","category":"music","streamUrl":"http://icy.unitedradio.it/105Dance90.mp3","codec":"MP3","bitrate":128,"tags":"90s, eurodance, mediaset"}},{"type":"Feature","geometry":{"type":"Point","coordinates":[32.7933,40.2845]},"properties":{"id":"360028f5-46ba-11ea-a860-52543be04c81","name":"Türkülerle Türkiye","country":"Türkiye","countryCode":"TR","state":"Turkey","category":"music","streamUrl":"http://37.247.98.8/stream/22/;","codec":"MP3","bitrate":128,"tags":"türkü"}},{"type":"Feature","geometry":{"type":"Point","coordinates":[77.3699,28.7543]},"properties":{"id":"6124c9b3-024c-4650-9c68-a5de9a7d89eb","name":"Hits Of Lata Mangeshkar","country":"India","countryCode":"IN","state":"Gujarat","category":"music","streamUrl":"http://stream.zeno.fm/g95zm67prfhvv","codec":"MP3","bitrate":128,"tags":"bollywood, desi, hindi, indian"}},{"type":"Feature","geometry":{"type":"Point","coordinates":[39.5259,54.25]},"properties":{"id":"96163b46-0601-11e8-ae97-52543be04c81","name":"комерсант (Kommersant FM) 93.6 Moscow","country":"The Russian Federation","countryCode":"RU","state":"Russia","category":"news","streamUrl":"http://kommersant77.hostingradio.ru:8016/kommersant64.mp3","codec":"MP3","bitrate":128,"tags":"news"}},{"type":"Feature","geometry":{"type":"Point","coordinates":[2.5648,49.2416]},"properties":{"id":"9612ee33-0601-11e8-ae97-52543be04c81","name":"Generations R&B","country":"France","countryCode":"FR","state":"France","category":"music","streamUrl":"http://generationfm-slowjam.ice.infomaniak.ch/generationfm-slowjam-high.mp3","codec":"MP3","bitrate":128,"tags":""}},{"type":"Feature","geometry":{"type":"Point","coordinates":[77.3575,28.9588]},"properties":{"id":"cdd3b5a0-47f6-46d5-8209-b78e8b10ff6e","name":"Radio Mirchi Hindi","country":"India","countryCode":"IN","state":"India","category":"music","streamUrl":"https://eu8.fastcast4u.com/proxy/clyedupq/stream","codec":"MP3","bitrate":128,"tags":""}},{"type":"Feature","geometry":{"type":"Point","coordinates":[-77.7665,38.6729]},"properties":{"id":"961e6ff1-0601-11e8-ae97-52543be04c81","name":".977 Oldies","country":"The United States Of America","countryCode":"US","state":"Florida","category":"music","streamUrl":"http://17633.live.streamtheworld.com/977_OLDIES_SC","codec":"MP3","bitrate":128,"tags":"oldies"}},{"type":"Feature","geometry":{"type":"Point","coordinates":[121.601,23.987]},"properties":{"id":"pbs-hualien-fm943","name":"警察廣播電臺 - 花蓮分臺 FM 94.3","country":"Taiwan","countryCode":"TW","state":"Hualien","category":"traffic-transit","streamUrl":"https://stream.pbs.gov.tw/live/HLS/playlist.m3u8","codec":"AAC","bitrate":128,"tags":"traffic, police, hualien, fm 94.3"}},{"type":"Feature","geometry":{"type":"Point","coordinates":[121.753,24.757]},"properties":{"id":"pbs-yilan-fm1013","name":"警察廣播電臺 - 宜蘭分臺 FM 101.3","country":"Taiwan","countryCode":"TW","state":"Yilan","category":"traffic-transit","streamUrl":"https://stream.pbs.gov.tw/live/YLS/playlist.m3u8","codec":"AAC","bitrate":128,"tags":"traffic, police, yilan, fm 101.3"}},{"type":"Feature","geometry":{"type":"Point","coordinates":[121.144,22.758]},"properties":{"id":"pbs-taitung-fm943","name":"警察廣播電臺 - 臺東分臺 FM 94.3","country":"Taiwan","countryCode":"TW","state":"Taitung","category":"traffic-transit","streamUrl":"https://stream.pbs.gov.tw/live/TTS/playlist.m3u8","codec":"AAC","bitrate":128,"tags":"traffic, police, taitung, fm 94.3"}},{"type":"Feature","geometry":{"type":"Point","coordinates":[-4.2954,40.8516]},"properties":{"id":"777d14b2-f344-11e9-a96c-52543be04c81","name":"Los 40 Dance","country":"Spain","countryCode":"ES","state":"Spain","category":"music","streamUrl":"http://playerservices.streamtheworld.com/api/livestream-redirect/LOS40_DANCE_SC","codec":"MP3","bitrate":128,"tags":"dance, dance music, edm, electro, electronic, house"}},{"type":"Feature","geometry":{"type":"Point","coordinates":[-3.8774,40.8167]},"properties":{"id":"9611ecb1-0601-11e8-ae97-52543be04c81","name":"esRadio","country":"Spain","countryCode":"ES","state":"Madrid","category":"news","streamUrl":"http://livestreaming.esradio.fm/stream64.mp3","codec":"MP3","bitrate":56,"tags":"news, talk"}},{"type":"Feature","geometry":{"type":"Point","coordinates":[-78.4584,39.673]},"properties":{"id":"cd477c35-d625-11e8-a54a-52543be04c81","name":"Miami Beach Radio","country":"The United States Of America","countryCode":"US","state":"Florida","category":"music","streamUrl":"https://streaming.radiostreamlive.com/miamibeachradio_devices","codec":"MP3","bitrate":128,"tags":"hits, ocean drive, rsl"}},{"type":"Feature","geometry":{"type":"Point","coordinates":[13.1375,52.3164]},"properties":{"id":"9610c454-0601-11e8-ae97-52543be04c81","name":"Antenne Bayern - Chillout","country":"Germany","countryCode":"DE","state":"Bavaria","category":"music","streamUrl":"http://mp3channels.webradio.antenne.de/chillout","codec":"MP3","bitrate":128,"tags":"chillout"}},{"type":"Feature","geometry":{"type":"Point","coordinates":[-124.183922,40.785114]},"properties":{"id":"5681d06a-f5af-11e9-bbf2-52543be04c81","name":"Radio Paradise Rock Mix 320k AAC","country":"The United States Of America","countryCode":"US","state":"","category":"music","streamUrl":"http://stream.radioparadise.com/rock-320","codec":"AAC","bitrate":320,"tags":"california, alternative, eclectic, rock, free, internet, non-commercial"}},{"type":"Feature","geometry":{"type":"Point","coordinates":[30.9278,51.0345]},"properties":{"id":"7aecf6b1-4724-4fd5-b66e-88d2e34e9b8a","name":"Хіт ФМ Найбільші хіти","country":"Ukraine","countryCode":"UA","state":"Ukraine","category":"music","streamUrl":"http://online.hitfm.ua/HitFM_Best","codec":"MP3","bitrate":128,"tags":"90's, pop"}},{"type":"Feature","geometry":{"type":"Point","coordinates":[-99.1737,18.8528]},"properties":{"id":"86fb3b9a-2b61-11e8-91bf-52543be04c81","name":"Los 40 Principales México","country":"Mexico","countryCode":"MX","state":"Ciudad de México","category":"music","streamUrl":"http://17643.live.streamtheworld.com/LOS40_MEXICO_SC","codec":"MP3","bitrate":128,"tags":"hits, latin pop, top 40"}},{"type":"Feature","geometry":{"type":"Point","coordinates":[35.7032,55.8257]},"properties":{"id":"961a35ee-0601-11e8-ae97-52543be04c81","name":"Говорит Москва","country":"The Russian Federation","countryCode":"RU","state":"Moscow","category":"news","streamUrl":"http://media.govoritmoskva.ru:8880/ru64.mp3","codec":"MP3","bitrate":128,"tags":"dorenko, moscow, news, talk"}},{"type":"Feature","geometry":{"type":"Point","coordinates":[-9.117994196712973,38.75880988912455]},"properties":{"id":"dbc018ae-1848-4f26-a677-367011a1f4b2","name":"Antena 1 (Portugal)","country":"Portugal","countryCode":"PT","state":"","category":"music","streamUrl":"http://streaming-live-app.rtp.pt/liveradio/antena180a/playlist.m3u8","codec":"AAC","bitrate":184,"tags":"portugal, portuguese, sports"}},{"type":"Feature","geometry":{"type":"Point","coordinates":[76.8608,28.7431]},"properties":{"id":"8a76a0d5-8d10-400a-b6eb-a7725646d314","name":"MY CLUB REMIX","country":"India","countryCode":"IN","state":"Kolkata Mumbai","category":"music","streamUrl":"http://stream.zeno.fm/u7eee0hyzp8uv","codec":"MP3","bitrate":128,"tags":"bollywood, club, dj remix, hindi bollywood, hindi songs"}},{"type":"Feature","geometry":{"type":"Point","coordinates":[-100.31607627868654,25.681874597616083]},"properties":{"id":"bbed394d-8907-435f-8714-8b24c1c56399","name":"Café Romántico Radio (Monterrey) - Online - www.caferomanticoradio.com - Grupo Digital Radioland - Monterrey, Nuevo León","country":"Mexico","countryCode":"MX","state":"Nuevo León","category":"music","streamUrl":"https://panel.retrolandigital.com/radio/8110/listen","codec":"AAC","bitrate":96,"tags":"80s en español, café romántico radio, clásicos, español, estación, internet, internet radio, internet station, latinoamérica, moi merino"}},{"type":"Feature","geometry":{"type":"Point","coordinates":[-77.1718,40.719]},"properties":{"id":"203cb219-42c9-11e9-aa55-52543be04c81","name":"Radio Marti","country":"The United States Of America","countryCode":"US","state":"Florida","category":"news","streamUrl":"https://ocb01.akacast.akamaistream.net/7/365/437903/v1/ibb.akacast.akamaistream.net/ocb01","codec":"MP3","bitrate":128,"tags":"news talk, talk show"}},{"type":"Feature","geometry":{"type":"Point","coordinates":[27.553539276123047,53.901587280708576]},"properties":{"id":"6973a0cb-0d2e-4329-abb5-92c153907504","name":"РадиусFM","country":"Belarus","countryCode":"BY","state":"","category":"music","streamUrl":"https://stream2.datacenter.by/radiusfm_main","codec":"AAC+","bitrate":192,"tags":""}},{"type":"Feature","geometry":{"type":"Point","coordinates":[8.0382,47.1432]},"properties":{"id":"962a66fd-0601-11e8-ae97-52543be04c81","name":"1.FM - Classic Country Radio","country":"Switzerland","countryCode":"CH","state":"Switzerland","category":"music","streamUrl":"http://strm112.1.fm/ccountry_mobile_mp3","codec":"MP3","bitrate":256,"tags":"classic country"}},{"type":"Feature","geometry":{"type":"Point","coordinates":[30.4568,50.5241]},"properties":{"id":"5ce6f88b-6308-420d-aa40-343dbdab6c61","name":"Radio ROKS Hard'n'Heavy","country":"Ukraine","countryCode":"UA","state":"Ukraine","category":"music","streamUrl":"http://online.radioroks.ua/RadioROKS_HardnHeavy_HD","codec":"MP3","bitrate":320,"tags":"hard rock, heavy rock, rock"}},{"type":"Feature","geometry":{"type":"Point","coordinates":[32.7493,40.4351]},"properties":{"id":"1e0dcee9-bfb6-41a4-8356-e8c4540dfcf0","name":"Radyo Şiran","country":"Türkiye","countryCode":"TR","state":"Turkey","category":"music","streamUrl":"https://live.radyositesihazir.com/8078/stream","codec":"MP3","bitrate":128,"tags":"folk"}},{"type":"Feature","geometry":{"type":"Point","coordinates":[20.5151,52.0457]},"properties":{"id":"960dc513-0601-11e8-ae97-52543be04c81","name":"RMF Classic","country":"Poland","countryCode":"PL","state":"Krakow","category":"music","streamUrl":"http://31.192.216.8/RMFCLASSIC48","codec":"AAC+","bitrate":48,"tags":"classical"}},{"type":"Feature","geometry":{"type":"Point","coordinates":[12.8924,52.6459]},"properties":{"id":"b7e7bb7b-b41a-11e8-afe1-52543be04c81","name":"90s90s Dance HQ","country":"Germany","countryCode":"DE","state":"Germany","category":"music","streamUrl":"http://streams.90s90s.de/eurodance/mp3-192/radiode/","codec":"MP3","bitrate":128,"tags":"90s"}},{"type":"Feature","geometry":{"type":"Point","coordinates":[21.2999,52.7636]},"properties":{"id":"96113f20-0601-11e8-ae97-52543be04c81","name":"Radioparty.pl Dj Mixes Party","country":"Poland","countryCode":"PL","state":"Wieliczka","category":"music","streamUrl":"http://djmixes.radioparty.pl:8035/","codec":"MP3","bitrate":128,"tags":"mixes"}},{"type":"Feature","geometry":{"type":"Point","coordinates":[72.86956787109376,19.030443953814757]},"properties":{"id":"6b36ba4f-6d29-4272-b3c0-9aeeb64e61ec","name":"Mirchi Top 20","country":"India","countryCode":"IN","state":"","category":"music","streamUrl":"https://drive.uber.radio/uber/bollywoodnow/icecast.audio","codec":"MP3","bitrate":128,"tags":"bollywood, hindi, mirchi, pop"}},{"type":"Feature","geometry":{"type":"Point","coordinates":[2.6303,48.497]},"properties":{"id":"961291f5-0601-11e8-ae97-52543be04c81","name":"La Grosse Radio Métal","country":"France","countryCode":"FR","state":"France","category":"music","streamUrl":"http://hd.lagrosseradio.info/lagrosseradio-metal-192.mp3","codec":"MP3","bitrate":192,"tags":"metal, music"}},{"type":"Feature","geometry":{"type":"Point","coordinates":[20.8468,52.0077]},"properties":{"id":"960f824a-0601-11e8-ae97-52543be04c81","name":"RMF Polskie przeboje","country":"Poland","countryCode":"PL","state":"Krakow","category":"music","streamUrl":"http://195.150.20.8/PPRZEBOJE","codec":"AAC+","bitrate":64,"tags":"polish pop music"}},{"type":"Feature","geometry":{"type":"Point","coordinates":[23.4704,37.7122]},"properties":{"id":"b9e1f76e-41fd-11e9-aa55-52543be04c81","name":"Blues Radio","country":"Greece","countryCode":"GR","state":"Athens","category":"music","streamUrl":"http://cast3.radiohost.ovh:8352/","codec":"MP3","bitrate":320,"tags":"blues"}},{"type":"Feature","geometry":{"type":"Point","coordinates":[77.2782,28.3621]},"properties":{"id":"a4ffabec-a162-4320-8cf2-049b8055b17a","name":"AIR Fm Gold Delhi","country":"India","countryCode":"IN","state":"New Delhi","category":"music","streamUrl":"https://airhlspush.pc.cdn.bitgravity.com/httppush/hlspbaudio005/hlspbaudio00564kbps.m3u8","codec":"UNKNOWN","bitrate":128,"tags":""}},{"type":"Feature","geometry":{"type":"Point","coordinates":[-47.0606,-24.5792]},"properties":{"id":"3c1d95a5-b477-11e8-afe1-52543be04c81","name":"Rádio Bossa Nova Brazil","country":"Brazil","countryCode":"BR","state":"Brazil","category":"music","streamUrl":"http://54.38.43.201:8009/stream-128kmp3-BossaNovaBrazil","codec":"MP3","bitrate":128,"tags":"bossa nova, brazilian music"}},{"type":"Feature","geometry":{"type":"Point","coordinates":[21.0114,51.9997]},"properties":{"id":"65cd1362-71ab-4829-8a4a-f530caf3a465","name":"Radio RMF MAXXX","country":"Poland","countryCode":"PL","state":"Poland","category":"music","streamUrl":"https://rs9-krk2-cyfronet.rmfstream.pl/RMFMAXXX48","codec":"AAC+","bitrate":48,"tags":"misc"}},{"type":"Feature","geometry":{"type":"Point","coordinates":[-0.0491,52.0753]},"properties":{"id":"32da2113-229c-11e9-a80b-52543be04c81","name":"Classic FM","country":"The United Kingdom Of Great Britain And Northern Ireland","countryCode":"GB","state":"United Kingdom","category":"music","streamUrl":"http://media-ice.musicradio.com/ClassicFMMP3","codec":"MP3","bitrate":128,"tags":"classic fm, classical"}},{"type":"Feature","geometry":{"type":"Point","coordinates":[77.0575,28.1331]},"properties":{"id":"d9125a0f-bca6-11e8-aaf2-52543be04c81","name":"2B! Radio Sangam Shri Ram","country":"India","countryCode":"IN","state":"India","category":"music","streamUrl":"http://dard.out.airtime.pro:8000/dard_a","codec":"MP3","bitrate":48,"tags":"mantra, spiritual"}},{"type":"Feature","geometry":{"type":"Point","coordinates":[11.9199,41.9482]},"properties":{"id":"961f659a-0601-11e8-ae97-52543be04c81","name":"Radio 80","country":"Italy","countryCode":"IT","state":"Veneto","category":"music","streamUrl":"http://str01.fluidstream.net:7020/;stream.mp3","codec":"MP3","bitrate":128,"tags":"80s, noventa padovana"}},{"type":"Feature","geometry":{"type":"Point","coordinates":[12.331,42.4701]},"properties":{"id":"44c862a3-27e7-4d88-be66-4c70a642bb38","name":"70 80 Hits HQ","country":"Italy","countryCode":"IT","state":"Milano","category":"music","streamUrl":"https://nr8.newradio.it:19574/stream","codec":"MP3","bitrate":128,"tags":"320 kbps, 70, 70 80 hits, 70 80 hits hq, 70 music, 70-80, 70-80 hits, 80, 80 music, high quality audio"}},{"type":"Feature","geometry":{"type":"Point","coordinates":[-99.4829,19.0971]},"properties":{"id":"e4594d43-75dc-11ea-b1cf-52543be04c81","name":"BEAUTIFUL Instrumentals","country":"Mexico","countryCode":"MX","state":"Mexico","category":"music","streamUrl":"http://s3.voscast.com:10038/","codec":"MP3","bitrate":128,"tags":"classical, classical music, orchestral"}},{"type":"Feature","geometry":{"type":"Point","coordinates":[12.0517,41.4819]},"properties":{"id":"9619ec45-0601-11e8-ae97-52543be04c81","name":"Virgin Radio Rock '70","country":"Italy","countryCode":"IT","state":"Lombardia","category":"music","streamUrl":"http://icy.unitedradio.it/VirginRock70.mp3","codec":"MP3","bitrate":128,"tags":"70s, classic rock, mediaset"}},{"type":"Feature","geometry":{"type":"Point","coordinates":[-0.3111,51.9899]},"properties":{"id":"478fd7f4-dc36-11e9-a8ba-52543be04c81","name":"Smooth Chill","country":"The United Kingdom Of Great Britain And Northern Ireland","countryCode":"GB","state":"United Kingdom","category":"music","streamUrl":"https://media-ssl.musicradio.com/ChillMP3","codec":"MP3","bitrate":128,"tags":"chillout, national, public radio, smooth, variety"}},{"type":"Feature","geometry":{"type":"Point","coordinates":[28.633804321289062,44.17507893950367]},"properties":{"id":"b162d016-5628-42cf-8fb1-22866ba5f065","name":"Play 90's","country":"Romania","countryCode":"RO","state":"","category":"music","streamUrl":"http://live.playradio.org:9090/90HD","codec":"AAC","bitrate":192,"tags":"90s, dance, euro hits, eurodance"}},{"type":"Feature","geometry":{"type":"Point","coordinates":[77.1417,28.6633]},"properties":{"id":"62a5bcf1-ebc5-4cb6-afeb-d40ac4195ab3","name":"Hits Of Kishor Kumar","country":"India","countryCode":"IN","state":"Gujarat","category":"music","streamUrl":"http://stream.zeno.fm/pg6rqp8ztm0uv","codec":"MP3","bitrate":128,"tags":""}},{"type":"Feature","geometry":{"type":"Point","coordinates":[-68.13352704048158,-16.501373026958994]},"properties":{"id":"cca0bd15-38db-4949-8866-faae4c7309d5","name":"Radio Panamericana","country":"Bolivia","countryCode":"BO","state":"La Paz","category":"music","streamUrl":"http://stream.zeno.fm/pnwpbyfambruv","codec":"MP3","bitrate":128,"tags":"cultura, deportes, noticias, variedades"}},{"type":"Feature","geometry":{"type":"Point","coordinates":[-3.6889,40.3256]},"properties":{"id":"26edc6b6-d221-4814-a6a9-0dd5d5d365d2","name":"Pure Ibiza Radio","country":"Spain","countryCode":"ES","state":"Spain","category":"music","streamUrl":"https://pureibizaradio.clubbingradios.com:9518/PureIbizaRadio","codec":"MP3","bitrate":256,"tags":"dance, electronic music, ibiza club"}},{"type":"Feature","geometry":{"type":"Point","coordinates":[-100.31564712524415,25.682611854984852]},"properties":{"id":"659f5596-51a8-4e3a-802e-ef5e6ceb61d0","name":"Cumbias Inmortales Radio (Monterrey) - Online - www.cumbiasinmortales.com - Grupo Digital Retroland - Monterrey, Nuevo León","country":"Mexico","countryCode":"MX","state":"Nuevo León","category":"music","streamUrl":"https://panel.retrolandigital.com/listen/cumbias_inmortales_radio/listen","codec":"AAC","bitrate":96,"tags":"clásicos, clásicos en español, cumbia, cumbias, español, estación, grupo digital retroland, internet radio, latinoamérica, moi merino"}},{"type":"Feature","geometry":{"type":"Point","coordinates":[2.4174,49.12]},"properties":{"id":"5e992e1e-e6ef-11e9-a96c-52543be04c81","name":"France Musique","country":"France","countryCode":"FR","state":"France","category":"music","streamUrl":"http://icecast.radiofrance.fr/francemusique-hifi.aac","codec":"AAC","bitrate":192,"tags":"aac, musique, public radio, radio france"}},{"type":"Feature","geometry":{"type":"Point","coordinates":[77.5573,28.5892]},"properties":{"id":"93827f24-837c-4e10-8069-4ca006d0c77c","name":"Hits Of Mohammed Rafi","country":"India","countryCode":"IN","state":"Gujarat","category":"music","streamUrl":"http://stream.zeno.fm/0zkr7x8ztm0uv","codec":"MP3","bitrate":128,"tags":"bollywood, desi, hindi"}},{"type":"Feature","geometry":{"type":"Point","coordinates":[-76.1114,40.1224]},"properties":{"id":"33178054-56cd-449c-8cf7-412cc7be936a","name":"CNN","country":"The United States Of America","countryCode":"US","state":"United States","category":"news","streamUrl":"https://tunein.cdnstream1.com/2868_96.mp3","codec":"MP3","bitrate":96,"tags":"news"}},{"type":"Feature","geometry":{"type":"Point","coordinates":[-100.3062915802002,25.67959027942744]},"properties":{"id":"46b51010-c2c5-45b6-a71c-84d168a705a3","name":"La Ranchera de Monterrey - 1050 AM - XEG-AM - Núcleo Radio Monterrey - Monterrey, NL","country":"Mexico","countryCode":"MX","state":"Nuevo León","category":"music","streamUrl":"http://streamingcwsradio20.com:9410/stream","codec":"MP3","bitrate":128,"tags":"1050, 1050 am, am, estación, grupera, grupero, mex, mexican music, mexico, monterrey"}},{"type":"Feature","geometry":{"type":"Point","coordinates":[5.3029,52.7603]},"properties":{"id":"96126e82-0601-11e8-ae97-52543be04c81","name":"NPO Radio 2","country":"The Netherlands","countryCode":"NL","state":"Netherlands","category":"talk","streamUrl":"http://icecast.omroep.nl/radio2-bb-mp3","codec":"MP3","bitrate":192,"tags":"evergreens, talk"}},{"type":"Feature","geometry":{"type":"Point","coordinates":[-0.6204,51.4765]},"properties":{"id":"fa76f16f-dc31-11e9-a8ba-52543be04c81","name":"Heart Dance","country":"The United Kingdom Of Great Britain And Northern Ireland","countryCode":"GB","state":"United Kingdom","category":"music","streamUrl":"https://media-ssl.musicradio.com/HeartDanceMP3","codec":"MP3","bitrate":128,"tags":"dance, national, pop, public radio, variety"}},{"type":"Feature","geometry":{"type":"Point","coordinates":[13.6386,52.4672]},"properties":{"id":"960553a5-0601-11e8-ae97-52543be04c81","name":"Radio Eins","country":"Germany","countryCode":"DE","state":"Berlin","category":"news","streamUrl":"http://d141.rndfnk.com/ard/rbb/radioeins/live/mp3/128/stream.mp3?cid=01FC1WH12KJ93TCQPDSE2E5PZ9&sid=3JOfW1eL3yzIi7oB4YbRHhdkFLg&token=-KUXTXHyZccUM8laaUzvldLiS3Mk_Yg6q1AILUO9gQA&tvf=4p6vOh_K1RhkMTQxLnJuZGZuay5jb20","codec":"MP3","bitrate":128,"tags":"adult contemporary, alternative, ard, information, pop, public radio, rbb, rock, talk"}},{"type":"Feature","geometry":{"type":"Point","coordinates":[-3.5832,40.9487]},"properties":{"id":"84c6f3cc-3c66-415d-aff5-050b5f330adc","name":"Cadena Dial","country":"Spain","countryCode":"ES","state":"Spain","category":"music","streamUrl":"http://playerservices.streamtheworld.com/api/livestream-redirect/CADENADIAL.mp3","codec":"MP3","bitrate":128,"tags":"música en español"}},{"type":"Feature","geometry":{"type":"Point","coordinates":[0.3915,51.3755]},"properties":{"id":"961f9f7f-0601-11e8-ae97-52543be04c81","name":"Jazz London Radio","country":"The United Kingdom Of Great Britain And Northern Ireland","countryCode":"GB","state":"United Kingdom","category":"music","streamUrl":"http://radio.canstream.co.uk:8075/live.mp3","codec":"MP3","bitrate":256,"tags":"jazz"}},{"type":"Feature","geometry":{"type":"Point","coordinates":[-3.7351,40.766]},"properties":{"id":"d00d02b5-16cc-11e9-a80b-52543be04c81","name":"Chocolate FM [calidad móvil-low bandwidth]","country":"Spain","countryCode":"ES","state":"Málaga","category":"music","streamUrl":"http://streaming5.elitecomunicacion.es:8082/live32.aac","codec":"AAC+","bitrate":32,"tags":"chr, dance, español, latin, latin music, latino, low bandwidth, pop, pop latino, reggaeton"}},{"type":"Feature","geometry":{"type":"Point","coordinates":[30.4327,49.8544]},"properties":{"id":"1ed98005-80a7-4b91-922b-dcd99f894377","name":"HIT FM","country":"Ukraine","countryCode":"UA","state":"Ukraine","category":"music","streamUrl":"http://online.hitfm.ua/HitFM","codec":"MP3","bitrate":128,"tags":""}},{"type":"Feature","geometry":{"type":"Point","coordinates":[-0.3775,51.95]},"properties":{"id":"52bb00fe-dc31-11e9-a8ba-52543be04c81","name":"Heart 90s","country":"The United Kingdom Of Great Britain And Northern Ireland","countryCode":"GB","state":"United Kingdom","category":"music","streamUrl":"https://media-ssl.musicradio.com/Heart90sMP3","codec":"MP3","bitrate":128,"tags":"90s, national, pop, public radio, variety"}},{"type":"Feature","geometry":{"type":"Point","coordinates":[32.7871,39.5373]},"properties":{"id":"0012c08a-31e7-48c6-87a9-7f64736e0a38","name":"Metro FM","country":"Türkiye","countryCode":"TR","state":"Turkey","category":"music","streamUrl":"http://27753.live.streamtheworld.com/METRO_FMAAC_SC","codec":"AAC+","bitrate":64,"tags":""}},{"type":"Feature","geometry":{"type":"Point","coordinates":[-121.286316,37.809784]},"properties":{"id":"961173b5-0601-11e8-ae97-52543be04c81","name":"SomaFM Lush (128k MP3)","country":"The United States Of America","countryCode":"US","state":"California","category":"music","streamUrl":"https://ice2.somafm.com/lush-128-mp3","codec":"MP3","bitrate":128,"tags":"electronic, femalevocals, lounge, mellow, vocal"}},{"type":"Feature","geometry":{"type":"Point","coordinates":[20.7694,52.5013]},"properties":{"id":"960dc18b-0601-11e8-ae97-52543be04c81","name":"RMF 90s","country":"Poland","countryCode":"PL","state":"Krakow","category":"music","streamUrl":"http://31.192.216.7/90S","codec":"AAC+","bitrate":64,"tags":"90s"}},{"type":"Feature","geometry":{"type":"Point","coordinates":[-77.4847,37.8427]},"properties":{"id":"9628a1ee-0601-11e8-ae97-52543be04c81","name":"2000 FM - RnB & Hip-Hop","country":"The United States Of America","countryCode":"US","state":"Washington","category":"music","streamUrl":"http://bigrradio.cdnstream1.com/5105_128","codec":"MP3","bitrate":128,"tags":"hiphop, rnb"}},{"type":"Feature","geometry":{"type":"Point","coordinates":[12.8307,42.1282]},"properties":{"id":"9619ed04-0601-11e8-ae97-52543be04c81","name":"Virgin Radio Rock '80","country":"Italy","countryCode":"IT","state":"Lombardia","category":"music","streamUrl":"http://icy.unitedradio.it/VirginRock80.mp3","codec":"MP3","bitrate":128,"tags":"80s, classic rock, mediaset"}},{"type":"Feature","geometry":{"type":"Point","coordinates":[13.9861,52.6016]},"properties":{"id":"960b77af-0601-11e8-ae97-52543be04c81","name":"Inforadio","country":"Germany","countryCode":"DE","state":"Berlin","category":"news","streamUrl":"http://dispatcher.rndfnk.com/rbb/inforadio/live/mp3/mid","codec":"MP3","bitrate":128,"tags":"ard, information, news, public radio, rbb"}},{"type":"Feature","geometry":{"type":"Point","coordinates":[-3.1714,40.6715]},"properties":{"id":"b129bdd2-65bc-4363-8f74-14b474bc0500","name":"Radio Marca","country":"Spain","countryCode":"ES","state":"Spain","category":"music","streamUrl":"https://sonic.mediatelekom.net/9316/stream","codec":"MP3","bitrate":128,"tags":"classical"}},{"type":"Feature","geometry":{"type":"Point","coordinates":[85.330810546875,27.800209937418252]},"properties":{"id":"724e92cd-9d57-4fef-b7e6-adad9fcc270d","name":"Kantipur FM","country":"Nepal","countryCode":"NP","state":"Bagmati","category":"music","streamUrl":"https://radio-broadcast.ekantipur.com/stream","codec":"MP3","bitrate":128,"tags":"kantipur, kathmandu, nepal, nepali"}},{"type":"Feature","geometry":{"type":"Point","coordinates":[2.49,49.2347]},"properties":{"id":"9617b9cb-0601-11e8-ae97-52543be04c81","name":"Latina Reggaeton","country":"France","countryCode":"FR","state":"France","category":"music","streamUrl":"http://latinareggaeton.ice.infomaniak.ch/latinareggaeton.mp3","codec":"MP3","bitrate":128,"tags":"latin, reggaeton"}},{"type":"Feature","geometry":{"type":"Point","coordinates":[6.9117,47.0115]},"properties":{"id":"961fb4b2-0601-11e8-ae97-52543be04c81","name":"1.FM - Chillout Lounge Radio","country":"Switzerland","countryCode":"CH","state":"Switzerland","category":"music","streamUrl":"http://strm112.1.fm/chilloutlounge_mobile_mp3","codec":"MP3","bitrate":256,"tags":"chillout, lounge"}},{"type":"Feature","geometry":{"type":"Point","coordinates":[12.6914,41.6756]},"properties":{"id":"07b51aa7-527e-11ea-be63-52543be04c81","name":"Radio Studio Più - HQ","country":"Italy","countryCode":"IT","state":"Lombardia","category":"music","streamUrl":"http://77.241.4.100:8020/;","codec":"MP3","bitrate":128,"tags":"dance"}},{"type":"Feature","geometry":{"type":"Point","coordinates":[57.500985174432216,-20.172583203502946]},"properties":{"id":"961a681b-0601-11e8-ae97-52543be04c81","name":"Radio Plus Mauritius","country":"Mauritius","countryCode":"MU","state":"","category":"news","streamUrl":"https://stream.radioplus.mu:8000/radio.mp3","codec":"MP3","bitrate":128,"tags":"news, music"}},{"type":"Feature","geometry":{"type":"Point","coordinates":[30.1721,50.1386]},"properties":{"id":"55275efc-1ee2-4a52-9aef-7fb632c7f3e8","name":"Радіо Максимум 94.2","country":"Ukraine","countryCode":"UA","state":"Kyiv","category":"music","streamUrl":"http://lux.radio.tvstitch.com/kyiv/max_adv_sd","codec":"AAC","bitrate":128,"tags":"music"}},{"type":"Feature","geometry":{"type":"Point","coordinates":[37.578799724578865,55.78740639294666]},"properties":{"id":"29a68b7f-f573-4b19-b3ba-cdbb0979e348","name":"Вести FM (AAC)","country":"The Russian Federation","countryCode":"RU","state":"Москва","category":"news","streamUrl":"https://icecast-vgtrk.cdnvideo.ru/vestifm_aac_32kbps","codec":"AAC+","bitrate":32,"tags":"news, talk"}},{"type":"Feature","geometry":{"type":"Point","coordinates":[-0.6836,51.53]},"properties":{"id":"9619e894-0601-11e8-ae97-52543be04c81","name":"TMM 2","country":"The United Kingdom Of Great Britain And Northern Ireland","countryCode":"GB","state":"Camden","category":"music","streamUrl":"https://listen-msmn.sharp-stream.com/nme2.mp3","codec":"MP3","bitrate":128,"tags":"alternative, hiphop, electronic"}},{"type":"Feature","geometry":{"type":"Point","coordinates":[13.0792,41.86]},"properties":{"id":"96276875-0601-11e8-ae97-52543be04c81","name":"Tele Radio Stereo","country":"Italy","countryCode":"IT","state":"Lazio","category":"talk","streamUrl":"http://trsw.inmystream.info:8068/;stream.mp3","codec":"MP3","bitrate":48,"tags":"roma, sport, talk"}},{"type":"Feature","geometry":{"type":"Point","coordinates":[13.3347639,52.4802578]},"properties":{"id":"1c3e8be2-5b14-4933-bad3-87cbc227cba4","name":"Deutschlandfunk | DLF | MP3 128k","country":"Germany","countryCode":"DE","state":"Berlin","category":"news","streamUrl":"https://st01.sslstream.dlf.de/dlf/01/128/mp3/stream.mp3?aggregator=web","codec":"MP3","bitrate":128,"tags":"culture, news, public service, information"}},{"type":"Feature","geometry":{"type":"Point","coordinates":[7.127,47.3518]},"properties":{"id":"9617ccb4-0601-11e8-ae97-52543be04c81","name":"1.FM - Blues Radio","country":"Switzerland","countryCode":"CH","state":"Switzerland","category":"music","streamUrl":"http://strm112.1.fm/blues_mobile_mp3","codec":"MP3","bitrate":256,"tags":"blues"}},{"type":"Feature","geometry":{"type":"Point","coordinates":[23.296918,42.666689]},"properties":{"id":"963559d7-0601-11e8-ae97-52543be04c81","name":"Energy NRJ Bulgaria","country":"Bulgaria","countryCode":"BG","state":"Sofia City","category":"music","streamUrl":"http://play.global.audio/nrj128","codec":"MP3","bitrate":128,"tags":"pop, dance, retro"}},{"type":"Feature","geometry":{"type":"Point","coordinates":[39.0942,54.0671]},"properties":{"id":"2f1d6057-52bb-4a33-9b4c-be44a800d832","name":"Соловьёв FM","country":"The Russian Federation","countryCode":"RU","state":"Russia","category":"news","streamUrl":"https://solovievfm.hostingradio.ru/solovievfm32.aacp","codec":"AAC","bitrate":128,"tags":"news, politics, talk"}},{"type":"Feature","geometry":{"type":"Point","coordinates":[-98.9398,19.6305]},"properties":{"id":"a0b40c3f-aede-46e9-b67f-38cd8b262936","name":"88.9 Noticias - 88.9 FM - XHM-FM - Grupo ACIR - Ciudad de México","country":"Mexico","countryCode":"MX","state":"Ciudad de México","category":"news","streamUrl":"https://playerservices.streamtheworld.com/api/livestream-redirect/XHMFMAAC_SC.aac","codec":"AAC+","bitrate":48,"tags":"88.9, 88.9 fm, acir, balada en español, baladas en español, cdmx, ciudad de méxico, espacio deportivo, español, estación"}},{"type":"Feature","geometry":{"type":"Point","coordinates":[89.23658967018129,25.774325175029897]},"properties":{"id":"3bb1e37c-f4bb-4ec4-b1d7-ce384a8028a2","name":"Uttorbango Betar","country":"Bangladesh","countryCode":"BD","state":"","category":"music","streamUrl":"http://stream.zeno.fm/spqbxkqxdf9uv","codec":"AAC","bitrate":128,"tags":"folk music, pop music"}},{"type":"Feature","geometry":{"type":"Point","coordinates":[-47.2287,-21.9937]},"properties":{"id":"5dcbb03d-423a-4f97-8af5-b95981094c69","name":"Rádio Saudade FM 99.7","country":"Brazil","countryCode":"BR","state":"Santos, Sao Paulo (Brazil)","category":"music","streamUrl":"https://playerservices.streamtheworld.com/api/livestream-redirect/SAUDADE_FMAAC.aac","codec":"AAC+","bitrate":64,"tags":"adult, classic hits, flashback"}},{"type":"Feature","geometry":{"type":"Point","coordinates":[32.7496,40.0158]},"properties":{"id":"fb1fd397-78fd-11ea-8a3b-52543be04c81","name":"Power POP","country":"Türkiye","countryCode":"TR","state":"Turkey","category":"music","streamUrl":"https://listen.powerapp.com.tr/powerpop/128/chunks.m3u8","codec":"UNKNOWN","bitrate":128,"tags":"00s, 70s, 80s, 90s, pop, rock"}},{"type":"Feature","geometry":{"type":"Point","coordinates":[20.7353,51.8926]},"properties":{"id":"960f7041-0601-11e8-ae97-52543be04c81","name":"RMF Dance","country":"Poland","countryCode":"PL","state":"Krakow","category":"music","streamUrl":"http://31.192.216.10/DANCE","codec":"AAC+","bitrate":64,"tags":"dance"}},{"type":"Feature","geometry":{"type":"Point","coordinates":[-76.8608,39.3544]},"properties":{"id":"96389fbf-0601-11e8-ae97-52543be04c81","name":"181.FM - 80's Country","country":"The United States Of America","countryCode":"US","state":"Virginia","category":"music","streamUrl":"http://listen.181fm.com/181-80scountry_128k.mp3","codec":"MP3","bitrate":128,"tags":"80s, country, waynesboro"}},{"type":"Feature","geometry":{"type":"Point","coordinates":[-78.8869,38.4054]},"properties":{"id":"964071af-0601-11e8-ae97-52543be04c81","name":"Soft Classic Rock Radio","country":"The United States Of America","countryCode":"US","state":"United States","category":"music","streamUrl":"http://64.71.133.122:8000/;","codec":"MP3","bitrate":128,"tags":"classic rock, soft rock"}},{"type":"Feature","geometry":{"type":"Point","coordinates":[23.2682,37.5043]},"properties":{"id":"bf841429-a5f3-11e8-abb8-52543be04c81","name":"KISS FM 100.6","country":"Greece","countryCode":"GR","state":"Kefalonia","category":"music","streamUrl":"http://live.radiokiss.gr/kissfm1006hq.mp3","codec":"MP3","bitrate":192,"tags":"00s, 80s, 90s, adult contemporary, pop, rock"}},{"type":"Feature","geometry":{"type":"Point","coordinates":[-99.1491222381592,19.39471557731923]},"properties":{"id":"12a970e2-443a-4640-8775-5c6b0f238c4a","name":"SABROSITA Ciudad de México - 590 AM - XEPH-AM - NRM Comunicaciones - Ciudad de México","country":"Mexico","countryCode":"MX","state":"Ciudad de México","category":"music","streamUrl":"https://playerservices.streamtheworld.com/api/livestream-redirect/XEPHAMAAC.aac","codec":"AAC+","bitrate":32,"tags":"590, 590 am, am, ciudad de mexico, ciudad de méxico, ciudad mexico, estación, latin  salsa kumbia  merenge  reggaeton, mex, mexico"}},{"type":"Feature","geometry":{"type":"Point","coordinates":[11.923,50.3115]},"properties":{"id":"6cddaca1-f2c1-11e8-a471-52543be04c81","name":"- 0 N - 70s on Radio","country":"Germany","countryCode":"DE","state":"Bayern","category":"music","streamUrl":"https://0n-70s.radionetz.de/0n-70s.mp3","codec":"MP3","bitrate":128,"tags":"70er, 70s, oldies, pop"}},{"type":"Feature","geometry":{"type":"Point","coordinates":[-9.097023010253908,38.71886720793689]},"properties":{"id":"909735da-70e8-4527-b771-52793d9f0086","name":"Antena 1 (Portugal)","country":"Portugal","countryCode":"PT","state":"Lisboa","category":"talk","streamUrl":"https://streaming-live.rtp.pt/liveradio/antena180a/playlist.m3u8","codec":"AAC","bitrate":188,"tags":"live sports, musica, talk & speech"}},{"type":"Feature","geometry":{"type":"Point","coordinates":[12.9308,52.2824]},"properties":{"id":"960c3f9b-0601-11e8-ae97-52543be04c81","name":"ROCK ANTENNE Classic Perlen","country":"Germany","countryCode":"DE","state":"Germany","category":"music","streamUrl":"http://mp3channels.webradio.rockantenne.de/classic-perlen","codec":"MP3","bitrate":128,"tags":"rock classics"}},{"type":"Feature","geometry":{"type":"Point","coordinates":[77.4612,28.0888]},"properties":{"id":"8ded23e8-bca6-11e8-aaf2-52543be04c81","name":"2B! Radio Sangam Shiva","country":"India","countryCode":"IN","state":"India","category":"music","streamUrl":"http://hot.out.airtime.pro:8000/hot_a","codec":"MP3","bitrate":48,"tags":"mantra, spiritual"}},{"type":"Feature","geometry":{"type":"Point","coordinates":[107.3149,-6.5293]},"properties":{"id":"962fdcaf-0601-11e8-ae97-52543be04c81","name":"RDI 97.1 FM","country":"Indonesia","countryCode":"ID","state":"Jakarta","category":"music","streamUrl":"http://202.147.199.99:8000/;stream/1","codec":"MP3","bitrate":192,"tags":"dangdut"}},{"type":"Feature","geometry":{"type":"Point","coordinates":[2.2351,49.048]},"properties":{"id":"5b9ceedf-eb85-11e9-a96c-52543be04c81","name":"FIP Jazz","country":"France","countryCode":"FR","state":"France","category":"music","streamUrl":"http://icecast.radiofrance.fr/fipjazz-hifi.aac","codec":"AAC","bitrate":192,"tags":"aac, jazz, public radio, radio france"}},{"type":"Feature","geometry":{"type":"Point","coordinates":[-78.0691,39.2448]},"properties":{"id":"819e0ecb-fb3d-49de-8d8d-50fd408ff173","name":"VOA Chinese Radio","country":"The United States Of America","countryCode":"US","state":"United States","category":"music","streamUrl":"http://voa-ingest.akamaized.net/hls/live/2035206/151_124L/playlist.m3u8","codec":"AAC","bitrate":140,"tags":""}},{"type":"Feature","geometry":{"type":"Point","coordinates":[21.4139,51.6424]},"properties":{"id":"d377fdb9-9136-47de-a1f4-6b02a1bc7f72","name":"Radio 357","country":"Poland","countryCode":"PL","state":"Poland","category":"music","streamUrl":"https://n-11-21.dcs.redcdn.pl/sc/o2/radio357/live/radio357_pr.livx?preroll=0","codec":"AAC","bitrate":128,"tags":"adult contemporary"}},{"type":"Feature","geometry":{"type":"Point","coordinates":[-75.5399,37.0376]},"properties":{"id":"6325b56f-42b9-45d4-8e21-4a3b03791bbf","name":"WEOW FM 92.7","country":"The United States Of America","countryCode":"US","state":"Key West Florida","category":"music","streamUrl":"http://ice42.securenetsystems.net/WEOW","codec":"AAC+","bitrate":64,"tags":"rock"}},{"type":"Feature","geometry":{"type":"Point","coordinates":[72.90115356445314,19.015124097330336]},"properties":{"id":"0e5dfcc8-99e2-4fed-a232-7f4bf23ba3c3","name":"Mirchi Love","country":"India","countryCode":"IN","state":"","category":"music","streamUrl":"https://drive.uber.radio/uber/bollywoodlove/icecast.audio","codec":"MP3","bitrate":128,"tags":"india, love, mirchi, pop, romantic"}},{"type":"Feature","geometry":{"type":"Point","coordinates":[32.4572,39.7622]},"properties":{"id":"09f8922f-56bb-41bd-ad35-a7e54c5520e3","name":"KRAL TÜRK FM","country":"Türkiye","countryCode":"TR","state":"Turkey","category":"music","streamUrl":"https://live.radyositesihazir.com/8032/stream","codec":"MP3","bitrate":128,"tags":""}},{"type":"Feature","geometry":{"type":"Point","coordinates":[-98.9403,18.9628]},"properties":{"id":"09669200-2711-4c54-87e7-205ec84f929c","name":"Oldies Internet Radio","country":"Mexico","countryCode":"MX","state":"Mexico","category":"music","streamUrl":"http://162.244.81.98:8140/listen","codec":"AAC","bitrate":128,"tags":"1970s, 1980s, 70s, 80s, classic hits, classic rock, hard rock, hits, mexico city, rock"}},{"type":"Feature","geometry":{"type":"Point","coordinates":[23.3375,37.4393]},"properties":{"id":"961f9a79-0601-11e8-ae97-52543be04c81","name":"Real FM 97.8","country":"Greece","countryCode":"GR","state":"Athens","category":"news","streamUrl":"http://netradio.live24.gr/realfm","codec":"MP3","bitrate":192,"tags":"greek, news, talk"}},{"type":"Feature","geometry":{"type":"Point","coordinates":[12.3076,41.8013]},"properties":{"id":"96286b1d-0601-11e8-ae97-52543be04c81","name":"RMC 80","country":"Italy","countryCode":"IT","state":"Lombardia","category":"music","streamUrl":"http://edge.radiomontecarlo.net/rmcweb008","codec":"MP3","bitrate":128,"tags":"80s, mediaset"}},{"type":"Feature","geometry":{"type":"Point","coordinates":[19.0335664,47.4888558]},"properties":{"id":"98b22cd2-0ec8-4bb1-a5f6-f168de7548b5","name":"Retro Rádió","country":"Hungary","countryCode":"HU","state":"Budapest","category":"music","streamUrl":"https://icast.connectmedia.hu/5001/live.mp3","codec":"MP3","bitrate":128,"tags":"pop, rock, retro, 80s, 90s, 2000s"}},{"type":"Feature","geometry":{"type":"Point","coordinates":[33.3595,39.577]},"properties":{"id":"960c341d-0601-11e8-ae97-52543be04c81","name":"NTV Radyo","country":"Türkiye","countryCode":"TR","state":"Turkey","category":"news","streamUrl":"http://46.20.3.207/listen.pls","codec":"AAC+","bitrate":136,"tags":"haber, haberler, news, türkçe"}},{"type":"Feature","geometry":{"type":"Point","coordinates":[107.4387,-6.2503]},"properties":{"id":"1010a082-c072-482d-b664-1f9f7d34f9fc","name":"Suara Giri 98.4 FM","country":"Indonesia","countryCode":"ID","state":"Indonesia","category":"music","streamUrl":"http://streaming.girifm.com:8010/","codec":"MP3","bitrate":128,"tags":"pop"}},{"type":"Feature","geometry":{"type":"Point","coordinates":[12.1573,41.9369]},"properties":{"id":"216ee092-939d-43b6-8562-c646f73ad89f","name":"Radio Italia Solo Musica Italiana","country":"Italy","countryCode":"IT","state":"Lombardia","category":"music","streamUrl":"https://radioitaliasmi.akamaized.net/hls/live/2093120/RISMI/stream01/streamPlaylist.m3u8","codec":"UNKNOWN","bitrate":128,"tags":"italian pop"}},{"type":"Feature","geometry":{"type":"Point","coordinates":[30.4596,51.0488]},"properties":{"id":"961f3711-0601-11e8-ae97-52543be04c81","name":"Громадське радіо / Hromadske radio","country":"Ukraine","countryCode":"UA","state":"Ukraine","category":"news","streamUrl":"http://91.218.212.67:8000/stream","codec":"MP3","bitrate":192,"tags":"news"}},{"type":"Feature","geometry":{"type":"Point","coordinates":[23.4912,38.3719]},"properties":{"id":"b5455fcb-e07e-11e9-a8ba-52543be04c81","name":"Trance Athena","country":"Greece","countryCode":"GR","state":"Greece","category":"music","streamUrl":"http://cast.streams.ovh:8008/stream","codec":"MP3","bitrate":320,"tags":"electronic, melodic trance, music, trance, uplifting trance"}},{"type":"Feature","geometry":{"type":"Point","coordinates":[107.042,-6.7847]},"properties":{"id":"b2357cbe-d080-4099-8cae-770539945230","name":"elshinta  jakarta","country":"Indonesia","countryCode":"ID","state":"Indonesia","category":"news","streamUrl":"https://stream-ssl.arenastreaming.com:8000/jakarta","codec":"MP3","bitrate":64,"tags":"news"}},{"type":"Feature","geometry":{"type":"Point","coordinates":[32.4431,40.2029]},"properties":{"id":"4e758ac3-15ad-11e9-a80b-52543be04c81","name":"Alem FM","country":"Türkiye","countryCode":"TR","state":"Turkey","category":"music","streamUrl":"http://turkmedya.radyotvonline.com/turkmedya/alemfm.stream/playlist.m3u8","codec":"AAC","bitrate":128,"tags":""}},{"type":"Feature","geometry":{"type":"Point","coordinates":[21.5715,52.6157]},"properties":{"id":"621f9bd0-b91e-414d-b72b-7b8f2374183f","name":"Radio ZET","country":"Poland","countryCode":"PL","state":"Poland","category":"music","streamUrl":"https://r.dcs.redcdn.pl/sc/o2/Eurozet/live/audio.livx?audio=5","codec":"MP3","bitrate":128,"tags":"misc"}},{"type":"Feature","geometry":{"type":"Point","coordinates":[-46.2419,-22.9807]},"properties":{"id":"96385b07-0601-11e8-ae97-52543be04c81","name":"Rádio Disco Funk BR","country":"Brazil","countryCode":"BR","state":"Brazil","category":"music","streamUrl":"http://streaming12.hstbr.net:8084/live","codec":"AAC+","bitrate":64,"tags":"80s, 90s, disco, disco funk, funk"}},{"type":"Feature","geometry":{"type":"Point","coordinates":[-76.4193,39.8772]},"properties":{"id":"9614537a-0601-11e8-ae97-52543be04c81","name":"Chilltrax","country":"The United States Of America","countryCode":"US","state":"Florida","category":"music","streamUrl":"http://server1.chilltrax.com:9000/","codec":"MP3","bitrate":128,"tags":"chillout"}},{"type":"Feature","geometry":{"type":"Point","coordinates":[21.0107,51.8076]},"properties":{"id":"c7915f33-f401-4ab4-9f49-dcc1cce15ed6","name":"TOK FM","country":"Poland","countryCode":"PL","state":"Poland","category":"news","streamUrl":"https://radiostream.pl/tuba10-1.mp3#TOK_FM","codec":"MP3","bitrate":128,"tags":"information"}},{"type":"Feature","geometry":{"type":"Point","coordinates":[23.7585,38.2977]},"properties":{"id":"961ddf4b-0601-11e8-ae97-52543be04c81","name":"Kiss 92.9","country":"Greece","countryCode":"GR","state":"Athens","category":"music","streamUrl":"http://netradio.live24.gr/kissfmathens","codec":"MP3","bitrate":192,"tags":"pop"}},{"type":"Feature","geometry":{"type":"Point","coordinates":[76.8377,28.1811]},"properties":{"id":"81cee789-221c-45a5-abe0-cc07e8e9589f","name":"Goldy Cool","country":"India","countryCode":"IN","state":"India","category":"music","streamUrl":"https://stream.zeno.fm/3k1fb86tfm8uv","codec":"AAC","bitrate":128,"tags":""}},{"type":"Feature","geometry":{"type":"Point","coordinates":[153.0161,-33.1744]},"properties":{"id":"9615d27a-0601-11e8-ae97-52543be04c81","name":"ABC NewsRadio MP3","country":"Australia","countryCode":"AU","state":"Australia","category":"news","streamUrl":"https://abc.streamguys1.com/live/newsradio/icecast.audio","codec":"AAC+","bitrate":56,"tags":"abc, news, newsradio, public radio"}},{"type":"Feature","geometry":{"type":"Point","coordinates":[13.0512,42.2794]},"properties":{"id":"9619ef9e-0601-11e8-ae97-52543be04c81","name":"Virgin Radio Hard Rock","country":"Italy","countryCode":"IT","state":"Lombardia","category":"music","streamUrl":"http://icy.unitedradio.it/VirginHardRock.mp3","codec":"MP3","bitrate":128,"tags":"hard rock, mediaset"}},{"type":"Feature","geometry":{"type":"Point","coordinates":[37.58911550045014,55.80587217238998]},"properties":{"id":"3a386176-7b44-46eb-9461-75fc96121c99","name":"Комсомольская правда","country":"The Russian Federation","countryCode":"RU","state":"Москва","category":"news","streamUrl":"https://kpradio.hostingradio.ru:8000/64","codec":"MP3","bitrate":128,"tags":"news, talk"}},{"type":"Feature","geometry":{"type":"Point","coordinates":[24.1263,38.0994]},"properties":{"id":"96185f35-0601-11e8-ae97-52543be04c81","name":"Sport FM 94.6","country":"Greece","countryCode":"GR","state":"Athens","category":"music","streamUrl":"http://netradio.live24.gr/sportfm7712","codec":"MP3","bitrate":128,"tags":"greek, sport"}},{"type":"Feature","geometry":{"type":"Point","coordinates":[-80.18989562988283,25.783527060700024]},"properties":{"id":"03eccedf-bf40-4413-8d52-817c298331e2","name":"Z 92 (Miami) - 92.3 FM - WCMQ-FM - Spanish Broadcasting System - Miami, Florida","country":"The United States Of America","countryCode":"US","state":"Florida","category":"music","streamUrl":"https://liveaudio.lamusica.com/MIA_WCMQ_icy","codec":"AAC","bitrate":320,"tags":"92.3 fm, entretenimiento, español, estación, florida, fm, miami, moi merino, music, música"}},{"type":"Feature","geometry":{"type":"Point","coordinates":[2.3507,48.9557]},"properties":{"id":"33960c43-0464-44b4-abfa-73591ebf647f","name":"France Inter","country":"France","countryCode":"FR","state":"France","category":"music","streamUrl":"https://stream.radiofrance.fr/franceinter/franceinter_hifi.m3u8?id=radiofrance","codec":"UNKNOWN","bitrate":128,"tags":""}},{"type":"Feature","geometry":{"type":"Point","coordinates":[-98.9361,19.1103]},"properties":{"id":"11ee3ad5-ead9-47de-ab04-7e0d06789a15","name":"Amor Ciudad de México - 95.3 FM - XHSH-FM - Grupo ACIR - Ciudad de México","country":"Mexico","countryCode":"MX","state":"Ciudad de México","category":"music","streamUrl":"https://14153.live.streamtheworld.com:443/XHSHFMAAC.aac","codec":"AAC+","bitrate":48,"tags":"95.3, 95.3 fm, acir, amor, amor sólo música romántica, balada, balada en español, baladas, baladas en español, cdmx"}},{"type":"Feature","geometry":{"type":"Point","coordinates":[-99.3049,19.2398]},"properties":{"id":"427e7eda-148e-4da0-b63b-eb4bb9be92ab","name":"La Ke Buena Ciudad de México - 92.9 FM - XEQ-FM - Radiópolis - Ciudad de México","country":"Mexico","countryCode":"MX","state":"Ciudad de México","category":"music","streamUrl":"https://playerservices.streamtheworld.com/api/livestream-redirect/KEBUENAAAC.aac","codec":"AAC+","bitrate":192,"tags":"92.9, 92.9 fm, banda, cdmx, ciudad de méxico, estación, fm, grupera, la ke buena, mex"}},{"type":"Feature","geometry":{"type":"Point","coordinates":[24.1542,38.2846]},"properties":{"id":"2d35016c-59d8-11e9-a622-52543be04c81","name":"Skai 100.3","country":"Greece","countryCode":"GR","state":"Greece","category":"music","streamUrl":"http://netradio.live24.gr/skai1003","codec":"MP3","bitrate":192,"tags":""}},{"type":"Feature","geometry":{"type":"Point","coordinates":[2.542,49.204]},"properties":{"id":"9610a72f-0601-11e8-ae97-52543be04c81","name":"Jazz Radio Only Women","country":"France","countryCode":"FR","state":"France","category":"music","streamUrl":"http://jazz-wr16.ice.infomaniak.ch/jazz-wr16-128.mp3","codec":"MP3","bitrate":128,"tags":"jazz, women"}},{"type":"Feature","geometry":{"type":"Point","coordinates":[106.8893,-5.8915]},"properties":{"id":"4dd1c605-504d-4240-9b5d-072eed0e9b5a","name":"Wijaya FM 103.5 FM Surabaya","country":"Indonesia","countryCode":"ID","state":"Jawa Timur","category":"music","streamUrl":"http://wijayafm.onlivestreaming.net:9880/stream?","codec":"AAC+","bitrate":64,"tags":"undefined"}},{"type":"Feature","geometry":{"type":"Point","coordinates":[30.485866806375277,50.482840660446655]},"properties":{"id":"8fae0da6-d485-4e98-8860-d71720a49dcc","name":"Kiss FM Ukrainian","country":"Ukraine","countryCode":"UA","state":"","category":"music","streamUrl":"https://online.kissfm.ua/KissFM_Ukr","codec":"MP3","bitrate":128,"tags":"dance"}},{"type":"Feature","geometry":{"type":"Point","coordinates":[7.5591,46.7933]},"properties":{"id":"96077079-0601-11e8-ae97-52543be04c81","name":"Radio Swiss Classic German","country":"Switzerland","countryCode":"CH","state":"Bern","category":"music","streamUrl":"http://stream.srg-ssr.ch/m/rsc_de/mp3_128","codec":"MP3","bitrate":128,"tags":"classical, public radio, srg ssr"}},{"type":"Feature","geometry":{"type":"Point","coordinates":[38.4091,55.2753]},"properties":{"id":"9606d076-0601-11e8-ae97-52543be04c81","name":"Радио России (Radio Russia)","country":"The Russian Federation","countryCode":"RU","state":"Russia","category":"news","streamUrl":"http://icecast.vgtrk.cdnvideo.ru/rrzonam_mp3_128kbps","codec":"MP3","bitrate":128,"tags":"music, news, talk"}},{"type":"Feature","geometry":{"type":"Point","coordinates":[-45.7979,-23.5723]},"properties":{"id":"a6980be7-3b55-11e8-b74d-52543be04c81","name":"Máquina do Tempo (MPB Brasil)","country":"Brazil","countryCode":"BR","state":"Brazil","category":"music","streamUrl":"http://servidor28.brlogic.com:8032/live","codec":"MP3","bitrate":96,"tags":""}},{"type":"Feature","geometry":{"type":"Point","coordinates":[76.8814,29.0057]},"properties":{"id":"24b4b919-ea81-4e48-8682-ba0fdf9e3a46","name":"Goldy Mukesh","country":"India","countryCode":"IN","state":"India","category":"music","streamUrl":"https://stream.zeno.fm/t39watus1p8uv","codec":"AAC","bitrate":128,"tags":"bollywood, hindu, oldies"}},{"type":"Feature","geometry":{"type":"Point","coordinates":[37.3761,57.3414]},"properties":{"id":"b6fa9d93-97bf-48b0-8624-e8f84b817823","name":"Anon.FM","country":"The Russian Federation","countryCode":"RU","state":"Moscow","category":"music","streamUrl":"https://icecast.anon.fm/radio","codec":"MP3","bitrate":192,"tags":"anime, dnb, downtempo, experimental, jazz, psychedelic, rock, trance"}},{"type":"Feature","geometry":{"type":"Point","coordinates":[-47.3949,-21.8926]},"properties":{"id":"2a92a4fd-3b56-11e8-b74d-52543be04c81","name":"Máquina do Tempo (Internacional)","country":"Brazil","countryCode":"BR","state":"Brazil","category":"music","streamUrl":"http://servidor28.brlogic.com:8212/live","codec":"MP3","bitrate":128,"tags":""}},{"type":"Feature","geometry":{"type":"Point","coordinates":[2.9115,48.4813]},"properties":{"id":"2dffb353-5341-4438-b67b-83de8c3efbab","name":"RFM","country":"France","countryCode":"FR","state":"France","category":"music","streamUrl":"http://stream.rfm.fr/rfm.mp3","codec":"MP3","bitrate":128,"tags":""}},{"type":"Feature","geometry":{"type":"Point","coordinates":[-3.2851,40.8029]},"properties":{"id":"961a414c-0601-11e8-ae97-52543be04c81","name":"Cadena SER Radio MADRID","country":"Spain","countryCode":"ES","state":"Menorca","category":"news","streamUrl":"http://server7.20comunicacion.com:8040/","codec":"MP3","bitrate":64,"tags":"cultural, local, news, talk"}},{"type":"Feature","geometry":{"type":"Point","coordinates":[152.644,-32.7713]},"properties":{"id":"5822f0c8-178e-11e8-ae97-52543be04c81","name":"ABC News Radio","country":"Australia","countryCode":"AU","state":"NSW","category":"news","streamUrl":"https://abc.streamguys1.com/live/newsradio/icecast.audio","codec":"AAC+","bitrate":56,"tags":""}},{"type":"Feature","geometry":{"type":"Point","coordinates":[74.04238384692698,21.152861400595693]},"properties":{"id":"9ae30654-b1a6-4eff-81f3-6400d105b340","name":"Rafi hit songs","country":"India","countryCode":"IN","state":"Mumbai","category":"music","streamUrl":"https://stream-143.zeno.fm/0zkr7x8ztm0uv?zs=WTPQx8TiQXSo11XU0iyTAQ","codec":"MP3","bitrate":128,"tags":"classic hits 60s 70a 80s"}},{"type":"Feature","geometry":{"type":"Point","coordinates":[-76.7028,40.3842]},"properties":{"id":"934d1811-3412-4d2d-86c8-dd1d8fbb51a7","name":"101 SMOOTH JAZZ MELLOW MIX","country":"The United States Of America","countryCode":"US","state":"California","category":"music","streamUrl":"http://streaming.live365.com/b48071_128mp3","codec":"MP3","bitrate":192,"tags":"easy listening, mellow, smooth jazz"}},{"type":"Feature","geometry":{"type":"Point","coordinates":[-75.9376,40.8393]},"properties":{"id":"7e41d6c6-1842-4ecf-9c6e-2901fdca18ca","name":"The Jazz Groove - East","country":"The United States Of America","countryCode":"US","state":"United States","category":"music","streamUrl":"http://east-mp3-128.streamthejazzgroove.com/stream","codec":"MP3","bitrate":128,"tags":"cool jazz, fusion, jazz, laid-back, relax"}},{"type":"Feature","geometry":{"type":"Point","coordinates":[39.5832,56.2553]},"properties":{"id":"4ba75473-8d53-4a71-b797-9a73798265c4","name":"Европа Плюс","country":"The Russian Federation","countryCode":"RU","state":"Russia","category":"music","streamUrl":"http://ep256.hostingradio.ru:8052/europaplus256.mp3","codec":"MP3","bitrate":128,"tags":""}},{"type":"Feature","geometry":{"type":"Point","coordinates":[-45.6055,-24.0646]},"properties":{"id":"7ada8a81-5ae1-418c-8f18-51d2f38d86a4","name":"Bossa Jazz Brasil","country":"Brazil","countryCode":"BR","state":"Brazil","category":"music","streamUrl":"https://centova5.transmissaodigital.com:20104/live","codec":"AAC+","bitrate":64,"tags":"bossa nova, jazz, mpb"}},{"type":"Feature","geometry":{"type":"Point","coordinates":[-76.639,38.6614]},"properties":{"id":"5565dd27-8a3a-453e-9b6d-41d3a31057c1","name":"98.1 KBEAR","country":"The United States Of America","countryCode":"US","state":"Montana","category":"music","streamUrl":"https://desertmountainbroadcasting.streamguys1.com/KYYA","codec":"MP3","bitrate":128,"tags":""}},{"type":"Feature","geometry":{"type":"Point","coordinates":[21.6116,51.9452]},"properties":{"id":"bf487b2b-503c-42c3-b088-9b5d679fdf29","name":"ESKA ROCK","country":"Poland","countryCode":"PL","state":"Poland","category":"music","streamUrl":"https://ic2.smcdn.pl/5380-1.mp3#ESKA_ROCK","codec":"MP3","bitrate":128,"tags":""}},{"type":"Feature","geometry":{"type":"Point","coordinates":[38.6278,55.5728]},"properties":{"id":"780b212d-189c-45e2-828d-76cc6164ef5f","name":"Юмор FM","country":"The Russian Federation","countryCode":"RU","state":"Russia","category":"music","streamUrl":"http://pub0101.101.ru:8000/stream/air/aac/64/102","codec":"AAC","bitrate":128,"tags":""}},{"type":"Feature","geometry":{"type":"Point","coordinates":[-98.6788,19.1937]},"properties":{"id":"961844bb-0601-11e8-ae97-52543be04c81","name":"W Radio Ciudad de México (XEW-AM 900 kHz, XEW-FM 96.9 MHz) Televisa Radio","country":"Mexico","countryCode":"MX","state":"Mexico City","category":"news","streamUrl":"http://17553.live.streamtheworld.com/W_RADIOAAC_SC","codec":"AAC+","bitrate":192,"tags":"adult contemporary, live sports, local news, mexico city, news, news talk, sports news, talk radio"}},{"type":"Feature","geometry":{"type":"Point","coordinates":[-74.7413,45.6438]},"properties":{"id":"961185f5-0601-11e8-ae97-52543be04c81","name":"ChroniX Radio Metalcore","country":"Canada","countryCode":"CA","state":"Quebec","category":"music","streamUrl":"http://usa17.fastcast4u.com:5508/stream","codec":"MP3","bitrate":320,"tags":"death metal, heavy metal, industrial, metalcore, thrash metal"}},{"type":"Feature","geometry":{"type":"Point","coordinates":[0.1164,50.98]},"properties":{"id":"ba093e53-c020-484b-a6a6-b184e7382744","name":"Classic FM Relax","country":"The United Kingdom Of Great Britain And Northern Ireland","countryCode":"GB","state":"AAC","category":"music","streamUrl":"http://media-the.musicradio.com/ClassicFM-M-Relax","codec":"AAC","bitrate":48,"tags":""}},{"type":"Feature","geometry":{"type":"Point","coordinates":[-99.13084030151369,19.43349589121079]},"properties":{"id":"264b28d1-7d6b-4fba-a220-a46333442462","name":"Panda Show Radio - Online - El Panda Zambrano - Ciudad de México","country":"Mexico","countryCode":"MX","state":"Ciudad de México","category":"music","streamUrl":"http://65.21.202.84:8062/","codec":"MP3","bitrate":128,"tags":"banda, cdmx, ciudad de mexico, ciudad de méxico, ciudad mexico, el panda zambrano, estación, grupera, grupero, mexican music"}},{"type":"Feature","geometry":{"type":"Point","coordinates":[-3.6621,40.138]},"properties":{"id":"3fd18c3f-8157-11e9-aa30-52543be04c81","name":"Café del Mar","country":"Spain","countryCode":"ES","state":"Ibiza","category":"music","streamUrl":"https://streams.radio.co/se1a320b47/listen","codec":"MP3","bitrate":192,"tags":"chillout, ibiza, lounge"}},{"type":"Feature","geometry":{"type":"Point","coordinates":[33.238,39.9301]},"properties":{"id":"8c01f241-6fe8-42b1-afd3-d6abf90ec78e","name":"Ankara Havalari","country":"Türkiye","countryCode":"TR","state":"Turkey","category":"music","streamUrl":"http://37.247.98.8/stream/30/;","codec":"MP3","bitrate":128,"tags":"folk"}},{"type":"Feature","geometry":{"type":"Point","coordinates":[23.82546186447144,38.01303667973779]},"properties":{"id":"605b2521-e764-42ba-8be0-473fc096a3b3","name":"Zeppelin 106.7","country":"Greece","countryCode":"GR","state":"Athens","category":"music","streamUrl":"https://radiostreaming.ert.gr/ert-zeppelin","codec":"MP3","bitrate":192,"tags":"alternative rock, classic rock, modern rock, soft rock, ροκ - adult rock"}},{"type":"Feature","geometry":{"type":"Point","coordinates":[30.1225,50.0083]},"properties":{"id":"07467c50-9885-11e9-a605-52543be04c81","name":"Радіо Трек","country":"Ukraine","countryCode":"UA","state":"Rivne","category":"music","streamUrl":"http://online2.radiotrek.rv.ua:8000/AAC+_64","codec":"AAC+","bitrate":64,"tags":""}},{"type":"Feature","geometry":{"type":"Point","coordinates":[-76.6073,40.6219]},"properties":{"id":"510aeeac-e7a0-41c2-aea2-e572e811ffe7","name":"Fox News Radio","country":"The United States Of America","countryCode":"US","state":"United States","category":"news","streamUrl":"https://live.amperwave.net/direct/foxnewsradio-foxnewsradioaac-imc?source=fnr.web","codec":"AAC+","bitrate":64,"tags":"news"}},{"type":"Feature","geometry":{"type":"Point","coordinates":[12.3594,42.247]},"properties":{"id":"961e1310-0601-11e8-ae97-52543be04c81","name":"Centro Suono Sport","country":"Italy","countryCode":"IT","state":"Lazio","category":"talk","streamUrl":"http://streaming.centrosuono.com:8000/cssport.mp3","codec":"MP3","bitrate":128,"tags":"roma, sport, talk"}},{"type":"Feature","geometry":{"type":"Point","coordinates":[37.6528,57.2381]},"properties":{"id":"964bdb24-0601-11e8-ae97-52543be04c81","name":"Модель для сборки","country":"The Russian Federation","countryCode":"RU","state":"Russia","category":"music","streamUrl":"http://mds-station.com:8000/mds","codec":"MP3","bitrate":128,"tags":"аудиокниги, рассказы, фантастика"}},{"type":"Feature","geometry":{"type":"Point","coordinates":[-3.1133,40.9216]},"properties":{"id":"9f348d9f-5285-11e8-a4d1-52543be04c81","name":"Costa Del Mar - Chillout (AAC 96kbps)","country":"Spain","countryCode":"ES","state":"Spain","category":"music","streamUrl":"http://stream.cdm-chillout.com:8020/stream-AAC-Chill","codec":"AAC","bitrate":96,"tags":"chill, chillout"}},{"type":"Feature","geometry":{"type":"Point","coordinates":[-0.3537,51.6748]},"properties":{"id":"03387f8e-4a8b-4b2b-8740-5d35a5cc8c48","name":"RadioX UK","country":"The United Kingdom Of Great Britain And Northern Ireland","countryCode":"GB","state":"United Kingdom","category":"music","streamUrl":"http://icecast.thisisdax.com/RadioXUKMP3","codec":"MP3","bitrate":128,"tags":""}},{"type":"Feature","geometry":{"type":"Point","coordinates":[107.2377,-6.3314]},"properties":{"id":"963277e4-0601-11e8-ae97-52543be04c81","name":"Retjo Buntung 99.4 FM","country":"Indonesia","countryCode":"ID","state":"Yogyakarta","category":"music","streamUrl":"http://45.64.97.82:9940/","codec":"MP3","bitrate":128,"tags":"yogyakarta"}},{"type":"Feature","geometry":{"type":"Point","coordinates":[-76.4106,37.9422]},"properties":{"id":"960d4bdc-0601-11e8-ae97-52543be04c81","name":"181.FM - Kickin' Country","country":"The United States Of America","countryCode":"US","state":"Virginia","category":"music","streamUrl":"https://listen.181fm.com/181-kickincountry_128k.mp3","codec":"MP3","bitrate":128,"tags":"country, pop, rock, waynesboro"}},{"type":"Feature","geometry":{"type":"Point","coordinates":[77.7541,28.3832]},"properties":{"id":"63ebf295-bca6-11e8-aaf2-52543be04c81","name":"2B! Radio Sangam Devi Maa","country":"India","countryCode":"IN","state":"India","category":"music","streamUrl":"http://ibadat.out.airtime.pro:8000/ibadat_a","codec":"MP3","bitrate":64,"tags":"mantra, spiritual"}},{"type":"Feature","geometry":{"type":"Point","coordinates":[33.2585,40.2766]},"properties":{"id":"1e3038cc-eafc-45d0-a2e5-ef4c5d40494a","name":"Baba Radyo","country":"Türkiye","countryCode":"TR","state":"Turkey","category":"music","streamUrl":"http://46.20.7.116/","codec":"AAC+","bitrate":64,"tags":"folk"}},{"type":"Feature","geometry":{"type":"Point","coordinates":[-78.2931,39.6897]},"properties":{"id":"bafbd6cc-65e0-4af7-907b-dd1c425e8917","name":"70s 80s Disco Funk ModernSoul Boogie","country":"The United States Of America","countryCode":"US","state":"New York NY","category":"music","streamUrl":"https://discofunk.streamingmedia.it/usa","codec":"MP3","bitrate":192,"tags":"1970s, 1980s, 70's, 70er, 70s, 70s disco, 80, 80's, 80er, 80s"}},{"type":"Feature","geometry":{"type":"Point","coordinates":[-48.4402,-24.76]},"properties":{"id":"8cf1083b-a326-11e8-abb8-52543be04c81","name":"JB FM","country":"Brazil","countryCode":"BR","state":"Rio de Janeiro","category":"music","streamUrl":"http://24273.live.streamtheworld.com/JBFMAAC_SC","codec":"AAC+","bitrate":48,"tags":""}},{"type":"Feature","geometry":{"type":"Point","coordinates":[6.9302,46.5193]},"properties":{"id":"962a752e-0601-11e8-ae97-52543be04c81","name":"1.FM - Rock Classics Radio","country":"Switzerland","countryCode":"CH","state":"Switzerland","category":"music","streamUrl":"http://strm112.1.fm/rockclassics_mobile_mp3","codec":"MP3","bitrate":256,"tags":"classic rock"}},{"type":"Feature","geometry":{"type":"Point","coordinates":[13.2451,52.4002]},"properties":{"id":"ca2d0aa2-6fc8-4761-beb6-ce692a4a9bf5","name":"Best Of Rock.FM Alternative Rock","country":"Germany","countryCode":"DE","state":"Germany","category":"music","streamUrl":"https://bestofrockfm.stream.vip/altrock/mp3-256/bestofrock.fm/","codec":"MP3","bitrate":128,"tags":"alternative metal, alternative rock, grunge, indie rock, punkrock, rock"}},{"type":"Feature","geometry":{"type":"Point","coordinates":[7.7264,47.3104]},"properties":{"id":"96154673-0601-11e8-ae97-52543be04c81","name":"1.FM - Cafe Radio","country":"Switzerland","countryCode":"CH","state":"Switzerland","category":"music","streamUrl":"http://strm112.1.fm/caferadio_mobile_mp3","codec":"MP3","bitrate":256,"tags":"latin, pop, world music"}},{"type":"Feature","geometry":{"type":"Point","coordinates":[-79.385261896897,43.6266250623248]},"properties":{"id":"a3253a96-a1ba-4cf5-bf4b-ec7988afcfd3","name":"REGGAE CHILL CAFE","country":"Canada","countryCode":"CA","state":"Ontario","category":"music","streamUrl":"https://maggie.torontocast.com:2020/stream/reggaechillcafe","codec":"MP3","bitrate":128,"tags":"chill, chillout, dancehall, reggae, relax, relaxation, relaxing, tropical"}},{"type":"Feature","geometry":{"type":"Point","coordinates":[13.9645,53.0519]},"properties":{"id":"dfe95eca-06e0-11e9-a80b-52543be04c81","name":"RMNinstrumental","country":"Germany","countryCode":"DE","state":"Germany","category":"music","streamUrl":"http://stream.instrumentalhits.de:8060/","codec":"MP3","bitrate":192,"tags":"instrumental"}},{"type":"Feature","geometry":{"type":"Point","coordinates":[25.978875024965053,44.440055810542525]},"properties":{"id":"70d48cfd-eedd-400a-8b7a-881e7015fc3f","name":"Radio Zu","country":"Romania","countryCode":"RO","state":"ROMANIA","category":"music","streamUrl":"http://zuicast.digitalag.ro:9420/zu","codec":"AAC+","bitrate":96,"tags":"top 40"}},{"type":"Feature","geometry":{"type":"Point","coordinates":[-77.8939,37.9112]},"properties":{"id":"88740aa4-085b-4158-a863-6d92d2129daa","name":"Nostalgie New York","country":"The United States Of America","countryCode":"US","state":"New York","category":"music","streamUrl":"http://c32.radioboss.fm:8139/stream","codec":"MP3","bitrate":128,"tags":"60s, 70s, 80s, 90s, classic hits, classic rock, disco, music, nostalgie, pop"}},{"type":"Feature","geometry":{"type":"Point","coordinates":[12.322,42.2558]},"properties":{"id":"962878f4-0601-11e8-ae97-52543be04c81","name":"Radio Kiss Kiss Napoli","country":"Italy","countryCode":"IT","state":"Campania","category":"music","streamUrl":"http://wma08.fluidstream.net:3612/;listen.pls","codec":"MP3","bitrate":128,"tags":"pop"}},{"type":"Feature","geometry":{"type":"Point","coordinates":[-3.804,40.8124]},"properties":{"id":"de39fc19-0636-4d05-acbb-2aba2c0d1f7a","name":"LOS40 Classic","country":"Spain","countryCode":"ES","state":"Spain","category":"music","streamUrl":"https://playerservices.streamtheworld.com/api/livestream-redirect/LOS40_CLASSIC.mp3","codec":"MP3","bitrate":128,"tags":"pop rock"}},{"type":"Feature","geometry":{"type":"Point","coordinates":[11.923,50.3115]},"properties":{"id":"8a41b60c-f115-11e8-a471-52543be04c81","name":"- 0 N - 80s on Radio","country":"Germany","countryCode":"DE","state":"Bayern","category":"music","streamUrl":"https://0n-80s.radionetz.de/0n-80s.mp3","codec":"MP3","bitrate":128,"tags":"80er, 80s, oldies, pop"}},{"type":"Feature","geometry":{"type":"Point","coordinates":[21.3281,52.214]},"properties":{"id":"96117fec-0601-11e8-ae97-52543be04c81","name":"Polskie Radio Program 1","country":"Poland","countryCode":"PL","state":"Warszawa","category":"music","streamUrl":"http://mp3.polskieradio.pl:8900/","codec":"MP3","bitrate":192,"tags":"polskieradio, public radio"}},{"type":"Feature","geometry":{"type":"Point","coordinates":[5.9415757,49.509605]},"properties":{"id":"0f902505-76c7-489b-8ddc-03b05b5867ae","name":"Generation Dance Radio","country":"Luxembourg","countryCode":"LU","state":"Luxembourg","category":"music","streamUrl":"http://generationdance.lu/radio/8030/hd","codec":"MP3","bitrate":192,"tags":"dance, dj, edm, eurodance, handsup, house, trance"}},{"type":"Feature","geometry":{"type":"Point","coordinates":[106.6687,-5.8676]},"properties":{"id":"1bdb7538-d6af-4c77-ab1e-d51185aa9384","name":"89.2 FM Jakarta, Campur sari","country":"Indonesia","countryCode":"ID","state":"Indonesia","category":"music","streamUrl":"https://a8.siar.us/listen/campursari/stream","codec":"AAC","bitrate":48,"tags":""}},{"type":"Feature","geometry":{"type":"Point","coordinates":[32.6405,40.1927]},"properties":{"id":"31da019f-9f0a-11e9-a787-52543be04c81","name":"ALTIN SARKILAR","country":"Türkiye","countryCode":"TR","state":"Turkey","category":"music","streamUrl":"http://37.247.98.8/stream/25/;","codec":"MP3","bitrate":128,"tags":"golden oldies, retro"}},{"type":"Feature","geometry":{"type":"Point","coordinates":[37.3153,56.0586]},"properties":{"id":"964207bc-0601-11e8-ae97-52543be04c81","name":"Radio Caprice - Eurodance","country":"The Russian Federation","countryCode":"RU","state":"Russia","category":"music","streamUrl":"http://79.120.39.202:9003/","codec":"AAC+","bitrate":320,"tags":"eurodance"}},{"type":"Feature","geometry":{"type":"Point","coordinates":[35.6132259964943,33.95504910606795]},"properties":{"id":"6b77cd64-68ef-4984-91ec-9b7e77a26eda","name":"Radio Liban Libre","country":"Lebanon","countryCode":"LB","state":"","category":"news","streamUrl":"https://edge.mixlr.com/channel/qtqeb","codec":"MP3","bitrate":128,"tags":"arabic music, general, local programming, news, talk"}},{"type":"Feature","geometry":{"type":"Point","coordinates":[-3.2119,40.7597]},"properties":{"id":"2b85feeb-2fb3-4144-af8e-d1df0b5d686b","name":"Absolute Chillout","country":"Spain","countryCode":"ES","state":"Spain","category":"music","streamUrl":"http://edge4.peta.live365.net/b05055_128mp3","codec":"MP3","bitrate":192,"tags":""}},{"type":"Feature","geometry":{"type":"Point","coordinates":[107.3181,-5.6307]},"properties":{"id":"5f96f5c1-e75a-4129-abd3-d7e08360fa56","name":"Radio Dangdut 97.1 FM Jakarta","country":"Indonesia","countryCode":"ID","state":"Indonesia","category":"music","streamUrl":"http://202.147.199.99:8000/;","codec":"MP3","bitrate":192,"tags":""}},{"type":"Feature","geometry":{"type":"Point","coordinates":[2.3894,48.5319]},"properties":{"id":"21ef0997-adba-46c7-a2e1-03e3130bd5ad","name":"法国国际广播电台","country":"France","countryCode":"FR","state":"France","category":"music","streamUrl":"https://rfienchinois64k.ice.infomaniak.ch/rfienchinois-64.mp3","codec":"MP3","bitrate":64,"tags":""}},{"type":"Feature","geometry":{"type":"Point","coordinates":[-3.406,40.1716]},"properties":{"id":"963e6e4a-0601-11e8-ae97-52543be04c81","name":"Radio Marca Barcelona","country":"Spain","countryCode":"ES","state":"Spain","category":"news","streamUrl":"http://radioweb.radiomarcabarcelona.com:9000/stream","codec":"MP3","bitrate":96,"tags":"sports news"}},{"type":"Feature","geometry":{"type":"Point","coordinates":[-4.1984,40.1045]},"properties":{"id":"962e0e57-0601-11e8-ae97-52543be04c81","name":"MegaStarFM","country":"Spain","countryCode":"ES","state":"Madrid","category":"music","streamUrl":"http://flucast35-h-cloud.flumotion.com/cope/megastar.mp3","codec":"MP3","bitrate":128,"tags":"pop, top 40"}},{"type":"Feature","geometry":{"type":"Point","coordinates":[77.4871,28.4611]},"properties":{"id":"baae978e-a9d0-422c-8ad4-ec803da4ef8c","name":"RADIO BOLLYWOOD 90s","country":"India","countryCode":"IN","state":"India","category":"music","streamUrl":"https://stream.zeno.fm/rm4i9pdex3cuv","codec":"MP3","bitrate":128,"tags":""}},{"type":"Feature","geometry":{"type":"Point","coordinates":[12.6266,42.3483]},"properties":{"id":"9626c78f-0601-11e8-ae97-52543be04c81","name":"Radio Kiss Kiss Italia","country":"Italy","countryCode":"IT","state":"Campania","category":"music","streamUrl":"http://wma06.fluidstream.net:3614/;listen.pls","codec":"MP3","bitrate":128,"tags":"pop"}},{"type":"Feature","geometry":{"type":"Point","coordinates":[7.6844,47.2669]},"properties":{"id":"962a6c2f-0601-11e8-ae97-52543be04c81","name":"1.FM - Bombay Beats India Radio","country":"Switzerland","countryCode":"CH","state":"Switzerland","category":"music","streamUrl":"http://strm112.1.fm/bombaybeats_mobile_mp3","codec":"MP3","bitrate":256,"tags":"bollywood"}},{"type":"Feature","geometry":{"type":"Point","coordinates":[-77.2426,39.7921]},"properties":{"id":"ceb6b3af-3bfb-4135-bace-9fa6fac9e8ac","name":"metal rock radio","country":"The United States Of America","countryCode":"US","state":"United States","category":"music","streamUrl":"https://kathy.torontocast.com:2800/;","codec":"MP3","bitrate":128,"tags":"classic rock, metal, rock"}},{"type":"Feature","geometry":{"type":"Point","coordinates":[37.591030597686775,55.73717681630386]},"properties":{"id":"2678a502-9a27-4774-a549-e00091878051","name":"Спутник","country":"The Russian Federation","countryCode":"RU","state":"Москва","category":"news","streamUrl":"https://icecast-rian.cdnvideo.ru/voicerus","codec":"MP3","bitrate":128,"tags":"news, talk"}},{"type":"Feature","geometry":{"type":"Point","coordinates":[107.3646,-6.2544]},"properties":{"id":"c77a82b2-ff5c-4010-a1bb-d2e767865e58","name":"Hardrock 87.6 FM Jakarta","country":"Indonesia","countryCode":"ID","state":"Indonesia","category":"music","streamUrl":"https://stream.radiojar.com/7csmg90fuqruv","codec":"MP3","bitrate":128,"tags":""}},{"type":"Feature","geometry":{"type":"Point","coordinates":[-99.3082,18.9522]},"properties":{"id":"d6f68e4e-d46f-4702-aafe-710d8c9883ec","name":"La Comadre Ciudad de México - 1260 AM - XEL-AM - Grupo ACIR - Ciudad de México","country":"Mexico","countryCode":"MX","state":"Ciudad de México","category":"music","streamUrl":"https://playerservices.streamtheworld.com/api/livestream-redirect/XELAMAAC.aac","codec":"AAC+","bitrate":48,"tags":"1260, 1260 am, acir, am, banda, cdmx, ciudad de méxico, estación, grupera, grupo acir"}},{"type":"Feature","geometry":{"type":"Point","coordinates":[2.8556,49.1367]},"properties":{"id":"3098a58b-5e2d-4ed4-8eb9-a38791bcec64","name":"Yoga Chill","country":"France","countryCode":"FR","state":"France","category":"music","streamUrl":"http://178.32.111.41:8027/stream-128kmp3-YogaChill","codec":"MP3","bitrate":128,"tags":"meditation, spiritual, yoga, zen"}},{"type":"Feature","geometry":{"type":"Point","coordinates":[19.055786132812504,47.486028093177474]},"properties":{"id":"9e077bed-f46f-4506-8237-c26be0538fdc","name":"Klubrádió 95,3","country":"Hungary","countryCode":"HU","state":"Budapest","category":"news","streamUrl":"https://a7.asurahosting.com:8160/radio.mp3","codec":"MP3","bitrate":192,"tags":"news"}},{"type":"Feature","geometry":{"type":"Point","coordinates":[24.1996,37.4772]},"properties":{"id":"9611d448-0601-11e8-ae97-52543be04c81","name":"Sfera 102.2","country":"Greece","countryCode":"GR","state":"Athens","category":"music","streamUrl":"http://sfera.live24.gr/sfera4132","codec":"AAC","bitrate":128,"tags":"greek, pop, top 40"}},{"type":"Feature","geometry":{"type":"Point","coordinates":[13.4453,51.9718]},"properties":{"id":"960d1692-0601-11e8-ae97-52543be04c81","name":"Country 108","country":"Germany","countryCode":"DE","state":"Berlin","category":"music","streamUrl":"http://tuner.country108.com/;","codec":"MP3","bitrate":128,"tags":"country"}},{"type":"Feature","geometry":{"type":"Point","coordinates":[4.3756,52.5038]},"properties":{"id":"d227990c-2385-4419-8159-1c73a33a58dd","name":"Radio 10","country":"The Netherlands","countryCode":"NL","state":"Netherlands","category":"music","streamUrl":"http://playerservices.streamtheworld.com/api/livestream-redirect/RADIO10.mp3","codec":"MP3","bitrate":128,"tags":"00's, 80's, 90's, classic hits, hits"}},{"type":"Feature","geometry":{"type":"Point","coordinates":[-124.183922,40.785114]},"properties":{"id":"d88c0d24-adb2-11e9-88f4-52543be04c81","name":"Radio Paradise Mellow Mix 320k AAC","country":"The United States Of America","countryCode":"US","state":"California","category":"music","streamUrl":"http://stream.radioparadise.com/mellow-320","codec":"AAC","bitrate":320,"tags":"california, alternative, eclectic, mellow, free, internet, non-commercial"}},{"type":"Feature","geometry":{"type":"Point","coordinates":[76.6835,29.1489]},"properties":{"id":"7dd71b85-139b-4362-81b1-4206133a517c","name":"Hindi Gold Radio","country":"India","countryCode":"IN","state":"India","category":"music","streamUrl":"https://azuracast.vibesounds.in:8010/radio.mp3","codec":"MP3","bitrate":128,"tags":""}},{"type":"Feature","geometry":{"type":"Point","coordinates":[-48.2111,-23.3342]},"properties":{"id":"345cc08c-a5e3-43d9-9543-0626f2081177","name":"Bons Tempos FM","country":"Brazil","countryCode":"BR","state":"Brazil","category":"music","streamUrl":"https://server02.ouvir.radio.br:8050/stream?1609720768800","codec":"AAC","bitrate":48,"tags":"nostalgia, nostalgic, rock, romantic"}},{"type":"Feature","geometry":{"type":"Point","coordinates":[0.1273,51.8302]},"properties":{"id":"961917f2-0601-11e8-ae97-52543be04c81","name":"LBC London (London stream) AAC","country":"The United Kingdom Of Great Britain And Northern Ireland","countryCode":"GB","state":"United Kingdom","category":"news","streamUrl":"http://media-sov.musicradio.com/LBCLondon","codec":"AAC","bitrate":48,"tags":"london, news, talk"}},{"type":"Feature","geometry":{"type":"Point","coordinates":[8.525047302246096,47.195649944578136]},"properties":{"id":"0ac7f5db-6f86-428f-8bb2-66ecce89ad1a","name":"1.FM - Deep Techno & Deep House","country":"Switzerland","countryCode":"CH","state":"Zürich","category":"music","streamUrl":"http://strm112.1.fm/deeptech_mobile_mp3","codec":"MP3","bitrate":256,"tags":"deep house, techno"}},{"type":"Feature","geometry":{"type":"Point","coordinates":[2.4218,48.8812]},"properties":{"id":"96135476-0601-11e8-ae97-52543be04c81","name":"Generations Rap U.S","country":"France","countryCode":"FR","state":"France","category":"music","streamUrl":"http://generationfm-underground.ice.infomaniak.ch/generationfm-underground-high.mp3","codec":"MP3","bitrate":128,"tags":""}},{"type":"Feature","geometry":{"type":"Point","coordinates":[107.0447,-6.3803]},"properties":{"id":"598aa769-a27b-4d6a-9482-9456fe0543dd","name":"Suara Surabaya FM","country":"Indonesia","countryCode":"ID","state":"Indonesia","category":"music","streamUrl":"https://c5.siar.us/proxy/ssfm/stream","codec":"AAC+","bitrate":56,"tags":""}},{"type":"Feature","geometry":{"type":"Point","coordinates":[-121.286316,37.809784]},"properties":{"id":"960de41d-0601-11e8-ae97-52543be04c81","name":"SomaFM Metal Detector (128k AAC)","country":"The United States Of America","countryCode":"US","state":"California","category":"music","streamUrl":"https://ice5.somafm.com/metal-128-aac","codec":"AAC","bitrate":128,"tags":"black metal, doom metal, post-punk, progressive rock, sludge, stoner rock, trash"}},{"type":"Feature","geometry":{"type":"Point","coordinates":[30.3938,50.4098]},"properties":{"id":"ef67d1bb-9bf3-480e-bb7c-77973c791ab5","name":"Львівська хвиля (32 кбіт/с)","country":"Ukraine","countryCode":"UA","state":"Lviv","category":"music","streamUrl":"http://onair.lviv.fm:8000/lviv32.fm","codec":"MP3","bitrate":96,"tags":""}},{"type":"Feature","geometry":{"type":"Point","coordinates":[7.1884,46.6053]},"properties":{"id":"962a73d1-0601-11e8-ae97-52543be04c81","name":"1.FM - High Voltage Radio","country":"Switzerland","countryCode":"CH","state":"Switzerland","category":"music","streamUrl":"http://strm112.1.fm/highvoltage_mobile_mp3","codec":"MP3","bitrate":256,"tags":"alternative rock, metal, rock"}},{"type":"Feature","geometry":{"type":"Point","coordinates":[140.0924,35.1365]},"properties":{"id":"9766d47a-68a3-4a30-8aec-c026f1ec6020","name":"Jazz Sakura (asia dream radio)","country":"Japan","countryCode":"JP","state":"Japan","category":"music","streamUrl":"http://kathy.torontocast.com:3330/stream/1/?esPlayer&cb=82181.mp3","codec":"MP3","bitrate":128,"tags":"japanese, japanese music, jazz"}},{"type":"Feature","geometry":{"type":"Point","coordinates":[21.4258,52.7944]},"properties":{"id":"963456fb-0601-11e8-ae97-52543be04c81","name":"Polskie Radio - Czwórka (Program 4) (AAC+)","country":"Poland","countryCode":"PL","state":"Poland","category":"music","streamUrl":"http://stream3.polskieradio.pl:8956/;","codec":"AAC+","bitrate":192,"tags":"alternative"}},{"type":"Feature","geometry":{"type":"Point","coordinates":[77.5631,28.5267]},"properties":{"id":"2c1982bb-cee2-43c2-b5f7-acc09b158af8","name":"My 90s Bengali","country":"India","countryCode":"IN","state":"West Bengal","category":"music","streamUrl":"http://stream.zeno.fm/2k6xfu1pvs8uv","codec":"MP3","bitrate":128,"tags":"90s, bangla, bengali, hits"}},{"type":"Feature","geometry":{"type":"Point","coordinates":[13.1011,52.5819]},"properties":{"id":"962e5ddc-0601-11e8-ae97-52543be04c81","name":"B5 aktuell","country":"Germany","countryCode":"DE","state":"Bavaria","category":"news","streamUrl":"http://streams.br.de/b5aktuell_2.m3u","codec":"UNKNOWN","bitrate":128,"tags":"ard, bayerischer rundfunk, information, news, public radio, talk"}},{"type":"Feature","geometry":{"type":"Point","coordinates":[30.7055,50.6265]},"properties":{"id":"47651599-e323-4375-a9bf-aaae945e243e","name":"TRANCE IS STAR RADIO","country":"Ukraine","countryCode":"UA","state":"Novosyolky","category":"music","streamUrl":"https://myradio24.org/tisradio","codec":"MP3","bitrate":320,"tags":"best music for you"}},{"type":"Feature","geometry":{"type":"Point","coordinates":[10.827713012695314,35.76824352632614]},"properties":{"id":"5b4e5f2a-6069-4562-9e0a-945bde91a83f","name":"Radio Tunisie Monastir","country":"Tunisia","countryCode":"TN","state":"Monastir","category":"music","streamUrl":"http://rtstream.tanitweb.com/monastir","codec":"MP3","bitrate":128,"tags":"monastir, regional"}},{"type":"Feature","geometry":{"type":"Point","coordinates":[149.5807,-34.1071]},"properties":{"id":"9629d012-0601-11e8-ae97-52543be04c81","name":"Kiss FM 87.6, 87.8 & 88.0 Melbourne, VIC","country":"Australia","countryCode":"AU","state":"Victoria","category":"music","streamUrl":"http://cc.net2streams.com:8565/kissfm.mp3","codec":"MP3","bitrate":128,"tags":"dance, electronica, melbourne"}},{"type":"Feature","geometry":{"type":"Point","coordinates":[30.8195,50.4357]},"properties":{"id":"8c0a93e5-7e5a-499d-85eb-347e40445ad1","name":"Радіо НВ 96.0","country":"Ukraine","countryCode":"UA","state":"Kyiv","category":"talk","streamUrl":"https://online-radio.nv.ua/radionv.mp3","codec":"MP3","bitrate":128,"tags":"talk"}},{"type":"Feature","geometry":{"type":"Point","coordinates":[30.3784,50.7755]},"properties":{"id":"32636cb5-883b-443b-9ea5-05ded332eb4e","name":"Радіо Relax 101.5","country":"Ukraine","countryCode":"UA","state":"Kyiv","category":"music","streamUrl":"http://online.radiorelax.ua/RadioRelax","codec":"MP3","bitrate":128,"tags":"music"}},{"type":"Feature","geometry":{"type":"Point","coordinates":[11.99,42.3015]},"properties":{"id":"9617fe3b-0601-11e8-ae97-52543be04c81","name":"Radio Maria","country":"Italy","countryCode":"IT","state":"Lombardia","category":"talk","streamUrl":"http://dreamsiteradiocp.com:8092/;","codec":"MP3","bitrate":128,"tags":"catholic, christian, erba, talk"}},{"type":"Feature","geometry":{"type":"Point","coordinates":[-98.693,19.5914]},"properties":{"id":"15a269a7-9f65-4deb-874a-4b4e6c65c358","name":"MIX Ciudad de México - 106.5 FM - XHDFM-FM - Grupo ACIR - Ciudad de México","country":"Mexico","countryCode":"MX","state":"Ciudad de México","category":"music","streamUrl":"https://18363.live.streamtheworld.com:443/XHDFMFMAAC.aac","codec":"AAC+","bitrate":48,"tags":"2000s, 2010s, 80s, 90s, 90s y más, acir, cdmx, ciudad de méxico, estación, grupo acir"}},{"type":"Feature","geometry":{"type":"Point","coordinates":[20.5118,52.1163]},"properties":{"id":"964d425e-0601-11e8-ae97-52543be04c81","name":"RMF 80s Disco","country":"Poland","countryCode":"PL","state":"Krakow","category":"music","streamUrl":"http://195.150.20.9/80SDISCO","codec":"AAC+","bitrate":64,"tags":"disco"}},{"type":"Feature","geometry":{"type":"Point","coordinates":[11.9856,42.1031]},"properties":{"id":"960beb61-0601-11e8-ae97-52543be04c81","name":"R101 FM","country":"Italy","countryCode":"IT","state":"Lombardia","category":"music","streamUrl":"http://icecast.unitedradio.it/r101","codec":"AAC+","bitrate":96,"tags":"adult contemporary, mediaset, pop"}},{"type":"Feature","geometry":{"type":"Point","coordinates":[-78.0105,37.3017]},"properties":{"id":"961e719c-0601-11e8-ae97-52543be04c81","name":"181.FM - True Blues","country":"The United States Of America","countryCode":"US","state":"Virginia","category":"music","streamUrl":"http://listen.181fm.com/181-blues_128k.mp3","codec":"MP3","bitrate":128,"tags":"blues, waynesboro"}},{"type":"Feature","geometry":{"type":"Point","coordinates":[30.277,50.5689]},"properties":{"id":"52be99a0-c223-4ddf-8e71-1eb0b43552f3","name":"Єдині новини","country":"Ukraine","countryCode":"UA","state":"Ukraine","category":"music","streamUrl":"https://online-news.radioplayer.ua/RadioNews","codec":"MP3","bitrate":64,"tags":""}},{"type":"Feature","geometry":{"type":"Point","coordinates":[11.9303,41.6376]},"properties":{"id":"48ca9396-9e19-11e9-a787-52543be04c81","name":"Virgin Radio Rock Ballads","country":"Italy","countryCode":"IT","state":"Lombardia","category":"music","streamUrl":"http://icy.unitedradio.it/Virgin_06.mp3","codec":"MP3","bitrate":128,"tags":"ballads, mediaset"}},{"type":"Feature","geometry":{"type":"Point","coordinates":[7.1963,46.9862]},"properties":{"id":"961ac635-0601-11e8-ae97-52543be04c81","name":"Radio Swiss Pop","country":"Switzerland","countryCode":"CH","state":"Bern","category":"music","streamUrl":"http://stream.srg-ssr.ch/m/rsp/mp3_128","codec":"MP3","bitrate":128,"tags":"pop, public radio, srg ssr"}},{"type":"Feature","geometry":{"type":"Point","coordinates":[-78.2243,38.0186]},"properties":{"id":"3e2183ea-6fa4-40ec-93b3-887ce68ae67a","name":"SMOOTH JAZZ 24/7","country":"The United States Of America","countryCode":"US","state":"California","category":"music","streamUrl":"http://jking.cdnstream1.com/b75154_128mp3","codec":"MP3","bitrate":192,"tags":"easy listening, jazz, smooth jazz"}},{"type":"Feature","geometry":{"type":"Point","coordinates":[-68.13890218734743,-16.494838647988793]},"properties":{"id":"8042b312-1b60-471b-bf6e-aabdbb4c2512","name":"Radio Cumbia 90s","country":"Bolivia","countryCode":"BO","state":"La Paz (Nuestra Señora de)","category":"music","streamUrl":"https://emiteradio.com/proxy/cumbia90s?mp=/stream","codec":"MP3","bitrate":128,"tags":"90s, bailable, cumbia, latino"}},{"type":"Feature","geometry":{"type":"Point","coordinates":[2.2169,49.1009]},"properties":{"id":"96162e74-0601-11e8-ae97-52543be04c81","name":"France Musique | Classique Easy","country":"France","countryCode":"FR","state":"France","category":"music","streamUrl":"http://direct.francemusique.fr/live/francemusiqueeasyclassique-hifi.mp3","codec":"MP3","bitrate":128,"tags":"classic, classical"}},{"type":"Feature","geometry":{"type":"Point","coordinates":[20.8799,52.319]},"properties":{"id":"9610ee68-0601-11e8-ae97-52543be04c81","name":"Radio Wnet","country":"Poland","countryCode":"PL","state":"Poland","category":"music","streamUrl":"http://audio.radiownet.pl:8000/stream","codec":"MP3","bitrate":128,"tags":""}},{"type":"Feature","geometry":{"type":"Point","coordinates":[12.2993,41.9429]},"properties":{"id":"962c02bc-0601-11e8-ae97-52543be04c81","name":"Radio Ibiza","country":"Italy","countryCode":"IT","state":"Campania","category":"music","streamUrl":"http://wma08.fluidstream.net:5010/;stream.aac","codec":"MP3","bitrate":128,"tags":"dance, electronica, napoli"}},{"type":"Feature","geometry":{"type":"Point","coordinates":[73.01788330078126,33.618121647181376]},"properties":{"id":"cc059379-dd72-451e-82af-434cb3859c7b","name":"Radio Pak Filmi","country":"Pakistan","countryCode":"PK","state":"","category":"music","streamUrl":"http://s17.ssl-stream.com:8214/stream","codec":"MP3","bitrate":128,"tags":"lollywood, radio pak filmi, urdu"}},{"type":"Feature","geometry":{"type":"Point","coordinates":[113.9398,22.2799]},"properties":{"id":"0e495b97-0a3d-49cf-9476-8814450b4cd0","name":"RTHK Radio 1","country":"Hong Kong","countryCode":"HK","state":"Hong Kong","category":"news","streamUrl":"http://stm1.rthk.hk/radio1","codec":"MP3","bitrate":128,"tags":"educational, entertainment, news"}},{"type":"Feature","geometry":{"type":"Point","coordinates":[4.4406,50.6876]},"properties":{"id":"961d37d6-0601-11e8-ae97-52543be04c81","name":"RTBF La Première","country":"Belgium","countryCode":"BE","state":"Belgium","category":"news","streamUrl":"https://radios.rtbf.be/laprem1ere-64.aac","codec":"MP3","bitrate":128,"tags":"news, rtbf, variety"}},{"type":"Feature","geometry":{"type":"Point","coordinates":[77.6291,28.9565]},"properties":{"id":"0db90d9a-4ecc-450c-b8fa-695405b24587","name":"Bollywood 2010's","country":"India","countryCode":"IN","state":"India","category":"music","streamUrl":"https://drive.uber.radio/uber/bollywood2010s/icecast.audio","codec":"MP3","bitrate":128,"tags":"bollywood, hindi"}},{"type":"Feature","geometry":{"type":"Point","coordinates":[-47.667,-21.966]},"properties":{"id":"65908a60-3a4c-4d8c-b66c-d8eb96faefc6","name":"89 A Radio Rock","country":"Brazil","countryCode":"BR","state":"São Paulo","category":"music","streamUrl":"https://playerservices.streamtheworld.com/api/livestream-redirect/RADIO_89FM_ADP.aac?dist=site-89fm","codec":"AAC+","bitrate":128,"tags":"alternative rock, rock"}},{"type":"Feature","geometry":{"type":"Point","coordinates":[13.7248,52.6093]},"properties":{"id":"9605ec6a-0601-11e8-ae97-52543be04c81","name":"WDR 2 Rheinland","country":"Germany","countryCode":"DE","state":"North Rhine-Westphalia","category":"news","streamUrl":"http://wdr-wdr2-rheinland.icecast.wdr.de/wdr/wdr2/rheinland/mp3/128/stream.mp3","codec":"MP3","bitrate":128,"tags":"music, news, talk"}},{"type":"Feature","geometry":{"type":"Point","coordinates":[33.2492,40.4952]},"properties":{"id":"862444ed-dcfb-4c23-b2ad-b85d5c8f91ba","name":"a HABER","country":"Türkiye","countryCode":"TR","state":"Turkey","category":"music","streamUrl":"https://trkvz-radyolar.ercdn.net/ahaberradyo/playlist.m3u8","codec":"AAC","bitrate":64,"tags":""}},{"type":"Feature","geometry":{"type":"Point","coordinates":[13.8213,51.9892]},"properties":{"id":"1b762b21-2ec6-412a-a231-fa34a96f4f99","name":"80s80s Radio","country":"Germany","countryCode":"DE","state":"Germany","category":"music","streamUrl":"http://regiocast.streamabc.net/regc-80s80smweb2517500-mp3-192-1672667?sABC=6nn9pn5r%230%23r30o443r1929r059s085628511796n57%23&aw_0_1st.playerid=&amsparams=playerid:;skey:1789512286","codec":"MP3","bitrate":128,"tags":"80s, new wave, pop, rock"}},{"type":"Feature","geometry":{"type":"Point","coordinates":[33.1898,39.4384]},"properties":{"id":"b3e6320b-0ffc-4d4e-a999-2467897b17e6","name":"Radyo Fenomen","country":"Türkiye","countryCode":"TR","state":"Turkey","category":"music","streamUrl":"https://live.radyofenomen.com/fenomen/128/icecast.audio","codec":"AAC+","bitrate":56,"tags":"turkey"}},{"type":"Feature","geometry":{"type":"Point","coordinates":[13.1138,52.3327]},"properties":{"id":"96056147-0601-11e8-ae97-52543be04c81","name":"Hit Radio FFH","country":"Germany","countryCode":"DE","state":"Hessen","category":"music","streamUrl":"http://mp3.ffh.de/radioffh/hqlivestream.mp3","codec":"MP3","bitrate":128,"tags":"pop, top 40"}},{"type":"Feature","geometry":{"type":"Point","coordinates":[106.7715,-6.3746]},"properties":{"id":"6f424852-4bf4-431e-a715-3fcb553095b3","name":"CNN Indonesia","country":"Indonesia","countryCode":"ID","state":"Indonesia","category":"news","streamUrl":"https://live.cnnindonesia.com/livecnn/smil:cnntv/chunklist.m3u8","codec":"UNKNOWN","bitrate":384,"tags":"news"}},{"type":"Feature","geometry":{"type":"Point","coordinates":[-58.1222,-34.8554]},"properties":{"id":"e085b71b-aa0f-43f1-b24a-2bead9a8238c","name":"Radio Rivadavia","country":"Argentina","countryCode":"AR","state":"Buenos Aires","category":"music","streamUrl":"https://playerservices.streamtheworld.com/api/livestream-redirect/RIVADAVIA.mp3","codec":"MP3","bitrate":96,"tags":""}},{"type":"Feature","geometry":{"type":"Point","coordinates":[0.3792,52.0928]},"properties":{"id":"98137c2d-ce68-4e33-8cb7-ddf3692ecc9d","name":"BBC Radio 4 (128k)","country":"The United Kingdom Of Great Britain And Northern Ireland","countryCode":"GB","state":"United Kingdom","category":"news","streamUrl":"http://as-hls-ww-live.akamaized.net/pool_55057080/live/ww/bbc_radio_fourfm/bbc_radio_fourfm.isml/bbc_radio_fourfm-audio%3d128000.norewind.m3u8","codec":"UNKNOWN","bitrate":128,"tags":"comedy, drama, news, talk"}},{"type":"Feature","geometry":{"type":"Point","coordinates":[-99.15066719055176,19.431791067311856]},"properties":{"id":"5766fc5b-ce3e-4f46-a5b3-c274ea46d8e6","name":"ALFA 91.3 (Ciudad de México) - 91.3 FM - XHFAJ-FM - Grupo Radio Centro - Ciudad de México","country":"Mexico","countryCode":"MX","state":"Ciudad de México","category":"music","streamUrl":"https://playerservices.streamtheworld.com/api/livestream-redirect/XHFAJ_FMAAC.aac","codec":"AAC+","bitrate":128,"tags":"91.3, 91.3 fm, alfa, cdmx, ciudad de mexico, ciudad de méxico, entretenimiento, estación, fm, grupo radio centro"}},{"type":"Feature","geometry":{"type":"Point","coordinates":[12.8126,52.8136]},"properties":{"id":"9615dc04-0601-11e8-ae97-52543be04c81","name":"Antenne Bayern - Classic Rock Live (MP3)","country":"Germany","countryCode":"DE","state":"Bavaria","category":"music","streamUrl":"http://mp3channels.webradio.antenne.de/classic-rock-live","codec":"MP3","bitrate":128,"tags":"classic rock"}},{"type":"Feature","geometry":{"type":"Point","coordinates":[6.9846,46.3785]},"properties":{"id":"962a67c2-0601-11e8-ae97-52543be04c81","name":"1.FM - Alternative Rock X Hits Radio","country":"Switzerland","countryCode":"CH","state":"Switzerland","category":"music","streamUrl":"http://strm112.1.fm/x_mobile_mp3","codec":"MP3","bitrate":256,"tags":"alternative rock"}},{"type":"Feature","geometry":{"type":"Point","coordinates":[-3.693069219589234,40.419291805837446]},"properties":{"id":"07dbb40c-f3a8-4f45-925d-c16ef08c7293","name":"Radio Marca Madrid","country":"Spain","countryCode":"ES","state":"Madrid","category":"music","streamUrl":"https://playerservices.streamtheworld.com/api/livestream-redirect/RADIOMARCA_NACIONAL_SC","codec":"MP3","bitrate":128,"tags":"sports"}},{"type":"Feature","geometry":{"type":"Point","coordinates":[-124.183922,40.785114]},"properties":{"id":"d61e880e-e8f0-11e9-a96c-52543be04c81","name":"Radio Paradise Main Mix 128 AAC","country":"The United States Of America","countryCode":"US","state":"California","category":"music","streamUrl":"http://stream.radioparadise.com/aac-128","codec":"AAC","bitrate":128,"tags":"california, eclectic, free, internet, non-commercial, paradise, radio"}},{"type":"Feature","geometry":{"type":"Point","coordinates":[28.0316,-26.1623]},"properties":{"id":"9614225b-0601-11e8-ae97-52543be04c81","name":"Jacaranda FM","country":"South Africa","countryCode":"ZA","state":"South Africa","category":"talk","streamUrl":"https://edge.iono.fm/xice/jacarandafm_live_medium.aac","codec":"AAC+","bitrate":48,"tags":"adult contemporary, pop, regional radio, talk"}},{"type":"Feature","geometry":{"type":"Point","coordinates":[43.95546434754289,36.2025772891184]},"properties":{"id":"e1393f04-f2eb-42d0-961f-e4de13a489b4","name":"radio maria iraq","country":"Iraq","countryCode":"IQ","state":"اربيل","category":"music","streamUrl":"http://dreamsiteradiocp4.com:8046/stream","codec":"MP3","bitrate":64,"tags":""}},{"type":"Feature","geometry":{"type":"Point","coordinates":[76.6196,28.5204]},"properties":{"id":"68d00a44-200c-4c82-b17f-18d777f3b2ee","name":"Vividh Bharati","country":"India","countryCode":"IN","state":"India","category":"music","streamUrl":"https://air.pc.cdn.bitgravity.com/air/live/pbaudio001/playlist.m3u8","codec":"AAC","bitrate":93,"tags":""}},{"type":"Feature","geometry":{"type":"Point","coordinates":[21.5036,52.222]},"properties":{"id":"c101cf0d-9385-452f-96f8-ad46425f89d3","name":"VOX FM","country":"Poland","countryCode":"PL","state":"Poland","category":"music","streamUrl":"http://ic2.smcdn.pl/3990-1.mp3","codec":"MP3","bitrate":128,"tags":""}},{"type":"Feature","geometry":{"type":"Point","coordinates":[-99.13118362426758,19.435114698525712]},"properties":{"id":"177cc601-a536-41cc-bd67-7d10b1a5dee1","name":"Radio Felicidad - 1180 AM - XEFR-AM - Grupo ACIR - Ciudad de México","country":"Mexico","countryCode":"MX","state":"Ciudad de México","category":"music","streamUrl":"https://playerservices.streamtheworld.com/api/livestream-redirect/XEFRAMAAC.aac","codec":"AAC+","bitrate":48,"tags":"1180 am, 60s, 70s, 80s, acir, am, balada, balada en español, balada pop, balada romántica"}},{"type":"Feature","geometry":{"type":"Point","coordinates":[12.1106,41.7365]},"properties":{"id":"ae6a44a0-2ae6-421f-b66b-d2700c8f92e8","name":"CLASSIC HITS RADIO Italia","country":"Italy","countryCode":"IT","state":"Italy","category":"music","streamUrl":"https://classichitsradio.streamingmedia.it/play","codec":"AAC+","bitrate":192,"tags":"1970s, 1980s, 70's, 70s, 70s disco, 80, 80's, 80s, classic hits"}},{"type":"Feature","geometry":{"type":"Point","coordinates":[4.437576817581431,52.212081295561816]},"properties":{"id":"d58a82c3-b7f1-4c1c-83b1-9e45d42e1e19","name":"Arrow Classic Rock","country":"The Netherlands","countryCode":"NL","state":"","category":"music","streamUrl":"https://stream.player.arrow.nl/arrowcr","codec":"MP3","bitrate":96,"tags":"classic rock, mp3, rock"}},{"type":"Feature","geometry":{"type":"Point","coordinates":[100.4337,14.0252]},"properties":{"id":"964326ca-0601-11e8-ae97-52543be04c81","name":"90 rakthai","country":"Thailand","countryCode":"TH","state":"Thailand","category":"music","streamUrl":"http://radio11.plathong.net:8896/;stream.mp3","codec":"MP3","bitrate":96,"tags":""}},{"type":"Feature","geometry":{"type":"Point","coordinates":[107.1,-6.2189]},"properties":{"id":"fb19cfc3-4839-11ea-a860-52543be04c81","name":"Suara Muslim Surabaya","country":"Indonesia","countryCode":"ID","state":"Indonesia","category":"music","streamUrl":"http://pu.klikhost.com:8052/","codec":"MP3","bitrate":96,"tags":""}},{"type":"Feature","geometry":{"type":"Point","coordinates":[32.2909,40.218]},"properties":{"id":"159e4625-43d8-4cda-b98c-819edfad8667","name":"Süper FM","country":"Türkiye","countryCode":"TR","state":"Turkey","category":"music","streamUrl":"http://25603.live.streamtheworld.com:3690/SUPER_FMAAC_SC","codec":"AAC+","bitrate":64,"tags":"pop"}},{"type":"Feature","geometry":{"type":"Point","coordinates":[13.4017,52.533]},"properties":{"id":"9608c0e3-0601-11e8-ae97-52543be04c81","name":"MDR Aktuell","country":"Germany","countryCode":"DE","state":"Germany","category":"news","streamUrl":"http://mdr-284340-0.cast.mdr.de/mdr/284340/0/mp3/high/stream.mp3","codec":"MP3","bitrate":128,"tags":"information, news"}},{"type":"Feature","geometry":{"type":"Point","coordinates":[3.1640625000000004,47.27922900257085]},"properties":{"id":"12e68964-5928-4623-b82e-4bf9a4963780","name":"RMC Info Talk Sport","country":"France","countryCode":"FR","state":"","category":"news","streamUrl":"https://audio.bfmtv.com/rmcradio_128.mp3?aw_0_1st.playerId=RMC_audio_web&aggregator=RMC_audio_web","codec":"MP3","bitrate":128,"tags":"sports news"}},{"type":"Feature","geometry":{"type":"Point","coordinates":[13.63,52.9089]},"properties":{"id":"0c9ddabb-b41c-11e8-afe1-52543be04c81","name":"90s90s Techno HQ","country":"Germany","countryCode":"DE","state":"Germany","category":"music","streamUrl":"http://streams.90s90s.de/techno/mp3-192/radiode/","codec":"MP3","bitrate":128,"tags":"90s, techno"}},{"type":"Feature","geometry":{"type":"Point","coordinates":[18.99343013763428,50.104117826335035]},"properties":{"id":"0013eb82-2dea-41f7-9534-936d0b2721b7","name":"TokFM","country":"Poland","countryCode":"PL","state":"","category":"music","streamUrl":"https://radiostream.pl/tuba10-1.mp3","codec":"MP3","bitrate":128,"tags":""}},{"type":"Feature","geometry":{"type":"Point","coordinates":[13.0021,52.012]},"properties":{"id":"8f1e8acf-2ce6-4542-a423-bc29ea514e4a","name":"__TRANCE__ by rautemusik (rm.fm)","country":"Germany","countryCode":"DE","state":"North Rhine-Westphalia","category":"music","streamUrl":"https://trance-high.rautemusik.fm/?ref=radiobrowser","codec":"MP3","bitrate":192,"tags":"electro, electro house, electronic, hits, progressive psytrance, progressive trance, psytrance, trance, vocal trance"}},{"type":"Feature","geometry":{"type":"Point","coordinates":[-58.6007,-35.0043]},"properties":{"id":"bcb3b03a-f0ec-4ceb-b22f-922138858800","name":"Rock And Pop FM 95.9 (Rock & Pop) Ciudad de Buenos Aires","country":"Argentina","countryCode":"AR","state":"Argentina","category":"music","streamUrl":"https://playerservices.streamtheworld.com/api/livestream-redirect/ROCKANDPOPAAC.aac","codec":"AAC+","bitrate":64,"tags":""}},{"type":"Feature","geometry":{"type":"Point","coordinates":[29.01048472916617,41.057849301833365]},"properties":{"id":"04407d31-2cc0-11e8-91bf-52543be04c81","name":"dinamo.fm sleep","country":"Türkiye","countryCode":"TR","state":"Istanbul","category":"music","streamUrl":"http://channels.dinamo.fm/sleep-mp3","codec":"MP3","bitrate":320,"tags":"ambient, chillout, lullaby, relaxing, sleep, zen"}},{"type":"Feature","geometry":{"type":"Point","coordinates":[12.6787,41.7196]},"properties":{"id":"96242832-0601-11e8-ae97-52543be04c81","name":"Radio Radicale","country":"Italy","countryCode":"IT","state":"Lazio","category":"talk","streamUrl":"http://live.radioradicale.it/live.mp3","codec":"MP3","bitrate":128,"tags":"politics, talk"}},{"type":"Feature","geometry":{"type":"Point","coordinates":[37.61306762695313,55.74530369880979]},"properties":{"id":"39094c88-fc5d-4628-b5e7-5884b58ba8a5","name":"Звезда","country":"The Russian Federation","countryCode":"RU","state":"Moscow","category":"news","streamUrl":"https://icecast-zvezda.mediacdn.ru/radio/zvezda/zvezda_128","codec":"MP3","bitrate":128,"tags":"news, russian, talk, новости, разговор, разговорное, россия, русский"}},{"type":"Feature","geometry":{"type":"Point","coordinates":[23.9381,37.6587]},"properties":{"id":"dcbbb866-0116-11ea-bbf2-52543be04c81","name":"Psyndora Psytrance","country":"Greece","countryCode":"GR","state":"Hellas","category":"music","streamUrl":"http://cast.magicstreams.gr:9111/stream","codec":"MP3","bitrate":128,"tags":"goa, non-stop music, psyndora, psytrance, trance"}},{"type":"Feature","geometry":{"type":"Point","coordinates":[-100.31131267547607,25.68546898634433]},"properties":{"id":"f94514ec-c316-4d21-bd27-b7f0e8e1944b","name":"BANDA 93.3 (Monterrey) - 93.3 FM - XHQQ-FM - Grupo Radio Centro - Monterrey, NL","country":"Mexico","countryCode":"MX","state":"Nuevo León","category":"music","streamUrl":"https://playerservices.streamtheworld.com/api/livestream-redirect/XHQQ_FMAAC.aac","codec":"AAC+","bitrate":128,"tags":"93.3, 93.3 fm, banda, banda norteña, banda tradicional, estación, fm, grupera, grupero, grupo radio centro"}},{"type":"Feature","geometry":{"type":"Point","coordinates":[-46.0827,-22.1401]},"properties":{"id":"ad039169-2969-4a7a-be83-86f079f4a55e","name":"Rádio Bandeirantes - São Paulo","country":"Brazil","countryCode":"BR","state":"São Paulo","category":"news","streamUrl":"https://playerservices.streamtheworld.com/api/livestream-redirect/RadioBandeirantesAAC.m3u8","codec":"AAC+","bitrate":64,"tags":"local news"}},{"type":"Feature","geometry":{"type":"Point","coordinates":[-76.6337,40.7008]},"properties":{"id":"0b2c57db-885d-46d8-bbee-0651449759f1","name":"MSNBC","country":"The United States Of America","countryCode":"US","state":"United States","category":"news","streamUrl":"https://tunein.cdnstream1.com/3511_96.mp3","codec":"MP3","bitrate":96,"tags":"news"}},{"type":"Feature","geometry":{"type":"Point","coordinates":[-78.6592,39.0085]},"properties":{"id":"9638a3a5-0601-11e8-ae97-52543be04c81","name":"181.FM - 90's Country","country":"The United States Of America","countryCode":"US","state":"Virginia","category":"music","streamUrl":"http://listen.181fm.com/181-90scountry_128k.mp3","codec":"MP3","bitrate":128,"tags":"90s, country, waynesboro"}},{"type":"Feature","geometry":{"type":"Point","coordinates":[8.613281250000002,50.68427770577119]},"properties":{"id":"cc0fdbe3-a2fb-4f0a-b67d-b47acd6354c7","name":"Technolovers DEEP HOUSE","country":"Germany","countryCode":"DE","state":"NRW","category":"music","streamUrl":"https://stream.technolovers.fm/deep-house?ref=radiobrowser","codec":"MP3","bitrate":192,"tags":"deep house, electro house, electronic, elektro, elektronik, house, progressive house, vocal house"}},{"type":"Feature","geometry":{"type":"Point","coordinates":[12.2689,41.5059]},"properties":{"id":"961756e4-0601-11e8-ae97-52543be04c81","name":"Radio Kiss Kiss","country":"Italy","countryCode":"IT","state":"Campania","category":"music","streamUrl":"http://wma08.fluidstream.net:4610/","codec":"MP3","bitrate":128,"tags":"adult contemporary, pop"}},{"type":"Feature","geometry":{"type":"Point","coordinates":[44.38600074200708,33.305273314646655]},"properties":{"id":"bc1e8eb3-a94e-48d7-892a-e790a1599b60","name":"SumerFm Iraq","country":"Iraq","countryCode":"IQ","state":"Baghdad","category":"music","streamUrl":"https://l3.itworkscdn.net/itwaudio/9012/stream","codec":"MP3","bitrate":128,"tags":"arabic music, iraq, iraq radio, music, sumer, sumerfm"}},{"type":"Feature","geometry":{"type":"Point","coordinates":[39.0852,54.5924]},"properties":{"id":"18570040-960a-4f41-96dc-fe47d5878dd1","name":"Соловьёв LIVE","country":"The Russian Federation","countryCode":"RU","state":"Russia","category":"news","streamUrl":"https://solovievfm.hostingradio.ru/solovievfm128.aacp","codec":"AAC","bitrate":128,"tags":"politics, world news"}},{"type":"Feature","geometry":{"type":"Point","coordinates":[33.4528,40.2252]},"properties":{"id":"de28a78a-6cee-453d-b9df-13557334dfdb","name":"Radyo Seymen","country":"Türkiye","countryCode":"TR","state":"Turkey","category":"music","streamUrl":"https://yayin.radyoseymen.com.tr:1070/stream","codec":"AAC+","bitrate":128,"tags":""}},{"type":"Feature","geometry":{"type":"Point","coordinates":[4.484,51.832]},"properties":{"id":"46e55863-cef7-4f50-954e-3fa7feede49f","name":"NPO Radio 5","country":"The Netherlands","countryCode":"NL","state":"Netherlands","category":"music","streamUrl":"https://icecast.omroep.nl/radio5-bb-mp3","codec":"MP3","bitrate":192,"tags":"60's, 70's, 80's, evergreens"}},{"type":"Feature","geometry":{"type":"Point","coordinates":[7.2759,46.9842]},"properties":{"id":"961f1da4-0601-11e8-ae97-52543be04c81","name":"SRF 3","country":"Switzerland","countryCode":"CH","state":"Switzerland","category":"music","streamUrl":"http://stream.srg-ssr.ch/m/drs3/mp3_128","codec":"MP3","bitrate":128,"tags":"pop, public radio, srg ssr"}},{"type":"Feature","geometry":{"type":"Point","coordinates":[-3.8503,40.9659]},"properties":{"id":"77330159-8780-443b-b4dd-bcb519b49011","name":"ElectroDanceWorld Radio","country":"Spain","countryCode":"ES","state":"World","category":"music","streamUrl":"http://stream.zeno.fm/s70bvdgqks8uv","codec":"AAC","bitrate":128,"tags":"big room, club house, dance, deep house, drum and bass, dubstep, dutch house, edm, electro house, electronic"}},{"type":"Feature","geometry":{"type":"Point","coordinates":[13.6739,51.9244]},"properties":{"id":"960536e6-0601-11e8-ae97-52543be04c81","name":"MDR Klassik","country":"Germany","countryCode":"DE","state":"Germany","category":"music","streamUrl":"http://mdr-284350-0.cast.mdr.de/mdr/284350/0/mp3/high/stream.mp3","codec":"MP3","bitrate":128,"tags":"classical"}},{"type":"Feature","geometry":{"type":"Point","coordinates":[7.8094,46.5996]},"properties":{"id":"962a8356-0601-11e8-ae97-52543be04c81","name":"1.FM - BOM Psytrance Radio","country":"Switzerland","countryCode":"CH","state":"Switzerland","category":"music","streamUrl":"http://strm112.1.fm/psytrance_mobile_mp3","codec":"MP3","bitrate":256,"tags":"full-on, progressive psytrance, psytrance"}},{"type":"Feature","geometry":{"type":"Point","coordinates":[77.2762,28.2696]},"properties":{"id":"74c09a82-e6f1-4276-8afc-d25ea6d02898","name":"Vividh Bharti","country":"India","countryCode":"IN","state":"Mumbai","category":"news","streamUrl":"http://air.pc.cdn.bitgravity.com/air/live/pbaudio001/playlist.m3u8","codec":"AAC","bitrate":93,"tags":""}},{"type":"Feature","geometry":{"type":"Point","coordinates":[-45.9628,-23.1343]},"properties":{"id":"84a51775-4137-48c8-b72b-85f4b5edc7e5","name":"Super Radio Tupi 96.5","country":"Brazil","countryCode":"BR","state":"Rio de Janeiro","category":"news","streamUrl":"https://8923.brasilstream.com.br/stream","codec":"AAC","bitrate":32,"tags":"local news, news talk, variety"}},{"type":"Feature","geometry":{"type":"Point","coordinates":[-17.45597949997248,14.711400429396372]},"properties":{"id":"4ba828bb-ec19-4285-b46d-1a534cddd8a9","name":"RTS 92.5 RSI","country":"Senegal","countryCode":"SN","state":"","category":"music","streamUrl":"https://10gb1.acangroup.org:8000/rsi","codec":"AAC","bitrate":128,"tags":""}},{"type":"Feature","geometry":{"type":"Point","coordinates":[6.9924,46.5626]},"properties":{"id":"9625c394-0601-11e8-ae97-52543be04c81","name":"1.FM - Bay Smooth Jazz Radio","country":"Switzerland","countryCode":"CH","state":"Switzerland","category":"music","streamUrl":"http://strm112.1.fm/smoothjazz_mobile_mp3","codec":"MP3","bitrate":256,"tags":"smooth jazz"}},{"type":"Feature","geometry":{"type":"Point","coordinates":[13.5116,52.3172]},"properties":{"id":"c7d36378-4637-11e9-aa55-52543be04c81","name":"WDR4","country":"Germany","countryCode":"DE","state":"Niedersachsen","category":"music","streamUrl":"http://wdr-wdr4-live.icecast.wdr.de/wdr/wdr4/live/mp3/128/stream.mp3","codec":"MP3","bitrate":128,"tags":""}},{"type":"Feature","geometry":{"type":"Point","coordinates":[-75.7418,45.8674]},"properties":{"id":"9620b36f-0601-11e8-ae97-52543be04c81","name":"CFRB News/Talk 1010 (Toronto, ON)","country":"Canada","countryCode":"CA","state":"Ontario","category":"news","streamUrl":"http://18303.live.streamtheworld.com:3690/CFRBAMAAC_SC","codec":"AAC+","bitrate":56,"tags":"commercial, local news, news, news talk"}},{"type":"Feature","geometry":{"type":"Point","coordinates":[76.6576,28.0154]},"properties":{"id":"db5a1f42-7f91-4531-895b-1b7f1ff45bc8","name":"Hindi Retro","country":"India","countryCode":"IN","state":"India","category":"music","streamUrl":"https://stream.zeno.fm/v2zfmxef798uv","codec":"MP3","bitrate":128,"tags":""}},{"type":"Feature","geometry":{"type":"Point","coordinates":[0.2741,51.2322]},"properties":{"id":"961bd688-0601-11e8-ae97-52543be04c81","name":"Different Drumz DnB Radio","country":"The United Kingdom Of Great Britain And Northern Ireland","countryCode":"GB","state":"United Kingdom","category":"music","streamUrl":"http://andromeda.shoutca.st:8031/","codec":"MP3","bitrate":192,"tags":""}},{"type":"Feature","geometry":{"type":"Point","coordinates":[33.1271,40.4054]},"properties":{"id":"1ca0c477-cdb5-4e7e-a6b2-db854e6b311d","name":"DamarTurk FM","country":"Türkiye","countryCode":"TR","state":"Turkey","category":"music","streamUrl":"https://live.radyositesihazir.com:10997/stream?type=http&nocache=99881","codec":"MP3","bitrate":128,"tags":""}},{"type":"Feature","geometry":{"type":"Point","coordinates":[-121.286316,37.809784]},"properties":{"id":"701106b9-59e3-11ea-be63-52543be04c81","name":"SomaFM Heavyweight Reggae (256k MP3)","country":"The United States Of America","countryCode":"US","state":"","category":"music","streamUrl":"https://ice5.somafm.com/reggae-256-mp3","codec":"MP3","bitrate":320,"tags":"reggae, rocksteady, roots reggae, ska"}},{"type":"Feature","geometry":{"type":"Point","coordinates":[13.804,52.4775]},"properties":{"id":"9618ca06-0601-11e8-ae97-52543be04c81","name":"RADIO BOB! BOBs Alternative Rock","country":"Germany","countryCode":"DE","state":"Germany","category":"music","streamUrl":"http://streams.radiobob.de/bob-alternative/mp3-192/streams.radiobob.de/","codec":"MP3","bitrate":128,"tags":"alternative, rock"}},{"type":"Feature","geometry":{"type":"Point","coordinates":[114.5161,22.2537]},"properties":{"id":"2be788be-a558-428b-93b1-6cc6e4a768ff","name":"RTHK Radio 2","country":"Hong Kong","countryCode":"HK","state":"Hong Kong","category":"music","streamUrl":"http://stm2.rthk.hk/radio2","codec":"MP3","bitrate":128,"tags":"entertainment, pop"}},{"type":"Feature","geometry":{"type":"Point","coordinates":[13.6571,53.0067]},"properties":{"id":"9648702b-0601-11e8-ae97-52543be04c81","name":"NDR Info (Hamburg)","country":"Germany","countryCode":"DE","state":"Hamburg","category":"news","streamUrl":"http://icecast.ndr.de/ndr/ndrinfo/hamburg/mp3/128/stream.mp3","codec":"MP3","bitrate":128,"tags":"culture, information, kultur, local news, news, regional"}},{"type":"Feature","geometry":{"type":"Point","coordinates":[77.7146,28.7736]},"properties":{"id":"6560f39b-7a31-4f77-abf1-8cb9528c51c0","name":"Radio Retro Bollywood 90s","country":"India","countryCode":"IN","state":"India","category":"music","streamUrl":"https://stream-143.zeno.fm/fdgs82xkzhhvv","codec":"MP3","bitrate":128,"tags":"bollywood, hindi bollywood"}},{"type":"Feature","geometry":{"type":"Point","coordinates":[-79.38835501670839,43.64424012917393]},"properties":{"id":"147a830e-fbc3-4260-9504-6dcc62530923","name":"CBC Radio 1 Toronto","country":"Canada","countryCode":"CA","state":"Ontario","category":"music","streamUrl":"https://cbcradiolive.akamaized.net/hls/live/2041036/ES_R1ETR/master.m3u8","codec":"AAC","bitrate":48,"tags":"public radio"}},{"type":"Feature","geometry":{"type":"Point","coordinates":[-0.5488,51.4321]},"properties":{"id":"9617bbd8-0601-11e8-ae97-52543be04c81","name":"Radio X","country":"The United Kingdom Of Great Britain And Northern Ireland","countryCode":"GB","state":"United Kingdom","category":"music","streamUrl":"http://media-the.musicradio.com/RadioXUK","codec":"AAC","bitrate":48,"tags":"indie, pop"}},{"type":"Feature","geometry":{"type":"Point","coordinates":[13.0988,52.1219]},"properties":{"id":"9615de2d-0601-11e8-ae97-52543be04c81","name":"Antenne Bayern - Top 40","country":"Germany","countryCode":"DE","state":"Bavaria","category":"music","streamUrl":"http://mp3channels.webradio.antenne.de/top-40","codec":"MP3","bitrate":128,"tags":"top 40"}},{"type":"Feature","geometry":{"type":"Point","coordinates":[121.1788,14.9087]},"properties":{"id":"9c9368a3-8f90-4fc8-ba49-1127f9861d2f","name":"Star FM Manila","country":"The Philippines","countryCode":"PH","state":"Philippines","category":"music","streamUrl":"https://stream-13.zeno.fm/g1pmt17nz9duv","codec":"AAC","bitrate":128,"tags":""}},{"type":"Feature","geometry":{"type":"Point","coordinates":[121.0911,14.8245]},"properties":{"id":"27993f09-c8ba-4369-9e42-2e4729e8cd45","name":"DYHP 612 RMN Cebu","country":"The Philippines","countryCode":"PH","state":"Philippines","category":"music","streamUrl":"https://de3.amfmph.com/ssl/rmncebu?mp=%2Fstream","codec":"MP3","bitrate":64,"tags":""}},{"type":"Feature","geometry":{"type":"Point","coordinates":[13.048,52.4907]},"properties":{"id":"9618c8c0-0601-11e8-ae97-52543be04c81","name":"RADIO BOB! Classic Rock","country":"Germany","countryCode":"DE","state":"Germany","category":"music","streamUrl":"http://streams.radiobob.de/bob-classicrock/mp3-192/streams.radiobob.de/","codec":"MP3","bitrate":128,"tags":"rock"}},{"type":"Feature","geometry":{"type":"Point","coordinates":[77.1415,28.2921]},"properties":{"id":"5b7687b7-7bef-40ac-b854-81a89c011610","name":"Diverse FM","country":"India","countryCode":"IN","state":"India","category":"music","streamUrl":"https://carol.epichosts.co.uk:8570/;","codec":"AAC+","bitrate":128,"tags":""}},{"type":"Feature","geometry":{"type":"Point","coordinates":[-57.9568,-35.1118]},"properties":{"id":"f006d4dc-9771-4109-bf35-eb09291320da","name":"Mitre AM 790. AAC Alta. Ciudad de Buenos Aires","country":"Argentina","countryCode":"AR","state":"Argentina","category":"music","streamUrl":"https://playerservices.streamtheworld.com/api/livestream-redirect/AM790_56AAC.aac","codec":"AAC+","bitrate":64,"tags":""}},{"type":"Feature","geometry":{"type":"Point","coordinates":[2.2384,48.9622]},"properties":{"id":"84764bda-eb7e-11e9-a96c-52543be04c81","name":"FIP Reggae","country":"France","countryCode":"FR","state":"France","category":"music","streamUrl":"http://icecast.radiofrance.fr/fipreggae-hifi.aac","codec":"AAC","bitrate":192,"tags":"aac, public radio, radio france, reggae"}},{"type":"Feature","geometry":{"type":"Point","coordinates":[13.3601,52.482]},"properties":{"id":"0de82079-04e7-407b-b616-e0726eba5244","name":"Bayern 3","country":"Germany","countryCode":"DE","state":"Bayern","category":"music","streamUrl":"https://dispatcher.rndfnk.com/br/br3/live/mp3/mid","codec":"MP3","bitrate":128,"tags":"pop"}},{"type":"Feature","geometry":{"type":"Point","coordinates":[101.7525,2.5398]},"properties":{"id":"7c3927d0-f5c2-4295-82d9-3db0f54fe219","name":"Slow Rock 90'","country":"Malaysia","countryCode":"MY","state":"Malaysia","category":"music","streamUrl":"https://stream.zeno.fm/hiut6cwfoneuv","codec":"MP3","bitrate":128,"tags":"90's, classic rock, general, rock, slow rock"}},{"type":"Feature","geometry":{"type":"Point","coordinates":[27.9411,-26.2176]},"properties":{"id":"9621d2a4-0601-11e8-ae97-52543be04c81","name":"Bosveld Stereo","country":"South Africa","countryCode":"ZA","state":"South Africa","category":"music","streamUrl":"http://capeant.antfarm.co.za:8000/Bosveld","codec":"AAC","bitrate":96,"tags":"pop, rock"}},{"type":"Feature","geometry":{"type":"Point","coordinates":[-44.8535,-21.9406]},"properties":{"id":"ef07dbb2-1176-4b09-bb87-9e841300c3cf","name":"Smooth Jazz Lounge","country":"Brazil","countryCode":"BR","state":"Sao Paulo (Brazil)","category":"music","streamUrl":"https://radio4.vip-radios.fm:18060/stream-128kmp3-SmoothJazzLounge","codec":"MP3","bitrate":128,"tags":"jazz, smooth jazz, smooth lounge"}},{"type":"Feature","geometry":{"type":"Point","coordinates":[140.2464,35.9388]},"properties":{"id":"1adf1539-e647-44c3-85d8-b437b768fb8c","name":"Anime Para Ti","country":"Japan","countryCode":"JP","state":"Japan","category":"music","streamUrl":"https://stream.zeno.fm/qpn8mkt8c4duv","codec":"MP3","bitrate":128,"tags":"anime, anime openings, jpop, music"}},{"type":"Feature","geometry":{"type":"Point","coordinates":[1.8851,48.2618]},"properties":{"id":"958c558d-6b13-4829-92ff-49233f56de97","name":"OUI FM","country":"France","countryCode":"FR","state":"France","category":"music","streamUrl":"https://ouifm.ice.infomaniak.ch/ouifm-high.mp3","codec":"MP3","bitrate":128,"tags":"rock"}},{"type":"Feature","geometry":{"type":"Point","coordinates":[-74.08432960510255,4.6544085813455025]},"properties":{"id":"6a436cad-5aa9-4a8d-a879-7f8328749b3e","name":"Caracol Radio (Bogotá) - 100.9 FM / 810 AM - HJGL / HJCY - PRISA Radio - Bogotá, Colombia","country":"Colombia","countryCode":"CO","state":"Bogotá","category":"news","streamUrl":"https://playerservices.streamtheworld.com/api/livestream-redirect/CARACOL_RADIOAAC.aac","codec":"AAC+","bitrate":32,"tags":"100.9 fm, 810 am, am, bogotá, caracol radio, colombia, combo, entretenimiento, español, estación"}},{"type":"Feature","geometry":{"type":"Point","coordinates":[-73.54923963546754,45.5201863454914]},"properties":{"id":"cc527ea6-060f-4fe8-b31a-cad732ff7d3e","name":"ICI Radio-Canada Première Montréal","country":"Canada","countryCode":"CA","state":"Quebec","category":"news","streamUrl":"https://rcavliveaudio.akamaized.net/hls/live/2006635/P-2QMTL0_MTL/playlist.m3u8","codec":"AAC","bitrate":143,"tags":"news, talk"}},{"type":"Feature","geometry":{"type":"Point","coordinates":[1.9154,48.4666]},"properties":{"id":"96102634-0601-11e8-ae97-52543be04c81","name":"Latina","country":"France","countryCode":"FR","state":"France","category":"music","streamUrl":"http://start-latina.ice.infomaniak.ch/start-latina-high.mp3","codec":"MP3","bitrate":128,"tags":"latin"}},{"type":"Feature","geometry":{"type":"Point","coordinates":[13.8358,52.3059]},"properties":{"id":"9e3b0f8e-95d3-11e9-a605-52543be04c81","name":"NDR 2","country":"Germany","countryCode":"DE","state":"Hamburg","category":"music","streamUrl":"https://icecast.ndr.de/ndr/ndr2/niedersachsen/mp3/128/stream.mp3","codec":"MP3","bitrate":128,"tags":"pop"}},{"type":"Feature","geometry":{"type":"Point","coordinates":[2.3154,49.3479]},"properties":{"id":"be1e97e2-064a-4710-9ce9-d792d8beb1ca","name":"Europe 2","country":"France","countryCode":"FR","state":"France","category":"music","streamUrl":"http://europe2.lmn.fm/europe2.mp3","codec":"MP3","bitrate":128,"tags":"pop rock"}},{"type":"Feature","geometry":{"type":"Point","coordinates":[11.9073,42.2209]},"properties":{"id":"9ff8c9b6-34d5-4457-befd-bdad9c218217","name":"Radio Sportiva","country":"Italy","countryCode":"IT","state":"Italy","category":"news","streamUrl":"https://sportiva.inmystream.it/stream/sportiva","codec":"AAC+","bitrate":36,"tags":"sport"}},{"type":"Feature","geometry":{"type":"Point","coordinates":[-3.3407,40.6068]},"properties":{"id":"743889d5-5472-4e9f-ac61-5f0f04e7efa8","name":"KISS FM","country":"Spain","countryCode":"ES","state":"Madrid","category":"music","streamUrl":"https://adhandler.kissfmradio.cires21.com/get_link?url=https://bbkissfm.kissfmradio.cires21.com/bbkissfm.mp3","codec":"MP3","bitrate":56,"tags":"2000s, 80's, 80s, 90's, 90s, music, musica, música, pop music, spanish"}},{"type":"Feature","geometry":{"type":"Point","coordinates":[-79.38755268995014,43.63789777781491]},"properties":{"id":"7afae7e3-8d06-42f5-b59e-a52d6e09e60e","name":"# RdMix Classic Rock 70s 80s 90s","country":"Canada","countryCode":"CA","state":"Ontario","category":"music","streamUrl":"https://cast1.torontocast.com:4610/stream","codec":"MP3","bitrate":128,"tags":"60s, 60s and 70s., 70's, 70er, 70s, 80's, 80er, 80s, 90's, 90er"}},{"type":"Feature","geometry":{"type":"Point","coordinates":[32.8518,39.9608]},"properties":{"id":"706def0c-7017-4601-8305-db1cdb2e9420","name":"Super Fm","country":"Türkiye","countryCode":"TR","state":"Turkey","category":"music","streamUrl":"https://playerservices.streamtheworld.com/api/livestream-redirect/SUPER_FM_SC","codec":"MP3","bitrate":64,"tags":"pop"}},{"type":"Feature","geometry":{"type":"Point","coordinates":[7.7067,47.0484]},"properties":{"id":"9608efd5-0601-11e8-ae97-52543be04c81","name":"RTS La Première","country":"Switzerland","countryCode":"CH","state":"Switzerland","category":"music","streamUrl":"http://stream.srg-ssr.ch/m/la-1ere/mp3_128","codec":"MP3","bitrate":128,"tags":"public radio, srg ssr"}},{"type":"Feature","geometry":{"type":"Point","coordinates":[37.735,54.8443]},"properties":{"id":"c4175f89-69da-11ea-b1cf-52543be04c81","name":"Бизнес FM","country":"The Russian Federation","countryCode":"RU","state":"Russia","category":"news","streamUrl":"https://bfm.hostingradio.ru:9075/fm","codec":"MP3","bitrate":256,"tags":"business, business news, business programs"}},{"type":"Feature","geometry":{"type":"Point","coordinates":[149.7158,-35.4311]},"properties":{"id":"9616206e-0601-11e8-ae97-52543be04c81","name":"ABC Radio National AAC+","country":"Australia","countryCode":"AU","state":"Australia","category":"news","streamUrl":"https://abc.streamguys1.com/live/rnnsw/icecast.audio","codec":"AAC+","bitrate":56,"tags":"abc, features, information, news, public radio"}},{"type":"Feature","geometry":{"type":"Point","coordinates":[2.1321,49.0657]},"properties":{"id":"2e5c08e4-ab83-4036-baf6-339aeffcb3b8","name":"BFM Radio (128.mp3)","country":"France","countryCode":"FR","state":"France","category":"music","streamUrl":"https://audio.bfmtv.com/bfmradio_128.mp3","codec":"MP3","bitrate":256,"tags":""}},{"type":"Feature","geometry":{"type":"Point","coordinates":[7.910156250000001,50.90649688226162]},"properties":{"id":"5ea0c406-cc3e-4a36-9a32-37ed4d5a180e","name":"Technolovers EDM","country":"Germany","countryCode":"DE","state":"NRW","category":"music","streamUrl":"https://stream.technolovers.fm/edm?ref=radiobrowser","codec":"MP3","bitrate":192,"tags":"club house, dance, edm, electro, electro house, electronic, electronic dance music, electronica, electropop, house"}},{"type":"Feature","geometry":{"type":"Point","coordinates":[100.041,14.0135]},"properties":{"id":"b192034c-6cbd-11e8-b15b-52543be04c81","name":"มิติข่าว 90.5","country":"Thailand","countryCode":"TH","state":"Bangkok","category":"news","streamUrl":"http://live3.smartbomb.co.th:8624/;stream.mp3","codec":"MP3","bitrate":128,"tags":"news, news talk"}},{"type":"Feature","geometry":{"type":"Point","coordinates":[33.1113,39.4329]},"properties":{"id":"a31ff324-2ae1-11e9-a35e-52543be04c81","name":"Radyo Voyage","country":"Türkiye","countryCode":"TR","state":"Istanbul","category":"music","streamUrl":"http://voyagewmp.radyotvonline.com/;stream.mp3","codec":"AAC+","bitrate":63,"tags":"folk, mood, relaxing, world"}},{"type":"Feature","geometry":{"type":"Point","coordinates":[77.035,29.1014]},"properties":{"id":"7b130d03-6142-4de2-85db-a821b5949468","name":"latamangeshkarradio","country":"India","countryCode":"IN","state":"India","category":"music","streamUrl":"https://stream.zeno.fm/87xam8pf7tzuv","codec":"MP3","bitrate":128,"tags":""}},{"type":"Feature","geometry":{"type":"Point","coordinates":[33.3845,40.0103]},"properties":{"id":"33128b7d-e1b9-46e3-be4d-8515b186a9a2","name":"90lar turkey","country":"Türkiye","countryCode":"TR","state":"Turkey","category":"music","streamUrl":"http://37.247.98.8/stream/166/","codec":"MP3","bitrate":128,"tags":""}},{"type":"Feature","geometry":{"type":"Point","coordinates":[13.0682,52.9186]},"properties":{"id":"960e47fc-0601-11e8-ae97-52543be04c81","name":"104.6 RTL","country":"Germany","countryCode":"DE","state":"Berlin","category":"music","streamUrl":"http://stream.104.6rtl.com/rtl-live/mp3-192/radio-browser.info/","codec":"MP3","bitrate":128,"tags":"adult contempary, hits"}},{"type":"Feature","geometry":{"type":"Point","coordinates":[5.4339,52.8145]},"properties":{"id":"961de024-0601-11e8-ae97-52543be04c81","name":"Sky Radio 80's Hits","country":"The Netherlands","countryCode":"NL","state":"Netherlands","category":"music","streamUrl":"http://playerservices.streamtheworld.com/api/livestream-redirect/SRGSTR04.mp3","codec":"MP3","bitrate":128,"tags":"80s"}},{"type":"Feature","geometry":{"type":"Point","coordinates":[6.9564,46.3591]},"properties":{"id":"960ed987-0601-11e8-ae97-52543be04c81","name":"SRF 4 News","country":"Switzerland","countryCode":"CH","state":"Switzerland","category":"news","streamUrl":"http://stream.srg-ssr.ch/m/drs4news/mp3_128","codec":"MP3","bitrate":128,"tags":"news, public radio, srg ssr"}},{"type":"Feature","geometry":{"type":"Point","coordinates":[30.5252,49.996]},"properties":{"id":"a29d6620-3592-4f79-8ba5-2a781e34edef","name":"Хіт ФМ Українські хіти","country":"Ukraine","countryCode":"UA","state":"Ukraine","category":"music","streamUrl":"http://online.hitfm.ua/HitFM_Ukr","codec":"MP3","bitrate":128,"tags":"pop, ukrainian"}},{"type":"Feature","geometry":{"type":"Point","coordinates":[6.765383968319215,51.25081368494548]},"properties":{"id":"dd98c499-a0c4-4019-a35e-99caa6940407","name":"# TOP 100 CLUB CHARTS - DANCE & DJ MIX RADIO - 24 HOURS NON-STOP MUSIC @ TikTok Hits, Ibiza House, Sunset Lounge, Melodic Music, EDM, Deep House, Dance Music, Techno & Hypertechno, Rave Charts, Top 40 Charts, Latin, Reggaeton Music, Moombahton, Urban Hits, HipHop, Party & Clubbing Radio, Trending Chartmusic, R&B, Urban, Mixtape - & LIVE DJ SET","country":"Germany","countryCode":"DE","state":"Deutschland (Germany)","category":"music","streamUrl":"https://breakz-2012-high.rautemusik.fm/?ref=radiobrowser-top100-clubcharts","codec":"MP3","bitrate":192,"tags":"#, #charts, #club, #djmix, #mashup, #radio, #top100, 00s, 90s, beachclub"}},{"type":"Feature","geometry":{"type":"Point","coordinates":[-58.8372,-34.0478]},"properties":{"id":"3c6c111c-6bbc-44ae-8ad8-46b502b3002a","name":"Radio Rivadavia AM 630. Ciudad de Buenos Aires","country":"Argentina","countryCode":"AR","state":"Argentina","category":"music","streamUrl":"https://playerservices.streamtheworld.com/api/livestream-redirect/RIVADAVIAAAC.aac","codec":"AAC+","bitrate":64,"tags":""}},{"type":"Feature","geometry":{"type":"Point","coordinates":[5.2059,52.9052]},"properties":{"id":"962e7e22-0601-11e8-ae97-52543be04c81","name":"SLAM!","country":"The Netherlands","countryCode":"NL","state":"Netherlands","category":"music","streamUrl":"http://stream.slam.nl/slam","codec":"MP3","bitrate":128,"tags":"dance, electro, house, pop"}},{"type":"Feature","geometry":{"type":"Point","coordinates":[-46.71074509620667,-23.59531909533537]},"properties":{"id":"4a17b7fa-42a0-4c32-bdc6-dc1c59066c96","name":"bandnews fm sp","country":"Brazil","countryCode":"BR","state":"State of São Paulo","category":"news","streamUrl":"https://playerservices.streamtheworld.com/api/livestream-redirect/BANDNEWSFM_SPAAC.m3u8","codec":"AAC+","bitrate":64,"tags":"news, news talk"}},{"type":"Feature","geometry":{"type":"Point","coordinates":[38.7762451171875,9.016616271939526]},"properties":{"id":"4cc6b1aa-5bf4-4fa6-87d2-9c687a854f8a","name":"Ethio FM 107.8","country":"Ethiopia","countryCode":"ET","state":"","category":"music","streamUrl":"https://stream.zeno.fm/72y045deqeruv","codec":"MP3","bitrate":128,"tags":"public radio"}},{"type":"Feature","geometry":{"type":"Point","coordinates":[-4.2017,40.6457]},"properties":{"id":"b8601593-152a-429d-9cb2-5065cf7c0185","name":"ONDA CERO (España)","country":"Spain","countryCode":"ES","state":"Madrid","category":"music","streamUrl":"https://atres-live.ondacero.es/live/ondacero/bitrate_1.m3u8","codec":"AAC","bitrate":128,"tags":"noticias y música"}},{"type":"Feature","geometry":{"type":"Point","coordinates":[13.9271,53.1032]},"properties":{"id":"9639c07d-0601-11e8-ae97-52543be04c81","name":"NDR Info (Niedersachsen)","country":"Germany","countryCode":"DE","state":"Lower Saxony","category":"news","streamUrl":"http://icecast.ndr.de/ndr/ndrinfo/live/mp3/128/stream.mp3","codec":"MP3","bitrate":128,"tags":"cultural news, culture, information, kultur, local news, news, regional"}},{"type":"Feature","geometry":{"type":"Point","coordinates":[-58.43730926513672,-34.60169564406928]},"properties":{"id":"7b03996e-6ea0-4db5-8168-ddd1463faec2","name":"La 100 - 99.9 FM - Grupo Clarín - Buenos Aires, Argentina","country":"Argentina","countryCode":"AR","state":"Buenos Aires","category":"music","streamUrl":"https://playerservices.streamtheworld.com/api/livestream-redirect/FM999_56.mp3","codec":"MP3","bitrate":96,"tags":"99.9 fm, argentina, buenos aires, entretenimiento, español, estación, fm, grupo clarín, la 100, latinoamérica"}},{"type":"Feature","geometry":{"type":"Point","coordinates":[-3.3568,40.8745]},"properties":{"id":"40cf6cba-2dde-11ea-aa0c-52543be04c81","name":"Radiolé","country":"Spain","countryCode":"ES","state":"Andalucía","category":"music","streamUrl":"http://23603.live.streamtheworld.com:3690/RADIOLEAAC_SC","codec":"AAC+","bitrate":56,"tags":""}},{"type":"Feature","geometry":{"type":"Point","coordinates":[27.7483,-26.0108]},"properties":{"id":"ab05e667-14e1-11e8-ae97-52543be04c81","name":"94.7","country":"South Africa","countryCode":"ZA","state":"Gauteng","category":"music","streamUrl":"http://22333.live.streamtheworld.com/FM947AAC_SC","codec":"AAC+","bitrate":32,"tags":"classic hits, hiphop, hits, pop, rock"}},{"type":"Feature","geometry":{"type":"Point","coordinates":[28.0512,-26.4069]},"properties":{"id":"96192d12-0601-11e8-ae97-52543be04c81","name":"702 Johannesburg","country":"South Africa","countryCode":"ZA","state":"Gauteng","category":"news","streamUrl":"http://20133.live.streamtheworld.com:3690/FM702_SC","codec":"MP3","bitrate":64,"tags":"johannesburg, news talk"}},{"type":"Feature","geometry":{"type":"Point","coordinates":[121.5128,25.0357]},"properties":{"id":"96b88cb2-76a4-43fb-9257-e791103f5fa8","name":"臺北電台","country":"Taiwan, Republic Of China","countryCode":"TW","state":"Taipei","category":"news","streamUrl":"https://stream.ginnet.cloud/live0130lo-yfyo/_definst_/fm/playlist.m3u8","codec":"AAC","bitrate":322,"tags":"news, public radio, talk"}},{"type":"Feature","geometry":{"type":"Point","coordinates":[121.5792,14.9065]},"properties":{"id":"604bb4af-ccf6-47bd-819e-7d1accd15e05","name":"Barangay LS 97.1 Manila","country":"The Philippines","countryCode":"PH","state":"Manila","category":"talk","streamUrl":"http://28093.live.streamtheworld.com:3690/MORFM_S01AAC_SC","codec":"AAC+","bitrate":64,"tags":"opm, talk, top 40, variety"}},{"type":"Feature","geometry":{"type":"Point","coordinates":[-98.9445,19.4986]},"properties":{"id":"f8fb7eac-cc70-4e71-b56d-47ff892f9e85","name":"La Mejor Ciudad de México - 97.7 FM - XERC-FM - MVS Radio - Ciudad de México","country":"Mexico","countryCode":"MX","state":"Ciudad de México","category":"music","streamUrl":"https://playerservices.streamtheworld.com/api/livestream-redirect/XERCFM_SC","codec":"MP3","bitrate":128,"tags":"97.7, 97.7 fm, aquí nomás, banda, cdmx, ciudad de méxico, estación, fm, grupera, la mejor"}},{"type":"Feature","geometry":{"type":"Point","coordinates":[9.192810058593752,45.451521079053535]},"properties":{"id":"46904395-5af6-444d-bbf9-786000f39bac","name":"Radio Deejay","country":"Italy","countryCode":"IT","state":"Lombardia","category":"music","streamUrl":"http://streamcdnb1-4c4b867c89244861ac216426883d1ad0.msvdn.net/radiodeejay/radiodeejay/play1.m3u8","codec":"UNKNOWN","bitrate":128,"tags":"music"}},{"type":"Feature","geometry":{"type":"Point","coordinates":[13.0474,52.922]},"properties":{"id":"960ebea6-0601-11e8-ae97-52543be04c81","name":"Berliner Rundfunk 91.4","country":"Germany","countryCode":"DE","state":"Berlin","category":"music","streamUrl":"http://stream.berliner-rundfunk.de/brf/mp3-128/internetradio/","codec":"MP3","bitrate":128,"tags":"berlin, pop"}},{"type":"Feature","geometry":{"type":"Point","coordinates":[4.402635790952025,50.85325707417748]},"properties":{"id":"960ef35c-0601-11e8-ae97-52543be04c81","name":"VRT Radio 1","country":"Belgium","countryCode":"BE","state":"Brussels","category":"news","streamUrl":"http://icecast.vrtcdn.be/radio1-high.mp3","codec":"MP3","bitrate":128,"tags":"news, pop, vrt"}},{"type":"Feature","geometry":{"type":"Point","coordinates":[4.5971,52.3277]},"properties":{"id":"003d3c6f-e183-11e9-a8ba-52543be04c81","name":"Qmusic","country":"The Netherlands","countryCode":"NL","state":"Netherlands","category":"music","streamUrl":"https://icecast-qmusicnl-cdp.triple-it.nl/Qmusic_nl_live_96.mp3","codec":"MP3","bitrate":96,"tags":""}},{"type":"Feature","geometry":{"type":"Point","coordinates":[100.8396,13.8058]},"properties":{"id":"850723b8-24a6-4dca-add8-b0da39db7d39","name":"Cool fahrenheit","country":"Thailand","countryCode":"TH","state":"Thailand","category":"music","streamUrl":"https://coolism-web.cdn.byteark.com/;stream/1","codec":"MP3","bitrate":128,"tags":""}},{"type":"Feature","geometry":{"type":"Point","coordinates":[37.63102074948402,55.74218625866417]},"properties":{"id":"c4453134-d33d-4e72-8ec9-7cae783cbe74","name":"Радио Sputnik (новости) / Radio Sputnik (news)","country":"The Russian Federation","countryCode":"RU","state":"Moscow","category":"news","streamUrl":"https://icecast-rian.cdnvideo.ru/voicerus","codec":"MP3","bitrate":128,"tags":"news"}},{"type":"Feature","geometry":{"type":"Point","coordinates":[31.267089843750004,30.000613964597378]},"properties":{"id":"5db41df8-9921-421f-a618-84864ededf86","name":"إذاعة القرآن الكريم (القاهرة)","country":"Egypt","countryCode":"EG","state":"","category":"music","streamUrl":"https://stream.radiojar.com/8s5u5tpdtwzuv","codec":"MP3","bitrate":128,"tags":""}},{"type":"Feature","geometry":{"type":"Point","coordinates":[72.8767776489258,19.07429620176593]},"properties":{"id":"1bbb4664-d187-49f1-b328-b2f3888fef36","name":"New Hits Of Bollywood","country":"India","countryCode":"IN","state":"Mumbai","category":"music","streamUrl":"https://stream-146.zeno.fm/rqqps6cbe3quv?zs=loHp_DNyRPiAxC52AL95hg","codec":"MP3","bitrate":128,"tags":""}},{"type":"Feature","geometry":{"type":"Point","coordinates":[4.199199067259288,52.009669597716154]},"properties":{"id":"a1189085-eed0-414c-b8d8-6652189767dd","name":"Fantasy Italo Dance 90s radio","country":"The Netherlands","countryCode":"NL","state":"Zuid-Holland","category":"music","streamUrl":"https://mscp2.live-streams.nl:8152/italodance","codec":"MP3","bitrate":256,"tags":"90s, dance, eurobeat, italo, italodance, italohouse"}},{"type":"Feature","geometry":{"type":"Point","coordinates":[13.1715,52.1079]},"properties":{"id":"36a6d57a-4d8a-45e3-aad9-7931c6e43c56","name":"SWR1 BW","country":"Germany","countryCode":"DE","state":"Baden-Württemberg","category":"music","streamUrl":"https://liveradio.swr.de/sw282p3/swr1bw/play.mp3","codec":"MP3","bitrate":128,"tags":""}},{"type":"Feature","geometry":{"type":"Point","coordinates":[-45.7157,-21.842]},"properties":{"id":"46d02cdb-49a6-11e9-a4d7-52543be04c81","name":"Gaúcha","country":"Brazil","countryCode":"BR","state":"Rio Grande do Sul","category":"music","streamUrl":"https://1132747t.ha.azioncdn.net/primary/gaucha_rbs.sdp/playlist.m3u8","codec":"UNKNOWN","bitrate":1000,"tags":"futebol, notícias"}},{"type":"Feature","geometry":{"type":"Point","coordinates":[1.9834,48.8847]},"properties":{"id":"0b80555f-eb5c-4fce-94d2-109eec7bee6b","name":"France Inter","country":"France","countryCode":"FR","state":"France","category":"music","streamUrl":"https://icecast.radiofrance.fr/franceinter-hifi.aac","codec":"AAC","bitrate":192,"tags":"aac, general, public radio, radio france"}},{"type":"Feature","geometry":{"type":"Point","coordinates":[106.8981,-6.6847]},"properties":{"id":"6282b213-c07e-4ec7-a8b2-4eb19e18d03b","name":"Gen 98.7 FM Jakarta","country":"Indonesia","countryCode":"ID","state":"DKI Jakarta","category":"news","streamUrl":"http://103.246.184.62:1935/noice_genfm/genfm/chunklist_w279187457.m3u8","codec":"UNKNOWN","bitrate":128,"tags":"music, news, talk"}},{"type":"Feature","geometry":{"type":"Point","coordinates":[77.2809,28.9065]},"properties":{"id":"a2002b37-4ebf-4a60-96d0-ce03d7e45a83","name":"Bollywood_Dance","country":"India","countryCode":"IN","state":"India","category":"music","streamUrl":"http://drive.uber.radio/uber/bollywooddance/icecast.audio","codec":"MP3","bitrate":128,"tags":"dance, music"}},{"type":"Feature","geometry":{"type":"Point","coordinates":[-0.1246041995236058,51.500694374223016]},"properties":{"id":"ea391ded-00f0-47e0-841c-d92663e11854","name":"BBC News HD (720P)","country":"The United Kingdom Of Great Britain And Northern Ireland","countryCode":"GB","state":"England","category":"news","streamUrl":"https://vs-hls-push-ww-live.akamaized.net/x=4/i=urn:bbc:pips:service:bbc_news_channel_hd/t=3840/v=pv14/b=5070016/main.m3u8","codec":"UNKNOWN","bitrate":128,"tags":"england, english, london, news, uk, world news"}},{"type":"Feature","geometry":{"type":"Point","coordinates":[13.0782,52.0026]},"properties":{"id":"960c1970-0601-11e8-ae97-52543be04c81","name":"Fritz","country":"Germany","countryCode":"DE","state":"Brandenburg","category":"music","streamUrl":"http://dispatcher.rndfnk.com/rbb/fritz/live/mp3/mid","codec":"MP3","bitrate":128,"tags":"ard, public radio, rbb, youth"}},{"type":"Feature","geometry":{"type":"Point","coordinates":[152.7057,-35.3132]},"properties":{"id":"3af3be8d-da3e-4051-a604-d5958f410732","name":"The Prog Rock Machine","country":"Australia","countryCode":"AU","state":"Australia","category":"music","streamUrl":"https://theproganrockmachine.out.airtime.pro/theproganrockmachine_b","codec":"MP3","bitrate":64,"tags":"progressive rock"}},{"type":"Feature","geometry":{"type":"Point","coordinates":[103.972,1.6554]},"properties":{"id":"31710261-0b76-11e9-a80b-52543be04c81","name":"YES 933 Radio","country":"Singapore","countryCode":"SG","state":"Singapore","category":"music","streamUrl":"http://playerservices.streamtheworld.com/api/livestream-redirect/YES933AAC.aac","codec":"AAC+","bitrate":48,"tags":""}},{"type":"Feature","geometry":{"type":"Point","coordinates":[13.545,53.0882]},"properties":{"id":"9605f05a-0601-11e8-ae97-52543be04c81","name":"WDR 3","country":"Germany","countryCode":"DE","state":"North Rhine-Westphalia","category":"music","streamUrl":"http://wdr-wdr3-live.icecast.wdr.de/wdr/wdr3/live/mp3/128/stream.mp3","codec":"MP3","bitrate":128,"tags":"classic, classical"}},{"type":"Feature","geometry":{"type":"Point","coordinates":[-76.8909,39.0648]},"properties":{"id":"655def6d-734f-4ef7-972a-6abc56763162","name":"Bluegrass Country","country":"The United States Of America","countryCode":"US","state":"Washington, DC","category":"music","streamUrl":"https://ice24.securenetsystems.net/WAMU","codec":"AAC","bitrate":64,"tags":"bluegrass, country"}},{"type":"Feature","geometry":{"type":"Point","coordinates":[-87.32815493982116,49.73340648269629]},"properties":{"id":"d360268f-8f23-4386-b062-bcd368f1f211","name":"100 GREATEST OF THE 80'S","country":"Canada","countryCode":"CA","state":"Ontario","category":"music","streamUrl":"https://maggie.torontocast.com:2020/stream/100greatestofthe80s","codec":"MP3","bitrate":192,"tags":"1980's, 80s, 80s radio, 80s rock, the best decade 80s radio around., the best of 80's"}},{"type":"Feature","geometry":{"type":"Point","coordinates":[77.4993,29.1156]},"properties":{"id":"b17fe09a-96b0-46ef-9e2e-5c56faa9d0aa","name":"Radio Hungama Bollywood Dil Se","country":"India","countryCode":"IN","state":"India","category":"music","streamUrl":"https://stream.zeno.fm/143d7gty24zuv","codec":"MP3","bitrate":128,"tags":""}},{"type":"Feature","geometry":{"type":"Point","coordinates":[12.9451,41.4649]},"properties":{"id":"32c1aa82-c639-4c73-9236-948bbda511d7","name":"Radio Manà Manà Sport Roma","country":"Italy","countryCode":"IT","state":"Roma","category":"talk","streamUrl":"https://stream10.xdevel.com/audio2s975363-2142/stream/icecast.audio","codec":"AAC+","bitrate":128,"tags":"as roma, sports talk"}},{"type":"Feature","geometry":{"type":"Point","coordinates":[32.8955,40.2582]},"properties":{"id":"8b4be047-aeac-4ccf-8eb5-35bc2f9740df","name":"Turku Radyo","country":"Türkiye","countryCode":"TR","state":"Turkey","category":"music","streamUrl":"http://radyo.turkuradyo.net:4591/turkuradyo","codec":"MP3","bitrate":64,"tags":"folk"}},{"type":"Feature","geometry":{"type":"Point","coordinates":[12.8764,41.8821]},"properties":{"id":"e5a0255c-1a28-4e9c-8ece-466ed39be2af","name":"RDS relax","country":"Italy","countryCode":"IT","state":"Italy","category":"music","streamUrl":"http://icstream.rds.radio/rdsrelax","codec":"MP3","bitrate":256,"tags":""}},{"type":"Feature","geometry":{"type":"Point","coordinates":[32.963,40.1922]},"properties":{"id":"0dc6e3f7-b313-4bc4-a06a-94f05c51dff5","name":"pop 90 turkey","country":"Türkiye","countryCode":"TR","state":"Turkey","category":"music","streamUrl":"http://28573.live.streamtheworld.com/POP90AAC_SC","codec":"AAC+","bitrate":64,"tags":""}},{"type":"Feature","geometry":{"type":"Point","coordinates":[-47.2238,-24.3792]},"properties":{"id":"c8cfc213-6a39-4b45-b925-3c6acb3f8b68","name":"Rádio Band FM 96.1 FM","country":"Brazil","countryCode":"BR","state":"Sao Paulo","category":"music","streamUrl":"https://playerservices.streamtheworld.com/api/livestream-redirect/BANDFM_SPAAC","codec":"FLV","bitrate":128,"tags":"pop"}},{"type":"Feature","geometry":{"type":"Point","coordinates":[67.0706943424193,24.795206860749147]},"properties":{"id":"a754b1cb-4a13-47ab-9215-10473d5a13c8","name":"Hum FM 106.2","country":"Pakistan","countryCode":"PK","state":"Sindh","category":"music","streamUrl":"https://server.mediacast4u.stream/8002/stream","codec":"MP3","bitrate":96,"tags":"bollywood"}},{"type":"Feature","geometry":{"type":"Point","coordinates":[13.5524,52.225]},"properties":{"id":"9605ced9-0601-11e8-ae97-52543be04c81","name":"WDR COSMO","country":"Germany","countryCode":"DE","state":"North Rhine-Westphalia","category":"music","streamUrl":"http://wdr-cosmo-live.icecast.wdr.de/wdr/cosmo/live/mp3/128/stream.mp3","codec":"MP3","bitrate":128,"tags":"global, multicultural, multikulti, pop, world music"}},{"type":"Feature","geometry":{"type":"Point","coordinates":[6.9537,47.1282]},"properties":{"id":"96225a38-0601-11e8-ae97-52543be04c81","name":"1.FM - Otto's Baroque Music Radio","country":"Switzerland","countryCode":"CH","state":"Switzerland","category":"music","streamUrl":"http://strm112.1.fm/baroque_mobile_mp3","codec":"MP3","bitrate":256,"tags":"baroque, classical"}},{"type":"Feature","geometry":{"type":"Point","coordinates":[-78.4388,38.974]},"properties":{"id":"961aeb3b-0601-11e8-ae97-52543be04c81","name":"Ambient Modern","country":"The United States Of America","countryCode":"US","state":"United States","category":"music","streamUrl":"http://radio.stereoscenic.com/mod-h","codec":"MP3","bitrate":256,"tags":"ambient, chillout, non-commercial, relaxation music, relaxing"}},{"type":"Feature","geometry":{"type":"Point","coordinates":[-7.546340497210623,33.55486735534346]},"properties":{"id":"688986ac-3229-4adc-a96c-fcfe079328fe","name":"Adwaafm","country":"Morocco","countryCode":"MA","state":"","category":"music","streamUrl":"http://stream.zeno.fm/5bxh2nh0x1zuv?1681882617017","codec":"MP3","bitrate":128,"tags":""}},{"type":"Feature","geometry":{"type":"Point","coordinates":[12.0563,42.0287]},"properties":{"id":"2e9d860d-017a-4edf-81c2-e81804749a4b","name":"Retesport (Italia)","country":"Italy","countryCode":"IT","state":"Italy","category":"talk","streamUrl":"https://icecast.ithost.it/retesport.ogg","codec":"AAC+","bitrate":48,"tags":"talk"}},{"type":"Feature","geometry":{"type":"Point","coordinates":[6.9770839527419435,50.8987747227523]},"properties":{"id":"5bc44bcd-7481-40e1-b503-bb92b936f4cf","name":"# TOP 100 DJ CHARTS - DJ REMIX & CHARTS RADIO @ TikTok Charts, Electronic Music, EDM, House, Deep House, Dance Music, Techno & Hypertechno, Top40, Latin Charts, Reggaeton, Urban, HipHop, Club & Party Radio - & LIVE DJ SETS","country":"Germany","countryCode":"DE","state":"Deutschland (Germany)","category":"music","streamUrl":"https://breakz-high.rautemusik.fm/?ref=radiobrowser-top100-djcharts","codec":"MP3","bitrate":192,"tags":"#90s, #charts, 2000s, 2010s, bass house, beachclub, charts, chillout, club, club dance electronic house trance"}},{"type":"Feature","geometry":{"type":"Point","coordinates":[120.6308,14.4642]},"properties":{"id":"e945e96d-a8e7-44eb-92d0-e6aa4272a212","name":"Christmas Radio Philippines - Powered By www.amfmph.net","country":"The Philippines","countryCode":"PH","state":"Philippines","category":"music","streamUrl":"https://us1.amfmph.com/ssl/christmasradio?mp=/stream&1641738050672","codec":"AAC+","bitrate":64,"tags":"christmas music, internet radio"}},{"type":"Feature","geometry":{"type":"Point","coordinates":[21.027832031250004,52.21938689037315]},"properties":{"id":"da0174e1-a1b0-447d-befb-087a6c88d6d4","name":"Chilli Zet","country":"Poland","countryCode":"PL","state":"","category":"music","streamUrl":"https://ch.cdn.eurozet.pl/chi-net.mp3","codec":"MP3","bitrate":128,"tags":""}},{"type":"Feature","geometry":{"type":"Point","coordinates":[-6.251220703125001,53.3485838734705]},"properties":{"id":"d037031b-f31e-4298-b36e-654eaad6416e","name":"Newstalk","country":"Ireland","countryCode":"IE","state":"","category":"news","streamUrl":"https://edge.audioxi.com/NT","codec":"MP3","bitrate":128,"tags":""}},{"type":"Feature","geometry":{"type":"Point","coordinates":[2.6477050781250004,39.6023021224726]},"properties":{"id":"63dd5d75-855f-4e7e-9570-b8d3b338c016","name":"Perfect Deep House","country":"Spain","countryCode":"ES","state":"Palma de Mallorca","category":"music","streamUrl":"https://stream.radiojar.com/asngk2sg798uv?1659885393","codec":"MP3","bitrate":128,"tags":"deep house, house, tropical"}},{"type":"Feature","geometry":{"type":"Point","coordinates":[106.4263,-6.7755]},"properties":{"id":"2f80c876-86a0-4c3e-b104-94d26030da80","name":"95.1 Kiss FM","country":"Indonesia","countryCode":"ID","state":"Indonesia","category":"music","streamUrl":"http://103.246.184.62:1935/noice_kisfm/kisfm/chunklist.m3u8","codec":"UNKNOWN","bitrate":128,"tags":"pop adul kontemporer"}},{"type":"Feature","geometry":{"type":"Point","coordinates":[-46.6489,-25.316]},"properties":{"id":"61156199-ece3-413e-ac39-7b2483513ab2","name":"Radio Mix FM","country":"Brazil","countryCode":"BR","state":"São Paulo","category":"music","streamUrl":"https://playerservices.streamtheworld.com/api/livestream-redirect/MIXFM_SAOPAULOAAC.aac","codec":"AAC+","bitrate":64,"tags":"pop, pop rock, teen pop"}},{"type":"Feature","geometry":{"type":"Point","coordinates":[120.6222,23.9045]},"properties":{"id":"de4271e4-74cf-4ffe-a7cf-15a11f71530f","name":"Classical 古典音樂台 FM 97.7","country":"Taiwan, Republic Of China","countryCode":"TW","state":"Taiwan","category":"music","streamUrl":"http://59.120.88.155:8000/live.mp3","codec":"MP3","bitrate":192,"tags":"classical music"}},{"type":"Feature","geometry":{"type":"Point","coordinates":[46.69607877731324,24.643228999988487]},"properties":{"id":"6dd3dc65-0a00-4474-a220-902b398b09d5","name":"Saudi Quran","country":"Saudi Arabia","countryCode":"SA","state":"Riyadh","category":"music","streamUrl":"https://stream.radiojar.com/0tpy1h0kxtzuv","codec":"MP3","bitrate":128,"tags":"life guide"}},{"type":"Feature","geometry":{"type":"Point","coordinates":[2.5933421008698736,48.695889852818134]},"properties":{"id":"a781a6da-a41f-498d-92f5-aede46952d54","name":"RFI-Chinese","country":"France","countryCode":"FR","state":"","category":"music","streamUrl":"https://rfienchinois64k.ice.infomaniak.ch/rfienchinois-64.mp3","codec":"MP3","bitrate":64,"tags":""}},{"type":"Feature","geometry":{"type":"Point","coordinates":[-0.5562,51.1621]},"properties":{"id":"cae35448-1285-4f12-b3e0-2f4fdde00002","name":"BBC Radio 5 Live (128k)","country":"The United Kingdom Of Great Britain And Northern Ireland","countryCode":"GB","state":"United Kingdom","category":"news","streamUrl":"http://as-hls-ww-live.akamaized.net/pool_89021708/live/ww/bbc_radio_five_live/bbc_radio_five_live.isml/bbc_radio_five_live-audio%3d128000.norewind.m3u8","codec":"UNKNOWN","bitrate":128,"tags":"news, sports, talk"}},{"type":"Feature","geometry":{"type":"Point","coordinates":[121.3714,14.9926]},"properties":{"id":"96d56356-354d-4a2e-97a7-25483f992be2","name":"MOR Entertainment","country":"The Philippines","countryCode":"PH","state":"Philippines","category":"music","streamUrl":"https://stream-37.zeno.fm/26ea0anpms8uv","codec":"AAC","bitrate":128,"tags":"internet radio"}},{"type":"Feature","geometry":{"type":"Point","coordinates":[-58.8338,-34.1038]},"properties":{"id":"7bc38611-e8d6-494d-9f71-2c1be5341f12","name":"Radio 10","country":"Argentina","countryCode":"AR","state":"Argentina","category":"music","streamUrl":"https://radio10.stweb.tv/radio10/live/playlist.m3u8","codec":"AAC","bitrate":65,"tags":""}},{"type":"Feature","geometry":{"type":"Point","coordinates":[101.64083617757768,3.1333457105560716]},"properties":{"id":"6ee52ee9-95c0-4e19-95fd-d9a9c345b7b3","name":"988 FM","country":"Malaysia","countryCode":"MY","state":"Kuala Lumpur","category":"music","streamUrl":"https://28103.live.streamtheworld.com/988_FMAAC.aac","codec":"AAC+","bitrate":64,"tags":""}},{"type":"Feature","geometry":{"type":"Point","coordinates":[-6.859416961669923,33.979381685000966]},"properties":{"id":"2c260d07-110c-473c-8a7f-df4b937b31a8","name":"Radio Manarat","country":"Morocco","countryCode":"MA","state":"","category":"talk","streamUrl":"https://listen.radioking.com/radio/252934/stream/297385","codec":"MP3","bitrate":192,"tags":"culture, education, talk"}},{"type":"Feature","geometry":{"type":"Point","coordinates":[13.4142,52.3269]},"properties":{"id":"ffd351fe-219e-4c6e-b14f-9c2e02fbe45e","name":"Klassik Radio - Live","country":"Germany","countryCode":"DE","state":"Germany","category":"music","streamUrl":"https://live.streams.klassikradio.de/klassikradio-deutschland/stream/mp3","codec":"MP3","bitrate":128,"tags":"classical"}},{"type":"Feature","geometry":{"type":"Point","coordinates":[-0.07,51.8263]},"properties":{"id":"fdbdc2b0-c184-437b-8643-9a5bfa45c253","name":"BBC Radio 1","country":"The United Kingdom Of Great Britain And Northern Ireland","countryCode":"GB","state":"United Kingdom","category":"news","streamUrl":"http://a.files.bbci.co.uk/ms6/live/3441A116-B12E-4D2F-ACA8-C1984642FA4B/audio/simulcast/hls/nonuk/pc_hd_abr_v2/ak/bbc_radio_one.m3u8","codec":"AAC+","bitrate":101,"tags":""}},{"type":"Feature","geometry":{"type":"Point","coordinates":[76.7807,28.1138]},"properties":{"id":"052affa1-4318-482a-bd44-91bd9554b394","name":"Madhur Sangeet Radio","country":"India","countryCode":"IN","state":"India","category":"music","streamUrl":"https://stream.zeno.fm/yv2k0dp18vzuv","codec":"MP3","bitrate":128,"tags":""}},{"type":"Feature","geometry":{"type":"Point","coordinates":[13.3347639,52.4802578]},"properties":{"id":"10f16cf6-bc45-4b67-8f17-9758f249a61a","name":"Deutschlandfunk Kultur | DLF | MP3 128k","country":"Germany","countryCode":"DE","state":"Berlin","category":"news","streamUrl":"https://st02.sslstream.dlf.de/dlf/02/128/mp3/stream.mp3?aggregator=web","codec":"MP3","bitrate":128,"tags":"culture, news, public service, information"}},{"type":"Feature","geometry":{"type":"Point","coordinates":[-0.0032,51.0797]},"properties":{"id":"3606ef8c-cd58-4440-8c47-dbf1e0cacdac","name":"BBC Radio 2 (128k)","country":"The United Kingdom Of Great Britain And Northern Ireland","countryCode":"GB","state":"United Kingdom","category":"news","streamUrl":"http://as-hls-ww-live.akamaized.net/pool_74208725/live/ww/bbc_radio_two/bbc_radio_two.isml/bbc_radio_two-audio%3d128000.norewind.m3u8","codec":"UNKNOWN","bitrate":128,"tags":"adult contemporary"}},{"type":"Feature","geometry":{"type":"Point","coordinates":[-57.9843,-34.8823]},"properties":{"id":"8ddfdc2b-6fc5-45a9-b100-9450b93a6ef4","name":"Blue FM 100.7. Ciudad de Buenos Aires","country":"Argentina","countryCode":"AR","state":"Argentina","category":"music","streamUrl":"https://playerservices.streamtheworld.com/api/livestream-redirect/BLUE_FM_100_7AAC.aac","codec":"AAC+","bitrate":64,"tags":""}},{"type":"Feature","geometry":{"type":"Point","coordinates":[77.1341,28.1892]},"properties":{"id":"4fa18bc0-94f8-4589-942a-ed44abedb3bb","name":"90sonceagainradio","country":"India","countryCode":"IN","state":"India","category":"music","streamUrl":"https://stream.zeno.fm/rm4i9pdex3cuv","codec":"MP3","bitrate":128,"tags":""}},{"type":"Feature","geometry":{"type":"Point","coordinates":[174.6069,-41.1568]},"properties":{"id":"960b1670-0601-11e8-ae97-52543be04c81","name":"RNZ National MP3","country":"New Zealand","countryCode":"NZ","state":"Auckland","category":"news","streamUrl":"http://radionz-ice.streamguys.com/national.mp3","codec":"MP3","bitrate":64,"tags":"features, national affairs, news"}},{"type":"Feature","geometry":{"type":"Point","coordinates":[-75.1338,43.862]},"properties":{"id":"95277bca-2c9a-4c08-b2e7-0854e5793f8e","name":"Nature Radio Rain","country":"Canada","countryCode":"CA","state":"Toronto","category":"music","streamUrl":"https://maggie.torontocast.com:2020/stream/natureradiorain","codec":"MP3","bitrate":128,"tags":"ambient, ambient and relaxation music, nature, rainorshine, relax, relaxation, relaxation music, relaxing, sounds of nature"}},{"type":"Feature","geometry":{"type":"Point","coordinates":[152.9019,-33.2487]},"properties":{"id":"a4c32662-98bc-42bd-b05b-dcf656272369","name":"Gold 104.3","country":"Australia","countryCode":"AU","state":"Victoria","category":"music","streamUrl":"https://ais-arn.streamguys1.com/au_004_icy","codec":"AAC+","bitrate":48,"tags":"classic hits"}},{"type":"Feature","geometry":{"type":"Point","coordinates":[13.4616,52.4237]},"properties":{"id":"961696dc-0601-11e8-ae97-52543be04c81","name":"MDR Jump","country":"Germany","countryCode":"DE","state":"Germany","category":"music","streamUrl":"http://mdr-284320-0.cast.mdr.de/mdr/284320/0/mp3/high/stream.mp3","codec":"MP3","bitrate":128,"tags":"youth"}},{"type":"Feature","geometry":{"type":"Point","coordinates":[18.083,59.3909]},"properties":{"id":"960c660b-0601-11e8-ae97-52543be04c81","name":"Sveriges Radio - P1","country":"Sweden","countryCode":"SE","state":"Sweden","category":"news","streamUrl":"https://live1.sr.se/p1-aac-320","codec":"AAC","bitrate":312,"tags":"news, public radio, sveriges radio"}},{"type":"Feature","geometry":{"type":"Point","coordinates":[77.7165,29.0182]},"properties":{"id":"de87b1e5-9108-4e1f-a602-53af7547ca8a","name":"All India Radio News 24X7","country":"India","countryCode":"IN","state":"India","category":"news","streamUrl":"https://airhlspush.pc.cdn.bitgravity.com/httppush/hlspbaudio002/hlspbaudio002_Auto.m3u8","codec":"AAC+","bitrate":32,"tags":""}},{"type":"Feature","geometry":{"type":"Point","coordinates":[76.7728,28.9938]},"properties":{"id":"0411f24c-8ca8-4e9a-99bd-8342941e01b9","name":"BombayBeats","country":"India","countryCode":"IN","state":"India","category":"music","streamUrl":"http://strm112.1.fm/bombaybeats_mobile_mp3","codec":"MP3","bitrate":256,"tags":"music"}},{"type":"Feature","geometry":{"type":"Point","coordinates":[-99.36,19.5337]},"properties":{"id":"a5b56fc7-32ea-11e9-8f31-52543be04c81","name":"Convoy en vivo","country":"Mexico","countryCode":"MX","state":"Ciudad de México","category":"music","streamUrl":"https://live.convoynetwork.com/stream","codec":"AAC","bitrate":56,"tags":"classic rock, latin music, rock"}},{"type":"Feature","geometry":{"type":"Point","coordinates":[140.1077,36.0193]},"properties":{"id":"e4e4d123-0616-11ea-afd6-52543be04c81","name":"Listen.Moe JPop Vorbis","country":"Japan","countryCode":"JP","state":"Japan","category":"music","streamUrl":"https://listen.moe/stream","codec":"OGG","bitrate":192,"tags":"jpop"}},{"type":"Feature","geometry":{"type":"Point","coordinates":[37.6829,55.0567]},"properties":{"id":"95eff2f9-cb7a-4fe4-bb07-8c700719f8b6","name":"Relax FM Chillout","country":"The Russian Federation","countryCode":"RU","state":"Russia","category":"music","streamUrl":"https://pub0201.101.ru/stream/trust/mp3/128/24?","codec":"MP3","bitrate":128,"tags":"chill, chillout, chillout+lounge"}},{"type":"Feature","geometry":{"type":"Point","coordinates":[0.1158,51.5592]},"properties":{"id":"1c6dcd6f-88c6-4fd4-8191-078435168e85","name":"BBC Radio 6 Music","country":"The United Kingdom Of Great Britain And Northern Ireland","countryCode":"GB","state":"United Kingdom","category":"news","streamUrl":"http://as-hls-ww-live.akamaized.net/pool_81827798/live/ww/bbc_6music/bbc_6music.isml/bbc_6music-audio%3d320000.norewind.m3u8","codec":"UNKNOWN","bitrate":128,"tags":"alternative, blues, dance, eclectic, electronic, experimental, funk, grime, hip hop, house"}},{"type":"Feature","geometry":{"type":"Point","coordinates":[2.7498,48.4182]},"properties":{"id":"042d3140-227c-4fac-9387-4903b692d5f2","name":"RTL","country":"France","countryCode":"FR","state":"France","category":"music","streamUrl":"https://live.m6radio.quortex.io/webM89Hc99XApzgfhXNX8ASN5/grouprtl/national/short/audio-64000/index.m3u8","codec":"AAC","bitrate":64,"tags":"généraliste"}},{"type":"Feature","geometry":{"type":"Point","coordinates":[121.5371,25.0543]},"properties":{"id":"b40c66c7-c7d1-498d-8a06-375fa94c03fc","name":"中央廣播電台","country":"Taiwan, Republic Of China","countryCode":"TW","state":"Taipei","category":"news","streamUrl":"https://streamak0138.akamaized.net/live0138lh-mbm9/_definst_/rti3/chunklist.m3u8","codec":"UNKNOWN","bitrate":128,"tags":""}},{"type":"Feature","geometry":{"type":"Point","coordinates":[2.7379,49.0399]},"properties":{"id":"ccf16787-7e0f-4b1a-9599-c318a8e0cf02","name":"Skyrock Klassics","country":"France","countryCode":"FR","state":"France continentale","category":"music","streamUrl":"https://icecast.skyrock.net/s/klassiks_aac_64k?tvr_name=radiofr&tvr_section1=64aac","codec":"AAC","bitrate":128,"tags":"hip-hop and rap oldies"}},{"type":"Feature","geometry":{"type":"Point","coordinates":[-3.2903,40.7281]},"properties":{"id":"e34d6ca5-d554-49e1-a673-a04d8930f303","name":"24h RTVE Televisión","country":"Spain","countryCode":"ES","state":"Madrid","category":"music","streamUrl":"https://ztnr.rtve.es/ztnr/1694255.m3u8","codec":"AAC,H.264","bitrate":3012,"tags":""}},{"type":"Feature","geometry":{"type":"Point","coordinates":[106.6164,-5.8928]},"properties":{"id":"d712c6d6-a5b2-421d-96ea-20e472f2d8ae","name":"Dangdut2","country":"Indonesia","countryCode":"ID","state":"Indonesia","category":"music","streamUrl":"https://stream.zeno.fm/vwhplynnpfjtv","codec":"MP3","bitrate":128,"tags":"dangdut"}},{"type":"Feature","geometry":{"type":"Point","coordinates":[7.1733,47.2205]},"properties":{"id":"96069a5d-0601-11e8-ae97-52543be04c81","name":"Energy Zürich (NRJ)","country":"Switzerland","countryCode":"CH","state":"Zürich","category":"news","streamUrl":"http://broadcast.infomaniak.ch/energyzuerich-high.mp3","codec":"MP3","bitrate":128,"tags":"mainstream, news, pop, swiss"}},{"type":"Feature","geometry":{"type":"Point","coordinates":[-0.3353,51.7067]},"properties":{"id":"d69fbc2c-530a-4d40-ac9f-56532356b248","name":"Chillout Ibiza FM","country":"The United Kingdom Of Great Britain And Northern Ireland","countryCode":"GB","state":"United Kingdom","category":"music","streamUrl":"https://edge3.peta.live365.net/b05055_128mp3","codec":"MP3","bitrate":192,"tags":"chillout, relaxing"}},{"type":"Feature","geometry":{"type":"Point","coordinates":[32.358,39.4477]},"properties":{"id":"2a372113-4b74-41aa-a1e8-3dcb5d66de61","name":"JOY TÜRK TURKEY","country":"Türkiye","countryCode":"TR","state":"Turkey","category":"music","streamUrl":"https://playerservices.streamtheworld.com/api/livestream-redirect/JOY_TURK_SC?/","codec":"MP3","bitrate":64,"tags":""}},{"type":"Feature","geometry":{"type":"Point","coordinates":[-75.5384,47.1764]},"properties":{"id":"aa6ee95d-e208-4592-a121-047056106596","name":"Ancient FM","country":"Canada","countryCode":"CA","state":"Ontario","category":"music","streamUrl":"https://mediaserv73.live-streams.nl:18058/stream","codec":"MP3","bitrate":128,"tags":"ancient music, classical, folk, medieval, mittelalter, renaissance"}},{"type":"Feature","geometry":{"type":"Point","coordinates":[-76.3599,40.3681]},"properties":{"id":"b05b65e3-0936-4e7b-9f07-364cba23d7b2","name":"美国之音","country":"The United States Of America","countryCode":"US","state":"United States","category":"music","streamUrl":"https://voa-ingest.akamaized.net/hls/live/2035206/151_124L/playlist.m3u8","codec":"AAC","bitrate":140,"tags":"新闻"}},{"type":"Feature","geometry":{"type":"Point","coordinates":[35.0095,31.7011]},"properties":{"id":"962326cb-0601-11e8-ae97-52543be04c81","name":"Galei Zahal","country":"Israel","countryCode":"IL","state":"Israel","category":"music","streamUrl":"http://glzwizzlv.bynetcdn.com/glz_mp3","codec":"MP3","bitrate":128,"tags":""}},{"type":"Feature","geometry":{"type":"Point","coordinates":[29.070725440979007,41.03454888473989]},"properties":{"id":"97f3bb39-24a0-461d-b282-b0ccae5a12c4","name":"Slow Turk","country":"Türkiye","countryCode":"TR","state":"","category":"music","streamUrl":"https://radyo.duhnet.tv/ak_dtvh_slowturk","codec":"AAC","bitrate":128,"tags":""}},{"type":"Feature","geometry":{"type":"Point","coordinates":[-58.5476,-34.5241]},"properties":{"id":"d76b99ea-c4bf-47e5-8a42-e336ee48c031","name":"El Destape Radio","country":"Argentina","countryCode":"AR","state":"Argentina","category":"music","streamUrl":"https://ipanel.instream.audio/8004/stream","codec":"AAC","bitrate":48,"tags":"actualidad, debate, economia, noticias, politica"}},{"type":"Feature","geometry":{"type":"Point","coordinates":[2.145745754241944,41.39269184456459]},"properties":{"id":"38a33fc0-be05-4c98-8c6a-ba3869575bc1","name":"RAC1","country":"Spain","countryCode":"ES","state":"Catalunya","category":"news","streamUrl":"https://playerservices.streamtheworld.com/api/livestream-redirect/RAC_1.mp3","codec":"MP3","bitrate":128,"tags":"culture, humour, local news, news, sports"}},{"type":"Feature","geometry":{"type":"Point","coordinates":[-0.5531,51.3133]},"properties":{"id":"962e9a46-0601-11e8-ae97-52543be04c81","name":"Heart 80s","country":"The United Kingdom Of Great Britain And Northern Ireland","countryCode":"GB","state":"United Kingdom","category":"music","streamUrl":"http://media-ice.musicradio.com/Heart80sMP3","codec":"MP3","bitrate":128,"tags":"80s"}},{"type":"Feature","geometry":{"type":"Point","coordinates":[77.6432,28.0899]},"properties":{"id":"c6a3534f-d974-4990-a53b-609614066163","name":"kishorekumarradio","country":"India","countryCode":"IN","state":"India","category":"music","streamUrl":"https://stream.zeno.fm/0ghtfp8ztm0uv","codec":"MP3","bitrate":128,"tags":""}},{"type":"Feature","geometry":{"type":"Point","coordinates":[-4.2514,40.1779]},"properties":{"id":"db656299-a63e-4b7b-ac5a-ac2444459ae4","name":"RNE - R1 --> Madrid","country":"Spain","countryCode":"ES","state":"Spain","category":"music","streamUrl":"https://d121.rndfnk.com/star/crtve/rne1/mad/mp3/128/stream.mp3?cid=01GEM7S23A9B744SKFN04XA893&sid=2HgEg5aD71G8EuEf67MKTba5AnL&token=n_qXJorii6EVsZ_IP-RSzQP8sRamUc8gqb1nDnqiNT8&tvf=HHgasgd8KBdkMTIxLnJuZGZuay5jb20","codec":"MP3","bitrate":128,"tags":""}},{"type":"Feature","geometry":{"type":"Point","coordinates":[103.9089,1.5996]},"properties":{"id":"a949b7f0-0b79-11e9-a80b-52543be04c81","name":"Warna 942 Radio","country":"Singapore","countryCode":"SG","state":"Singapore","category":"music","streamUrl":"http://playerservices.streamtheworld.com/api/livestream-redirect/WARNA942FMAAC.aac","codec":"AAC+","bitrate":48,"tags":""}},{"type":"Feature","geometry":{"type":"Point","coordinates":[12.5118,41.3099]},"properties":{"id":"675bd925-8b13-43fe-a1b9-43bb0f90fbbd","name":"RTL 102.5","country":"Italy","countryCode":"IT","state":"Bologna","category":"news","streamUrl":"https://dd782ed59e2a4e86aabf6fc508674b59.msvdn.net/live/S97044836/tbbP8T1ZRPBL/playlist_audio.m3u8","codec":"AAC","bitrate":192,"tags":"local, news, varied"}},{"type":"Feature","geometry":{"type":"Point","coordinates":[32.5092,40.484]},"properties":{"id":"948408f4-0060-44fa-a26c-bf313f6c774d","name":"KRAL FM","country":"Türkiye","countryCode":"TR","state":"Turkey","category":"music","streamUrl":"https://dygedge2.radyotvonline.net/kralfm/playlist.m3u8?listenerid=29d0a6a85b59cea2ca801b70d2a3ebaf&awparams=companionAds%3Atrue","codec":"AAC","bitrate":128,"tags":""}},{"type":"Feature","geometry":{"type":"Point","coordinates":[44.00230407714844,13.144093946514309]},"properties":{"id":"62fbaf9d-c5ef-4b18-9e6a-cf9239ace46b","name":"راديو الشيخ محمد المقرمي إذاعة (هندسة القلوب)","country":"Yemen","countryCode":"YE","state":"","category":"music","streamUrl":"https://s1.reliastream.com/proxy/almaqrami?mp=/stream","codec":"MP3","bitrate":96,"tags":""}},{"type":"Feature","geometry":{"type":"Point","coordinates":[13.2645,52.4768]},"properties":{"id":"960b6a9d-0601-11e8-ae97-52543be04c81","name":"WDR 2 Rhein und Ruhr","country":"Germany","countryCode":"DE","state":"North Rhine-Westphalia","category":"news","streamUrl":"http://wdr-wdr2-rheinruhr.icecast.wdr.de/wdr/wdr2/rheinruhr/mp3/128/stream.mp3","codec":"MP3","bitrate":128,"tags":"music, news, talk"}},{"type":"Feature","geometry":{"type":"Point","coordinates":[3.0498375917748497,36.75338073815528]},"properties":{"id":"4d30f962-01d2-4a3f-8043-f15f7cf6049e","name":"Algérie Chaîne 3","country":"Algeria","countryCode":"DZ","state":"","category":"news","streamUrl":"https://radiochaine3.ice.infomaniak.ch/chaine3.mp3","codec":"AAC","bitrate":128,"tags":"culture, music, news, society"}},{"type":"Feature","geometry":{"type":"Point","coordinates":[101.69195260875358,3.039268983588948]},"properties":{"id":"df6a8fa4-23cb-4279-a025-bf3057bd0a4b","name":"Sinar FM","country":"Malaysia","countryCode":"MY","state":"Kuala Lumpur","category":"music","streamUrl":"https://n08a-eu.rcs.revma.com/azatk0tbv4uvv/8_1ksmof3jo7vso02/playlist.m3u8","codec":"UNKNOWN","bitrate":128,"tags":""}},{"type":"Feature","geometry":{"type":"Point","coordinates":[12.8693,42.4557]},"properties":{"id":"961f0ae1-0601-11e8-ae97-52543be04c81","name":"Radio Italia Anni 60 - Trentino Alto Adige","country":"Italy","countryCode":"IT","state":"Trentino-Alto Adige/Südtirol","category":"music","streamUrl":"http://ice10.fluidstream.net/anni60tn.aac","codec":"AAC","bitrate":64,"tags":"60s, 70s, 80s, 90s, trento"}},{"type":"Feature","geometry":{"type":"Point","coordinates":[7.7004,47.0994]},"properties":{"id":"07064262-5ef9-44e1-900d-ed752b7433b8","name":"1.FM - Ambient Psychill","country":"Switzerland","countryCode":"CH","state":"Switzerland","category":"music","streamUrl":"http://strm112.1.fm/ambientpsy_mobile_mp3","codec":"MP3","bitrate":256,"tags":"downtempo, psychedelic chillout grooves, slow trance"}},{"type":"Feature","geometry":{"type":"Point","coordinates":[103.8534,0.8239]},"properties":{"id":"fff132f1-0b79-11e9-a80b-52543be04c81","name":"Love 972 Radio","country":"Singapore","countryCode":"SG","state":"Singapore","category":"music","streamUrl":"http://playerservices.streamtheworld.com/api/livestream-redirect/LOVE972FMAAC.aac","codec":"AAC+","bitrate":48,"tags":""}},{"type":"Feature","geometry":{"type":"Point","coordinates":[7.240156531333924,51.235186599066246]},"properties":{"id":"830a7eff-916d-456c-842a-d7786e475658","name":"Technolovers ELECTRO HOUSE","country":"Germany","countryCode":"DE","state":"NRW","category":"music","streamUrl":"https://stream.technolovers.fm/electro-house?ref=radiobrowser","codec":"MP3","bitrate":192,"tags":"club dance, dance, edm, electro, electro house, electronic, electronic dance music, electronic music, electronica, electropop"}},{"type":"Feature","geometry":{"type":"Point","coordinates":[77.0286,28.8989]},"properties":{"id":"838fbd45-c0be-4c1b-b3f0-1229144cc8ff","name":"Mirchi Love Hindi","country":"India","countryCode":"IN","state":"India","category":"music","streamUrl":"https://drive.uber.radio/uber/lrbollywood/icecast.audio","codec":"MP3","bitrate":128,"tags":""}},{"type":"Feature","geometry":{"type":"Point","coordinates":[35.5904,31.3385]},"properties":{"id":"29cd4b62-14e2-11e9-a80b-52543be04c81","name":"Glglz","country":"Israel","countryCode":"IL","state":"Israel","category":"music","streamUrl":"https://api.bynetcdn.com/Redirector/glz/glglz/ICE-LIVE","codec":"MP3","bitrate":128,"tags":""}},{"type":"Feature","geometry":{"type":"Point","coordinates":[-0.703,51.233]},"properties":{"id":"fec7847c-b936-4bb3-a4c0-610db9b66c93","name":"GB News","country":"The United Kingdom Of Great Britain And Northern Ireland","countryCode":"GB","state":"United Kingdom","category":"news","streamUrl":"http://listen-gbnews.sharp-stream.com/gbnews.mp3","codec":"MP3","bitrate":128,"tags":"news, speech, talk"}},{"type":"Feature","geometry":{"type":"Point","coordinates":[11.9576,41.9215]},"properties":{"id":"cf383460-c764-477e-a17b-33d1bff7a9aa","name":"RDS 100% Grandi Successi","country":"Italy","countryCode":"IT","state":"Italy","category":"music","streamUrl":"https://stream.rds.radio/audio/rds.stream_aac64/chunklist.m3u8","codec":"UNKNOWN","bitrate":128,"tags":""}},{"type":"Feature","geometry":{"type":"Point","coordinates":[-75.6371,40.395]},"properties":{"id":"ba3ad919-0516-485c-bce6-b27c4492ab14","name":"Z100 - New York's #1 Hit Music Station WHTZ","country":"The United States Of America","countryCode":"US","state":"New York","category":"music","streamUrl":"https://stream.revma.ihrhls.com/zc1469","codec":"AAC","bitrate":128,"tags":"iheart, liberal, pop"}},{"type":"Feature","geometry":{"type":"Point","coordinates":[76.832,28.6108]},"properties":{"id":"bbe2454e-3776-4e94-b220-b82e4730a837","name":"90’s Tamil Melodies","country":"India","countryCode":"IN","state":"India","category":"music","streamUrl":"https://stream.zeno.fm/tqnws2eafwzuv.aac","codec":"MP3","bitrate":128,"tags":""}},{"type":"Feature","geometry":{"type":"Point","coordinates":[120.6014,14.144]},"properties":{"id":"9be45c80-d20b-4ae5-a6cb-0ac53856086f","name":"Bombo Radyo Iloilo","country":"The Philippines","countryCode":"PH","state":"Philippines","category":"news","streamUrl":"https://stream.zenolive.com/gzudz59nz9duv","codec":"AAC","bitrate":128,"tags":"news"}},{"type":"Feature","geometry":{"type":"Point","coordinates":[-46.955,-21.6055]},"properties":{"id":"52994d67-31ea-448f-b6bc-7eaeb6a3504b","name":"CBN São Paulo","country":"Brazil","countryCode":"BR","state":"Sao Paulo","category":"news","streamUrl":"https://playerservices.streamtheworld.com/api/livestream-redirect/CBN_SPAAC.aac","codec":"AAC+","bitrate":128,"tags":"news, sports"}},{"type":"Feature","geometry":{"type":"Point","coordinates":[-46.66001647710801,-23.557886016076367]},"properties":{"id":"447a1a5f-aee6-4b21-b85f-10ceb1896ad3","name":"Alpha FM 101.7 MHz (São Paulo - SP)","country":"Brazil","countryCode":"BR","state":"São Paulo","category":"music","streamUrl":"https://playerservices.streamtheworld.com/api/livestream-redirect/RADIO_ALPHAFM_ADP.aac","codec":"AAC+","bitrate":128,"tags":"light, misc, portuguese music"}},{"type":"Feature","geometry":{"type":"Point","coordinates":[6.9427,46.4401]},"properties":{"id":"962a6574-0601-11e8-ae97-52543be04c81","name":"1.FM - Dance One Radio","country":"Switzerland","countryCode":"CH","state":"Switzerland","category":"music","streamUrl":"http://strm112.1.fm/dance_mobile_mp3","codec":"MP3","bitrate":256,"tags":"electronica"}},{"type":"Feature","geometry":{"type":"Point","coordinates":[-58.4613,-34.7597]},"properties":{"id":"ae7694a3-d499-11e9-a861-52543be04c81","name":"Radio Con Vos 89.9","country":"Argentina","countryCode":"AR","state":"Capitál Federal","category":"news","streamUrl":"https://server1.stweb.tv/rcvos/live/playlist.m3u8","codec":"AAC","bitrate":49,"tags":"news, pop, rock"}},{"type":"Feature","geometry":{"type":"Point","coordinates":[4.5899,51.04]},"properties":{"id":"9e31c4e7-03b6-4a80-a4e2-5977b023d32c","name":"Tomorrowland One World Radio","country":"Belgium","countryCode":"BE","state":"Belgium","category":"music","streamUrl":"https://playerservices.streamtheworld.com/api/livestream-redirect/OWR_INTERNATIONAL_ADP.aac","codec":"AAC+","bitrate":256,"tags":""}},{"type":"Feature","geometry":{"type":"Point","coordinates":[13.186,52.8073]},"properties":{"id":"92556f58-20d3-44ae-8faa-322ce5f256c0","name":"Radio BOB!","country":"Germany","countryCode":"DE","state":"Germany","category":"music","streamUrl":"http://streams.radiobob.de/bob-national/mp3-192/mediaplayer","codec":"MP3","bitrate":128,"tags":""}},{"type":"Feature","geometry":{"type":"Point","coordinates":[-77.9296,40.7674]},"properties":{"id":"c76686ca-a8b9-4db9-9839-1470c9599623","name":"102.7 KIIS FM","country":"The United States Of America","countryCode":"US","state":"Los Angeles CA","category":"music","streamUrl":"https://stream.revma.ihrhls.com/zc185","codec":"AAC","bitrate":128,"tags":"pop, top 40"}},{"type":"Feature","geometry":{"type":"Point","coordinates":[20.7969,52.2005]},"properties":{"id":"c62a050f-cfd4-4fc5-8c93-ebaf0bc84738","name":"VOX FM 128","country":"Poland","countryCode":"PL","state":"Poland","category":"music","streamUrl":"https://ic2.smcdn.pl/3990-1.mp3","codec":"MP3","bitrate":128,"tags":""}},{"type":"Feature","geometry":{"type":"Point","coordinates":[13.3035,53.019]},"properties":{"id":"a3a695be-35ba-4a1a-b8e7-d90815f4b942","name":"Radio Bollerwagen","country":"Germany","countryCode":"DE","state":"Germany","category":"music","streamUrl":"https://ffn-stream19.radiohost.de/radiobollerwagen_mp3-192?ref=radioplayer&listenerid=31363233323633323031-323030333a64653a343731363a3730313a623731343a346664383a313761363a39386165-3537373636-4d6f7a696c6c612f352e3020285831313b205562","codec":"MP3","bitrate":192,"tags":""}},{"type":"Feature","geometry":{"type":"Point","coordinates":[7.6228,46.8081]},"properties":{"id":"d5ef3de2-cdc3-478b-8582-e42bc1773864","name":"1.FM - Ibiza Chill Tropical","country":"Switzerland","countryCode":"CH","state":"St. Gallen","category":"music","streamUrl":"http://strm112.1.fm/ibizachill_mobile_mp3?aw_0_req.gdpr=true","codec":"MP3","bitrate":256,"tags":"1.fm, chillout, ibiza, tropical, tropical music"}},{"type":"Feature","geometry":{"type":"Point","coordinates":[77.4,28.111]},"properties":{"id":"35753750-c632-4790-a42b-f591b254dd3f","name":"Aaj Tak News Radio Live","country":"India","countryCode":"IN","state":"India","category":"news","streamUrl":"https://feeds.intoday.in/aajtak/api/master.m3u8","codec":"AAC","bitrate":255,"tags":""}},{"type":"Feature","geometry":{"type":"Point","coordinates":[38.4034,56.4401]},"properties":{"id":"507c5c7d-00df-4875-b83a-77b7a172687a","name":"Радио Патриот","country":"The Russian Federation","countryCode":"RU","state":"Russia","category":"news","streamUrl":"http://radio.mixto.ru:8001/patriot","codec":"MP3","bitrate":128,"tags":"news, politics, talk"}},{"type":"Feature","geometry":{"type":"Point","coordinates":[28.2,-26.4243]},"properties":{"id":"bed37ad7-1542-4455-96ea-6b7608c7bc8f","name":"Amapiano FM","country":"South Africa","countryCode":"ZA","state":"South Africa","category":"music","streamUrl":"https://stream.zeno.fm/xs6zeac1ts8uv","codec":"MP3","bitrate":128,"tags":""}},{"type":"Feature","geometry":{"type":"Point","coordinates":[-3.4675,40.6401]},"properties":{"id":"69bc7084-523c-11ea-be63-52543be04c81","name":"Catalunya Informació (Catinfo)","country":"Spain","countryCode":"ES","state":"Catalunya","category":"news","streamUrl":"https://shoutcast.ccma.cat/ccma/catalunyainformacioHD.mp3","codec":"AAC","bitrate":56,"tags":"local news, news, news talk, talk"}},{"type":"Feature","geometry":{"type":"Point","coordinates":[53.61280361734099,30.14512718337613]},"properties":{"id":"cf10fd7a-1d28-4fa2-b5dd-630c4781e1c8","name":"Radio Gachsaran","country":"Islamic Republic Of Iran","countryCode":"IR","state":"Gachsaran","category":"music","streamUrl":"https://radio.gachsaran.org/gach","codec":"MP3","bitrate":128,"tags":""}},{"type":"Feature","geometry":{"type":"Point","coordinates":[12.8213,41.7047]},"properties":{"id":"86635648-eb4b-11e9-a96c-52543be04c81","name":"Radio Popolare","country":"Italy","countryCode":"IT","state":"Italy","category":"news","streamUrl":"http://livex.radiopopolare.it/radiopop","codec":"MP3","bitrate":64,"tags":"independent, milano, news, non-commercial, popolare network"}},{"type":"Feature","geometry":{"type":"Point","coordinates":[7.6165,47.339]},"properties":{"id":"cf430e7d-6fce-4931-8a53-5115acde3eb5","name":"Radio Swiss Pop","country":"Switzerland","countryCode":"CH","state":"Switzerland","category":"music","streamUrl":"http://stream.srg-ssr.ch/srgssr/rsp/aac/96","codec":"AAC","bitrate":96,"tags":"aac+, pop, srg ssr"}},{"type":"Feature","geometry":{"type":"Point","coordinates":[77.2023,28.1666]},"properties":{"id":"871dca29-a443-4670-9804-f2c3113ddd15","name":"Mixify Bollywood","country":"India","countryCode":"IN","state":"India","category":"music","streamUrl":"https://server.mixify.in/listen/listen/radio.mp3","codec":"AAC+","bitrate":64,"tags":""}},{"type":"Feature","geometry":{"type":"Point","coordinates":[-46.7254,-25.378]},"properties":{"id":"2ca712c4-2d5f-4dbd-a2e3-1961136eec4e","name":"Fita Cassete","country":"Brazil","countryCode":"BR","state":"Brazil","category":"music","streamUrl":"https://server01.ouvir.radio.br:8018/stream","codec":"AAC","bitrate":48,"tags":"adult, adulta, flashback"}},{"type":"Feature","geometry":{"type":"Point","coordinates":[-58.3992,-34.2142]},"properties":{"id":"5440e89d-708d-4336-9b42-fa274ed093b1","name":"Radio La Red AM 910. Ciudad de Buenos Aires","country":"Argentina","countryCode":"AR","state":"Argentina","category":"music","streamUrl":"https://playerservices.streamtheworld.com/api/livestream-redirect/LA_RED_AM910AAC.aac","codec":"AAC+","bitrate":64,"tags":""}},{"type":"Feature","geometry":{"type":"Point","coordinates":[28.244,-26.6768]},"properties":{"id":"4520e100-0609-11ea-afd6-52543be04c81","name":"Kaya FM","country":"South Africa","countryCode":"ZA","state":"South Africa","category":"talk","streamUrl":"https://edge.iono.fm/xice/82_medium.aac","codec":"AAC","bitrate":128,"tags":"adult contemporary, regional radio, talk"}},{"type":"Feature","geometry":{"type":"Point","coordinates":[103.7966,0.8692]},"properties":{"id":"8a9c4662-0b7c-11e9-a80b-52543be04c81","name":"Jia 883 Radio","country":"Singapore","countryCode":"SG","state":"Bukit Timah","category":"music","streamUrl":"http://playerservices.streamtheworld.com/api/livestream-redirect/883JIAAAC.aac","codec":"AAC+","bitrate":96,"tags":""}},{"type":"Feature","geometry":{"type":"Point","coordinates":[113.5773,22.5281]},"properties":{"id":"1c999a35-cbc8-45e8-98d0-20b664b44c34","name":"RTHK Radio 1","country":"Hong Kong","countryCode":"HK","state":"Hong Kong","category":"news","streamUrl":"https://rthkaudio1-lh.akamaihd.net/i/radio1_1@355864/index_56_a-p.m3u8","codec":"AAC","bitrate":70,"tags":"information, news"}},{"type":"Feature","geometry":{"type":"Point","coordinates":[96.14280354743028,16.787058528243705]},"properties":{"id":"b5218804-957c-4f0f-a1fd-969e8343994b","name":"Cherry FM","country":"Myanmar","countryCode":"MM","state":"Shan","category":"music","streamUrl":"https://cherry.akiyaresearch.com:444/stream/89/","codec":"MP3","bitrate":48,"tags":"music pop, music variety, variety"}},{"type":"Feature","geometry":{"type":"Point","coordinates":[-4.2606,40.6231]},"properties":{"id":"c88a6d2c-104f-11e8-ae97-52543be04c81","name":"Rock FM","country":"Spain","countryCode":"ES","state":"Spain","category":"music","streamUrl":"http://rockfm.cope.stream.flumotion.com/cope/rockfm/playlist.m3u8","codec":"AAC","bitrate":64,"tags":"m3u8, rock"}},{"type":"Feature","geometry":{"type":"Point","coordinates":[13.8116,52.6348]},"properties":{"id":"ae209b3a-d20a-48f2-b303-22d68e385bf4","name":"Absolut Relax","country":"Germany","countryCode":"DE","state":"Bayern, München, AAC 128","category":"music","streamUrl":"https://absolut-relax.live-sm.absolutradio.de/absolut-relax?__cb=130270101023249","codec":"AAC","bitrate":128,"tags":""}},{"type":"Feature","geometry":{"type":"Point","coordinates":[13.0009,52.9624]},"properties":{"id":"9612d85e-0601-11e8-ae97-52543be04c81","name":"MDR Kultur","country":"Germany","countryCode":"DE","state":"Germany","category":"music","streamUrl":"http://mdr-284310-0.cast.mdr.de/mdr/284310/0/mp3/high/stream.mp3","codec":"MP3","bitrate":128,"tags":""}},{"type":"Feature","geometry":{"type":"Point","coordinates":[-111.79315855313756,40.39299927510654]},"properties":{"id":"3b92f8c7-deac-4a81-8a9c-3b0f995d73e4","name":"America's Country","country":"The United States Of America","countryCode":"US","state":"Utah","category":"music","streamUrl":"https://ais-sa2.cdnstream1.com/1976_128.mp3","codec":"AAC","bitrate":128,"tags":"2000's country, 90's country, america's country, classic country, country, country music, hot country hits, three decades of country"}},{"type":"Feature","geometry":{"type":"Point","coordinates":[120.7101,14.0416]},"properties":{"id":"91d4bd6e-fc70-4d77-a563-99682073a7ba","name":"Win Radio Manila","country":"The Philippines","countryCode":"PH","state":"Philippines","category":"music","streamUrl":"https://stream-31.zeno.fm/2ss1hgnu6hhvv","codec":"MP3","bitrate":128,"tags":""}},{"type":"Feature","geometry":{"type":"Point","coordinates":[12.9215,51.9495]},"properties":{"id":"905d8810-1c82-4e21-b6cc-2b105e37bffa","name":"80s80s In The Mix","country":"Germany","countryCode":"DE","state":"Germany","category":"music","streamUrl":"http://regiocast.streamabc.net/regc-80s80smix8012507-mp3-192-3015055?sABC=6nnn0n53%230%23r30o443r1929r059s085628511796n57%23fgernzf.80f80f.qr&aw_0_1st.playerid=streams.80s80s.de&amsparams=playerid:streams.80s80s.de;skey:1789528659","codec":"MP3","bitrate":128,"tags":"80s, mix"}},{"type":"Feature","geometry":{"type":"Point","coordinates":[107.3571,-6.2757]},"properties":{"id":"cfe1148b-37d1-49be-814c-4a023f08beeb","name":"88.0  Mustang FM Jakarta","country":"Indonesia","countryCode":"ID","state":"Indonesia","category":"news","streamUrl":"http://103.246.184.62:1935/noice_mustangfm/mustangfm/chunklist.m3u8","codec":"UNKNOWN","bitrate":128,"tags":"musik and news"}},{"type":"Feature","geometry":{"type":"Point","coordinates":[6.966705322265625,50.92900693240737]},"properties":{"id":"44ee797f-b7c4-4f94-8853-ce9a9c8731ed","name":"WDR4","country":"Germany","countryCode":"DE","state":"North Rhine-Westphalia","category":"music","streamUrl":"https://wdr-wdr4-live.icecastssl.wdr.de/wdr/wdr4/live/mp3/128/stream.mp3","codec":"MP3","bitrate":128,"tags":"oldies"}},{"type":"Feature","geometry":{"type":"Point","coordinates":[-79.38144930752816,43.63271325620439]},"properties":{"id":"d0df2a51-9cd3-4f3e-977d-aab92ddef7a3","name":"# 100 GREATEST HEAVY METAL","country":"Canada","countryCode":"CA","state":"Ontario","category":"music","streamUrl":"https://cast1.torontocast.com:4660/stream","codec":"MP3","bitrate":192,"tags":"60's, 60s, 70's, 70er, 70s, 80's, 80er, 80s, 90's, 90er"}},{"type":"Feature","geometry":{"type":"Point","coordinates":[37.643873803317554,55.789693906635634]},"properties":{"id":"72e7215c-3e31-4cbe-943c-80570cbf7a4b","name":"Соловьёв life FM","country":"The Russian Federation","countryCode":"RU","state":"Moscow (Russia)","category":"news","streamUrl":"https://solovievfm.hostingradio.ru/solovievfm128.aacp","codec":"AAC","bitrate":128,"tags":"news, talk"}},{"type":"Feature","geometry":{"type":"Point","coordinates":[33.0082,39.5961]},"properties":{"id":"c7dadc87-3c43-46f5-aa24-91e0fa9a7643","name":"Joy Fm","country":"Türkiye","countryCode":"TR","state":"Turkey","category":"music","streamUrl":"http://27913.live.streamtheworld.com/JOY_FMAAC_SC","codec":"AAC+","bitrate":64,"tags":"international"}},{"type":"Feature","geometry":{"type":"Point","coordinates":[20.9618,52.6225]},"properties":{"id":"d81fd5d3-4c24-4768-88b3-57954e77c0e7","name":"Radio Nowy Świat","country":"Poland","countryCode":"PL","state":"Poland","category":"music","streamUrl":"https://go-audio.toya.net.pl/63214","codec":"MP3","bitrate":128,"tags":"soft adult contemporary"}},{"type":"Feature","geometry":{"type":"Point","coordinates":[39.3857,54.9748]},"properties":{"id":"c96be971-6ea9-48c7-8825-8cc9faf40201","name":"Luxury Lounge - Late night, Deep sleep & Meditation","country":"The Russian Federation","countryCode":"RU","state":"Russia","category":"music","streamUrl":"http://188.40.109.122:8000/ices3","codec":"MP3","bitrate":192,"tags":"chillout, lounge, meditation"}},{"type":"Feature","geometry":{"type":"Point","coordinates":[-76.807,40.764]},"properties":{"id":"a5314180-7573-4b46-aafc-51ed2d5b9e71","name":"NPR Newscast","country":"The United States Of America","countryCode":"US","state":"United States","category":"news","streamUrl":"http://pd.npr.org/anon.npr-mp3/npr/news/newscast.mp3","codec":"MP3","bitrate":128,"tags":"news, world news"}},{"type":"Feature","geometry":{"type":"Point","coordinates":[126.4907,38.0274]},"properties":{"id":"43be83dc-340b-11e8-bb9b-52543be04c81","name":"Listen.moe Kpop","country":"The Republic Of Korea","countryCode":"KR","state":"South Korea","category":"music","streamUrl":"https://listen.moe/kpop/stream","codec":"OGG","bitrate":192,"tags":"kpop"}},{"type":"Feature","geometry":{"type":"Point","coordinates":[29.01048472916617,41.057849301833365]},"properties":{"id":"fd92e72f-2cbe-11e8-91bf-52543be04c81","name":"dinamo.fm deep","country":"Türkiye","countryCode":"TR","state":"Istanbul","category":"music","streamUrl":"http://channels.dinamo.fm/deep-mp3","codec":"MP3","bitrate":320,"tags":"deep house, house, nu disco"}},{"type":"Feature","geometry":{"type":"Point","coordinates":[13.7579,52.8001]},"properties":{"id":"87906f1e-5f82-4b86-9865-69e8eab8a69a","name":"OLDIE ANTENNE","country":"Germany","countryCode":"DE","state":"Bavaria","category":"music","streamUrl":"https://s1-webradio.oldie-antenne.de/oldie-antenne?aw_0_1st.playerid=OldieAntenneWebPlayer","codec":"MP3","bitrate":128,"tags":"60's, 70's, 80s, 90s, goldies, oldies, pop"}},{"type":"Feature","geometry":{"type":"Point","coordinates":[100.6743,13.3383]},"properties":{"id":"7316c4df-d61f-4ba1-9de4-f92e66b97f03","name":"ไทยลานนาเรดิโอ FM 106.5 จังหวัดตาก","country":"Thailand","countryCode":"TH","state":"Tak","category":"music","streamUrl":"https://inter.lannaradio.com/radio/8000/radio.mp3","codec":"MP3","bitrate":320,"tags":"country, hits 90's, indie, looktung, thailanna, top 40"}},{"type":"Feature","geometry":{"type":"Point","coordinates":[76.691,28.0396]},"properties":{"id":"4a3b5ce3-6ca7-4185-92c8-61fb18562332","name":"80’s Tamil Hits","country":"India","countryCode":"IN","state":"India","category":"music","streamUrl":"https://stream.zeno.fm/48w230kx8vzuv.aac","codec":"MP3","bitrate":128,"tags":""}},{"type":"Feature","geometry":{"type":"Point","coordinates":[107.303,-5.8516]},"properties":{"id":"38c09fe6-481f-4f49-a52e-ce21adabd16d","name":"Jak 101 FM","country":"Indonesia","countryCode":"ID","state":"DKI Jakarta","category":"news","streamUrl":"http://103.246.184.62:1935/noice_jakfm/jakfm/chunklist_w1246572933.m3u8","codec":"UNKNOWN","bitrate":128,"tags":"music, news, talk"}},{"type":"Feature","geometry":{"type":"Point","coordinates":[0.1724,50.9278]},"properties":{"id":"a347209e-6ce6-4c94-81ed-003c1275188f","name":"BBC World Service","country":"The United Kingdom Of Great Britain And Northern Ireland","countryCode":"GB","state":"United Kingdom","category":"news","streamUrl":"https://stream.live.vc.bbcmedia.co.uk/bbc_world_service_east_asia","codec":"MP3","bitrate":56,"tags":"news"}},{"type":"Feature","geometry":{"type":"Point","coordinates":[10.6161,60.4916]},"properties":{"id":"0cb4f6de-8e44-11e8-aa66-52543be04c81","name":"historyradio.org","country":"Norway","countryCode":"NO","state":"- None -","category":"talk","streamUrl":"https://stream.radiojar.com/6bmecgg3wd5tv","codec":"MP3","bitrate":128,"tags":"educational, history, literature, old time radio, radio drama, talk"}},{"type":"Feature","geometry":{"type":"Point","coordinates":[77.6984,28.8103]},"properties":{"id":"a519fdd3-e5de-4639-aeef-f97390b66724","name":"Radio Badal","country":"India","countryCode":"IN","state":"India","category":"music","streamUrl":"https://stream.zeno.fm/nhrtcxg09u8uv","codec":"MP3","bitrate":128,"tags":""}},{"type":"Feature","geometry":{"type":"Point","coordinates":[120.7656,15.1514]},"properties":{"id":"36351c6c-bccc-404c-bf6d-35ed4c799b9b","name":"Tunog Pinoy Power FM","country":"The Philippines","countryCode":"PH","state":"Philippines","category":"music","streamUrl":"http://streamnavs.net:8143/live","codec":"AAC","bitrate":128,"tags":""}},{"type":"Feature","geometry":{"type":"Point","coordinates":[126.9823,37.2262]},"properties":{"id":"7a72aa80-3902-4d73-a548-db81ac780240","name":"Big B Radio - Kpop","country":"The Republic Of Korea","countryCode":"KR","state":"South Korea","category":"music","streamUrl":"https://antares.dribbcast.com/proxy/kpop?mp=/s","codec":"MP3","bitrate":192,"tags":"music, pop"}},{"type":"Feature","geometry":{"type":"Point","coordinates":[8.852448769872822,51.11731684874898]},"properties":{"id":"be26f3f5-1ee1-4661-a3de-4544fc29e833","name":"_DEEJAY REMIXE_ Your Radio for finest House, EDM, Electro, Dance, Mashup, Hypertechno, Techno, Bootleg, Charts, Top40, Chillout, Lounge, HipHop, Urban & Latin Party DJ Remixes!","country":"Germany","countryCode":"DE","state":"Deutschland und NRW","category":"music","streamUrl":"https://breakz-high.rautemusik.fm/?ref=radiobrowser-deejay-remixes-radio","codec":"MP3","bitrate":192,"tags":"#mashup, bass, beach music, breaks, breakz, breakzfm, charts, chill, chill house, chillout"}},{"type":"Feature","geometry":{"type":"Point","coordinates":[76.9689,28.2973]},"properties":{"id":"fcc47b57-5b5a-4de5-8f65-cf2fda367514","name":"Sooriyan FM","country":"India","countryCode":"IN","state":"India","category":"music","streamUrl":"https://radio.lotustechnologieslk.net:8006/;stream.mp3","codec":"MP3","bitrate":128,"tags":""}},{"type":"Feature","geometry":{"type":"Point","coordinates":[8.646240234375002,50.10366919906325]},"properties":{"id":"600c73d1-2ea5-45ee-b3c1-c108674343e6","name":"HR1","country":"Germany","countryCode":"DE","state":"Hessen","category":"music","streamUrl":"http://dispatcher.rndfnk.com/hr/hr1/live/mp3/128/stream.mp3","codec":"MP3","bitrate":128,"tags":"pop"}},{"type":"Feature","geometry":{"type":"Point","coordinates":[-57.9303,-35.0626]},"properties":{"id":"c0cf2d87-993c-4cb6-97ad-f508a3fc5495","name":"Radio Mitre","country":"Argentina","countryCode":"AR","state":"Argentina","category":"news","streamUrl":"http://playerservices.streamtheworld.com/api/livestream-redirect/AM790_56AAC_SC","codec":"AAC+","bitrate":64,"tags":"news"}},{"type":"Feature","geometry":{"type":"Point","coordinates":[114.3735122680664,-8.215047618823062]},"properties":{"id":"66d55788-6e57-4755-ac58-aa85bfb7cf94","name":"Suara Soneta","country":"Indonesia","countryCode":"ID","state":"Banyuwangi","category":"music","streamUrl":"https://a2.siar.us//listen//suarasoneta//radio.mp3","codec":"AAC","bitrate":48,"tags":"dangdut, melayu"}},{"type":"Feature","geometry":{"type":"Point","coordinates":[106.8272049793689,-6.17558647088173]},"properties":{"id":"ab8ee851-2750-475e-ab77-aab0b2c49823","name":"Prambors FM Jakarta 102.2","country":"Indonesia","countryCode":"ID","state":"Jakarta","category":"music","streamUrl":"http://103.24.105.90:9300/pjkt","codec":"AAC+","bitrate":128,"tags":"hits, music, songs, youth"}},{"type":"Feature","geometry":{"type":"Point","coordinates":[12.977,52.5364]},"properties":{"id":"83b7ec82-15dd-4cfe-96b4-db0a27c6b979","name":"HR Info","country":"Germany","countryCode":"DE","state":"Hessen","category":"music","streamUrl":"https://dispatcher.rndfnk.com/hr/hrinfo/live/mp3/high","codec":"MP3","bitrate":128,"tags":""}},{"type":"Feature","geometry":{"type":"Point","coordinates":[120.9559,14.4238]},"properties":{"id":"247aa6ff-f402-4b81-8ebb-21fa00791ef5","name":"98.3 Love Radio Dagupan","country":"The Philippines","countryCode":"PH","state":"Philippines","category":"music","streamUrl":"https://loveradiodagupan.radioca.st/","codec":"MP3","bitrate":96,"tags":"pop"}},{"type":"Feature","geometry":{"type":"Point","coordinates":[16.1972,48.0183]},"properties":{"id":"96061367-0601-11e8-ae97-52543be04c81","name":"KroneHit Digital","country":"Austria","countryCode":"AT","state":"Vienna","category":"music","streamUrl":"http://onair-ha1.krone.at/kronehit1058.mp3","codec":"MP3","bitrate":128,"tags":""}},{"type":"Feature","geometry":{"type":"Point","coordinates":[-78.1069,37.405]},"properties":{"id":"43718921-41a0-48f5-9645-c467d19a5095","name":"_Funky Corner Radio (USA)","country":"The United States Of America","countryCode":"US","state":"Washington, DC","category":"music","streamUrl":"https://ais-sa2.cdnstream1.com/2447_192.mp3","codec":"MP3","bitrate":192,"tags":"70s, 70s disco, 80s, black, black music, disco, funk, funky, motown, music"}},{"type":"Feature","geometry":{"type":"Point","coordinates":[-123.08738708496097,49.26314458331521]},"properties":{"id":"d95c1da9-838c-4684-a009-44fc73608279","name":"80's New Wave Radio","country":"Canada","countryCode":"CA","state":"","category":"music","streamUrl":"https://puma.streemlion.com:2910/stream","codec":"MP3","bitrate":192,"tags":"80's, alternative, new wave, synthpop"}},{"type":"Feature","geometry":{"type":"Point","coordinates":[90.4001933404244,23.768312898727075]},"properties":{"id":"953034fd-4289-41d3-8836-6de4e3577646","name":"Radio Bhumi","country":"Bangladesh","countryCode":"BD","state":"","category":"music","streamUrl":"https://stream-156.zeno.fm/be5bqmk1k18uv?zt=eyJhbGciOiJIUzI1NiJ9.eyJzdHJlYW0iOiJiZTVicW1rMWsxOHV2IiwiaG9zdCI6InN0cmVhbS0xNTYuemVuby5mbSIsInJ0dGwiOjUsImp0aSI6IjB1c0x1ZURGVEhTR0EwSDE1N2VBVmciLCJpYXQiOjE3MzU0NTM5MjQsImV4cCI6MTczNTQ1Mzk4NH0.vjlgqsHzQRt-_2T0LIHscJkAVHXd8hYV8Z6NDvvEWYk","codec":"MP3","bitrate":128,"tags":"bangla, bangla fm, bangla music, bangla radio, bangladesh"}},{"type":"Feature","geometry":{"type":"Point","coordinates":[-78.6678,37.3206]},"properties":{"id":"7eb9e8ed-47f6-4cae-889a-774f6462db5f","name":".100 Hip hop and RNB FM","country":"The United States Of America","countryCode":"US","state":"US","category":"music","streamUrl":"https://ice64.securenetsystems.net/LFTM","codec":"AAC+","bitrate":32,"tags":"hip hop, r&b, soul, urban"}},{"type":"Feature","geometry":{"type":"Point","coordinates":[28.1919,-25.7716]},"properties":{"id":"28b85cc9-696f-4175-966e-7459653c4811","name":"Lekker FM","country":"South Africa","countryCode":"ZA","state":"South Africa","category":"music","streamUrl":"https://zas3.ndx.co.za:8002/stream","codec":"MP3","bitrate":64,"tags":"local, top 40"}},{"type":"Feature","geometry":{"type":"Point","coordinates":[23.7631,37.7629]},"properties":{"id":"3653b75c-0116-11ea-bbf2-52543be04c81","name":"Psyndora Chillout","country":"Greece","countryCode":"GR","state":"Hellas","category":"music","streamUrl":"http://cast.magicstreams.gr:9125/stream","codec":"MP3","bitrate":128,"tags":"2 stations, 24/7, chill, chillout, non-stop music, psybient, psydub, psytrance"}},{"type":"Feature","geometry":{"type":"Point","coordinates":[7.1478,47.2798]},"properties":{"id":"32fed468-cfe3-11e9-a861-52543be04c81","name":"80s Forever - We Keep The 80s Alive","country":"Switzerland","countryCode":"CH","state":"Zürich","category":"music","streamUrl":"https://premium.shoutcastsolutions.com/radio/8050/256.mp3","codec":"MP3","bitrate":256,"tags":"80s, alternative rock, eighties, gothic, indie, indie pop, manchester rave, new wave, power pop, rare 80s"}},{"type":"Feature","geometry":{"type":"Point","coordinates":[20.7201,51.8444]},"properties":{"id":"592947b7-c949-4e9f-8797-1e93b2158a19","name":"ESKA GORĄCA 100","country":"Poland","countryCode":"PL","state":"Poland","category":"music","streamUrl":"http://ic1.smcdn.pl/6120-1.mp3","codec":"MP3","bitrate":128,"tags":"trance"}},{"type":"Feature","geometry":{"type":"Point","coordinates":[47.9657506942749,29.35036940428836]},"properties":{"id":"0d468016-910f-497f-b75e-26aed21086e9","name":"Quran Radio راديو القرآن - Abdulbasit Abdulsamad - عبدالباسط عبدالصمد","country":"Kuwait","countryCode":"KW","state":"Kuwait City","category":"music","streamUrl":"https://radio.mp3islam.com/listen/abdulbasit/radio.mp3","codec":"AAC","bitrate":64,"tags":"abdulbasit, abdulsamad, arab, egypt, islam, islamic, kuwait, quran, quran radio, saudi"}},{"type":"Feature","geometry":{"type":"Point","coordinates":[13.0672,52.2409]},"properties":{"id":"7a49c017-1391-4e18-a4d8-a9bab58516e6","name":"Bayern 1 Oberbayern","country":"Germany","countryCode":"DE","state":"Bayern","category":"music","streamUrl":"https://dispatcher.rndfnk.com/br/br1/obb/mp3/mid","codec":"MP3","bitrate":128,"tags":"oldies"}},{"type":"Feature","geometry":{"type":"Point","coordinates":[16.2877707,48.1776994]},"properties":{"id":"206f93c5-5f3c-4ba1-82c2-19a42582fcc2","name":"FM4 | ORF","country":"Austria","countryCode":"AT","state":"Vienna","category":"music","streamUrl":"https://orf-live.ors-shoutcast.at/fm4-q1a","codec":"MP3","bitrate":128,"tags":"orf, alternative mainstream, electronic, pop, rock, public radio"}},{"type":"Feature","geometry":{"type":"Point","coordinates":[-75.6905,39.8881]},"properties":{"id":"1125f06b-01ff-4794-b347-e83128ec4a9f","name":"The Ultimate Art Bell","country":"The United States Of America","countryCode":"US","state":"United States","category":"music","streamUrl":"http://stream.willstare.com:8450/","codec":"MP3","bitrate":32,"tags":"art bell, coast to coast am, conspiracies, conspiracy theories, paranormal"}},{"type":"Feature","geometry":{"type":"Point","coordinates":[13.3347639,52.4802578]},"properties":{"id":"5a6946a2-f02f-4fd1-a16b-558c90150041","name":"Deutschlandfunk | DLF | OPUS 24k","country":"Germany","countryCode":"DE","state":"Berlin","category":"news","streamUrl":"https://st01.sslstream.dlf.de/dlf/01/low/opus/stream.opus?aggregator=web","codec":"OGG","bitrate":24,"tags":"culture, news, public service, information"}},{"type":"Feature","geometry":{"type":"Point","coordinates":[76.9108,28.2091]},"properties":{"id":"82328615-bb80-4cb6-b5b2-f736942ce398","name":"Radio Bollywood Gaane Purane","country":"India","countryCode":"IN","state":"India","category":"music","streamUrl":"https://stream-145.zeno.fm/6n6ewddtad0uv?zs=Hc47dloSRx-vBgJnNOT8DA","codec":"MP3","bitrate":128,"tags":""}},{"type":"Feature","geometry":{"type":"Point","coordinates":[35.29718935489655,32.70075627080152]},"properties":{"id":"bcfe2aae-33fa-494a-a571-c3bbc8715c7d","name":"راديو الناس","country":"State Of Palestine","countryCode":"PS","state":"","category":"news","streamUrl":"https://cdna.streamgates.net/RadioNas/Live-Audio/icecast.audio","codec":"AAC+","bitrate":64,"tags":"culture, music, news, talk"}},{"type":"Feature","geometry":{"type":"Point","coordinates":[103.7792,0.8364]},"properties":{"id":"06993d81-0b79-11e9-a80b-52543be04c81","name":"UFM 100.3 Radio","country":"Singapore","countryCode":"SG","state":"Toa Payoh","category":"music","streamUrl":"http://playerservices.streamtheworld.com/api/livestream-redirect/UFM_1003AAC.aac","codec":"AAC+","bitrate":64,"tags":""}},{"type":"Feature","geometry":{"type":"Point","coordinates":[-0.067,51.2442]},"properties":{"id":"30820d12-0409-44b7-b5e8-edc594910d92","name":"Радио Сева (Radio Seva Novgorodsev)","country":"The United Kingdom Of Great Britain And Northern Ireland","countryCode":"GB","state":"London","category":"talk","streamUrl":"https://seva.ru/radio/stream","codec":"MP3","bitrate":128,"tags":"music, rock, talk, музыка, разговорное, рок"}},{"type":"Feature","geometry":{"type":"Point","coordinates":[13.4172,52.1832]},"properties":{"id":"9607be6f-0601-11e8-ae97-52543be04c81","name":"Schlagerparadies","country":"Germany","countryCode":"DE","state":"Saarland","category":"music","streamUrl":"https://webstream.schlagerparadies.de/schlager30842","codec":"MP3","bitrate":192,"tags":"schlager"}},{"type":"Feature","geometry":{"type":"Point","coordinates":[27.783,-26.3079]},"properties":{"id":"9618310a-0601-11e8-ae97-52543be04c81","name":"ECR - East Coast Radio -KwaZulu Natal","country":"South Africa","countryCode":"ZA","state":"KwaZulu-Natal","category":"news","streamUrl":"https://edge.iono.fm/xice/ecr_live_medium.aac","codec":"AAC+","bitrate":48,"tags":"news, urban, urban adult contemporary"}},{"type":"Feature","geometry":{"type":"Point","coordinates":[139.1301,36.031]},"properties":{"id":"248a7684-7e28-4912-9812-efefc2bba2e1","name":"Gensokyo Radio","country":"Japan","countryCode":"JP","state":"Japan","category":"music","streamUrl":"https://stream.gensokyoradio.net/3","codec":"MP3","bitrate":256,"tags":"anime, touhou"}},{"type":"Feature","geometry":{"type":"Point","coordinates":[18.4651,58.9276]},"properties":{"id":"96342772-0601-11e8-ae97-52543be04c81","name":"Mix Megapol","country":"Sweden","countryCode":"SE","state":"Sweden","category":"music","streamUrl":"http://tx-bauerse.sharp-stream.com/http_live.php?ua=WEB&i=mixmegapol_instream_se_mp3","codec":"MP3","bitrate":128,"tags":""}},{"type":"Feature","geometry":{"type":"Point","coordinates":[-0.1863,50.9962]},"properties":{"id":"03e68f6d-1ca3-459f-891a-c55d84711646","name":"BBC Radio 3 (128k)","country":"The United Kingdom Of Great Britain And Northern Ireland","countryCode":"GB","state":"United Kingdom","category":"news","streamUrl":"http://as-hls-ww-live.akamaized.net/pool_23461179/live/ww/bbc_radio_three/bbc_radio_three.isml/bbc_radio_three-audio%3d128000.norewind.m3u8","codec":"UNKNOWN","bitrate":128,"tags":"classical"}},{"type":"Feature","geometry":{"type":"Point","coordinates":[139.7305,36.1483]},"properties":{"id":"9f9cc220-3462-11e8-bb9b-52543be04c81","name":"Retro PC GAME MUSIC Streaming Radio","country":"Japan","countryCode":"JP","state":"Japan","category":"music","streamUrl":"http://gyusyabu.ddo.jp:8000/","codec":"MP3","bitrate":256,"tags":"chiptune, retro games, soundtracks, video game"}},{"type":"Feature","geometry":{"type":"Point","coordinates":[4.8604,52.1894]},"properties":{"id":"39874081-8a87-45ca-a67f-52bae3372ae8","name":"Radio 10 60's & 70's Hits","country":"The Netherlands","countryCode":"NL","state":"Netherlands","category":"music","streamUrl":"http://22533.live.streamtheworld.com:3690/TLPSTR18_SC","codec":"MP3","bitrate":128,"tags":""}},{"type":"Feature","geometry":{"type":"Point","coordinates":[23.8988,38.488]},"properties":{"id":"96b37cae-4795-4e9a-92be-178f16216ecf","name":"Rythmos 94.9","country":"Greece","countryCode":"GR","state":"Athens","category":"music","streamUrl":"https://stream.radiojar.com/aw1w2xfx1vduv","codec":"MP3","bitrate":128,"tags":"greek, pop, top 40"}},{"type":"Feature","geometry":{"type":"Point","coordinates":[112.70269067958,-7.432475023114795]},"properties":{"id":"cb031493-2f67-4dd7-ba4a-1e9d413b22a0","name":"Radio Sholawat","country":"Indonesia","countryCode":"ID","state":"Surabaya","category":"music","streamUrl":"https://stream.zeno.fm/us5bsznu3rptv","codec":"MP3","bitrate":128,"tags":"religious, sholawat"}},{"type":"Feature","geometry":{"type":"Point","coordinates":[13.4989,51.9551]},"properties":{"id":"10b15833-b29c-11e8-afe1-52543be04c81","name":"NDR2","country":"Germany","countryCode":"DE","state":"Germany","category":"music","streamUrl":"http://icecast.ndr.de/ndr/ndr2/niedersachsen/mp3/128/stream.mp3","codec":"MP3","bitrate":128,"tags":"fav"}},{"type":"Feature","geometry":{"type":"Point","coordinates":[174.6248,-41.105]},"properties":{"id":"4889d4ef-a405-11e8-abb8-52543be04c81","name":"Easy 80s","country":"New Zealand","countryCode":"NZ","state":"New Zealand","category":"music","streamUrl":"http://procyon.shoutca.st:8032/;","codec":"MP3","bitrate":128,"tags":"80s, easy listening"}},{"type":"Feature","geometry":{"type":"Point","coordinates":[-0.2068,51.6084]},"properties":{"id":"ccd9d009-b369-4451-9ebb-a2138bed734f","name":"BBC Radio 4 Extra (128k)","country":"The United Kingdom Of Great Britain And Northern Ireland","countryCode":"GB","state":"United Kingdom","category":"news","streamUrl":"http://as-hls-ww-live.akamaized.net/pool_26173715/live/ww/bbc_radio_four_extra/bbc_radio_four_extra.isml/bbc_radio_four_extra-audio%3d128000.norewind.m3u8","codec":"UNKNOWN","bitrate":128,"tags":"comedy, drama, entertainment"}},{"type":"Feature","geometry":{"type":"Point","coordinates":[-93.28977,37.21158]},"properties":{"id":"96147f07-0601-11e8-ae97-52543be04c81","name":"Christian Power Praise Dot Net","country":"The United States Of America","countryCode":"US","state":"Missouri","category":"music","streamUrl":"https://listen.christianrock.net/stream/13/","codec":"AAC","bitrate":136,"tags":"christian, praise, worship, christianpowerpraise.net, cppdn"}},{"type":"Feature","geometry":{"type":"Point","coordinates":[-79.85188515856863,43.96145610700701]},"properties":{"id":"02569932-0b3c-4938-9d3e-b00b2158d40b","name":"AIRPORT LOUNGE RADIO","country":"Canada","countryCode":"CA","state":"Ontario","category":"aviation-marine","streamUrl":"https://az1.mediacp.eu/listen/airport-lounge-radio/radio.mp3","codec":"MP3","bitrate":128,"tags":"aereoporto, airport, ambient, chill, chillout, easy listening, house, lounge, smooth, smooth jazz"}},{"type":"Feature","geometry":{"type":"Point","coordinates":[8.650360107421877,50.137833156641875]},"properties":{"id":"c0646941-d526-44c2-ad99-dbb793678055","name":"HR3","country":"Germany","countryCode":"DE","state":"Hessen","category":"music","streamUrl":"http://dispatcher.rndfnk.com/hr/hr3/live/mp3/128/stream.mp3","codec":"MP3","bitrate":128,"tags":""}},{"type":"Feature","geometry":{"type":"Point","coordinates":[32.7849,39.5941]},"properties":{"id":"585600d9-bdc4-4a2e-93c5-2421041cc55c","name":"Radyo 45lik yeni","country":"Türkiye","countryCode":"TR","state":"Turkey","category":"music","streamUrl":"https://stream.radyo45lik.com:4545/","codec":"AAC","bitrate":128,"tags":"70s, 80s, 90s, nostalgic, retro"}},{"type":"Feature","geometry":{"type":"Point","coordinates":[120.542,14.2912]},"properties":{"id":"71623064-347c-4e85-8136-148115d350f2","name":"92.3 Radyo5 True FM","country":"The Philippines","countryCode":"PH","state":"Philippines","category":"music","streamUrl":"https://qp-pldt-live-grp-05-prod.akamaized.net/out/u/radyo5_qp.m3u8","codec":"AAC","bitrate":463,"tags":""}},{"type":"Feature","geometry":{"type":"Point","coordinates":[121.54,25.0654]},"properties":{"id":"a598b0a8-6863-4dac-9a62-74ceb084f39f","name":"RTI 臺灣之音","country":"Taiwan, Republic Of China","countryCode":"TW","state":"Taipei","category":"news","streamUrl":"https://streamak0138.akamaized.net/live0138lh-mbm9/_definst_/rti3/chunklist.m3u8","codec":"UNKNOWN","bitrate":128,"tags":""}},{"type":"Feature","geometry":{"type":"Point","coordinates":[17.029,54.465]},"properties":{"id":"53241c38-4a74-4beb-9514-1033913d1ede","name":"SmoothJazz.com.pl 320k MP3","country":"Poland","countryCode":"PL","state":"Pomorskie","category":"music","streamUrl":"https://bcast.vigormultimedia.com:48888/sjcompl320mp3","codec":"MP3","bitrate":320,"tags":"jazz, smooth jazz"}},{"type":"Feature","geometry":{"type":"Point","coordinates":[28.3918,-25.91]},"properties":{"id":"119f07c3-81f0-4309-91e8-f46525f0d35d","name":"KAYA FM 95.9","country":"South Africa","countryCode":"ZA","state":"Gauteng","category":"music","streamUrl":"http://edge.iono.fm/xhls/82_high.m3u8","codec":"UNKNOWN","bitrate":128,"tags":"african, alternative, pop"}},{"type":"Feature","geometry":{"type":"Point","coordinates":[1.763,48.7418]},"properties":{"id":"cbca0f46-ced9-4154-8157-c87039765207","name":"📺 RFI Monde","country":"France","countryCode":"FR","state":"France","category":"news","streamUrl":"https://rfiafrique64k.ice.infomaniak.ch/rfimonde-64.mp3","codec":"MP3","bitrate":64,"tags":"info, information, rfi"}},{"type":"Feature","geometry":{"type":"Point","coordinates":[100.8808,13.25]},"properties":{"id":"6b9d44bb-2628-11e9-a80b-52543be04c81","name":"Thai PBS TV","country":"Thailand","countryCode":"TH","state":"Bangkok","category":"music","streamUrl":"http://thaipbs-live.cdn.byteark.com/live-en/playlist_720p/index.m3u8","codec":"UNKNOWN","bitrate":128,"tags":""}},{"type":"Feature","geometry":{"type":"Point","coordinates":[9.167589247226717,45.47809346079712]},"properties":{"id":"999ff951-68eb-4f4a-bec9-ed972b99d258","name":"Radio Deejay","country":"Italy","countryCode":"IT","state":"Lombardia","category":"news","streamUrl":"https://4c4b867c89244861ac216426883d1ad0.msvdn.net/radiodeejay/radiodeejay/master_ma.m3u8","codec":"AAC+","bitrate":122,"tags":"italian, news, pop, talk"}},{"type":"Feature","geometry":{"type":"Point","coordinates":[13.1186,52.7704]},"properties":{"id":"9f899cb2-8dd7-11e8-aa66-52543be04c81","name":"Radioeins","country":"Germany","countryCode":"DE","state":"Berlin/Brandenburg","category":"music","streamUrl":"http://d111.rndfnk.com/ard/rbb/radioeins/live/mp3/128/stream.mp3?cid=01FC1WH12KJ93TCQPDSE2E5PZ9&sid=3JOvj9cQ2LCiOf9t4WjyqAKcbUg&token=-n15sa_y-Vkpw7j9Nthq4wqvNv2kebUCcHnohQ9sufk&tvf=6hd3uGXR1RhkMTExLnJuZGZuay5jb20","codec":"MP3","bitrate":128,"tags":""}},{"type":"Feature","geometry":{"type":"Point","coordinates":[106.82148523628712,-6.202298736337668]},"properties":{"id":"30ba9673-6034-40ff-966d-b8a8b3da2536","name":"Mettaswara Koplo","country":"Indonesia","countryCode":"ID","state":"Jakarta","category":"music","streamUrl":"https://mettaswara.com:8700//koplo","codec":"AAC","bitrate":64,"tags":"koplo"}},{"type":"Feature","geometry":{"type":"Point","coordinates":[139.8973,36.0142]},"properties":{"id":"7b85cb6b-ebb8-11e8-a471-52543be04c81","name":"R/a/dio","country":"Japan","countryCode":"JP","state":"Japan","category":"music","streamUrl":"https://relay0.r-a-d.io/main.mp3","codec":"MP3","bitrate":128,"tags":"anime, jpop"}},{"type":"Feature","geometry":{"type":"Point","coordinates":[4.5866,52.0233]},"properties":{"id":"960f36b5-0601-11e8-ae97-52543be04c81","name":"100% NL","country":"The Netherlands","countryCode":"NL","state":"Netherlands","category":"music","streamUrl":"http://stream.100p.nl/100pctnl.mp3","codec":"MP3","bitrate":128,"tags":""}},{"type":"Feature","geometry":{"type":"Point","coordinates":[32.6669,39.7119]},"properties":{"id":"a96f83d1-d225-4eda-91cd-1a99dc230032","name":"Alem Fm","country":"Türkiye","countryCode":"TR","state":"Turkey","category":"music","streamUrl":"https://turkmedya.radyotvonline.net/alemfmaac","codec":"AAC","bitrate":128,"tags":"classical"}},{"type":"Feature","geometry":{"type":"Point","coordinates":[28.652343750000004,-25.87405199899194]},"properties":{"id":"ac81df15-039c-43df-b944-7462426b9db5","name":"Ukhozi FM S.A","country":"South Africa","countryCode":"ZA","state":"","category":"music","streamUrl":"https://playerservices.streamtheworld.com/api/livestream-redirect/UKHOZIFMAAC_SC?dist=triton-widget&pname=tdwidgets","codec":"AAC+","bitrate":48,"tags":""}},{"type":"Feature","geometry":{"type":"Point","coordinates":[77.6502,29.1416]},"properties":{"id":"4088a674-566b-4a6e-9712-0fee910cfc5a","name":"bollywoodandbeyond","country":"India","countryCode":"IN","state":"India","category":"music","streamUrl":"https://s6.yesstreaming.net/proxy/john1237?mp=/live","codec":"MP3","bitrate":128,"tags":""}},{"type":"Feature","geometry":{"type":"Point","coordinates":[20.4124,51.8901]},"properties":{"id":"75b823fc-f95f-4b88-a2e1-737750ac8ad9","name":"Polskie Radio 24","country":"Poland","countryCode":"PL","state":"Poland","category":"news","streamUrl":"http://stream3.polskieradio.pl:8080/;.mp3","codec":"MP3","bitrate":192,"tags":"information, news, talk"}},{"type":"Feature","geometry":{"type":"Point","coordinates":[17.7661,58.7596]},"properties":{"id":"96414222-0601-11e8-ae97-52543be04c81","name":"NRJ Sweden","country":"Sweden","countryCode":"SE","state":"Sweden","category":"music","streamUrl":"http://tx-bauerse.sharp-stream.com/http_live.php?i=nrj_instreamtest_se_mp3","codec":"MP3","bitrate":128,"tags":"top 40"}},{"type":"Feature","geometry":{"type":"Point","coordinates":[13.7997,52.4887]},"properties":{"id":"900a7450-c2fb-4896-a38f-99a2e6dc0c6e","name":"80s80s Italo Disco","country":"Germany","countryCode":"DE","state":"Germany","category":"music","streamUrl":"http://regiocast.streamabc.net/regc-80s80sitalohits4327678-mp3-192-4934150?sABC=654902n3%230%232qqpnss01895rqr0s8oq129o03s183o0%23fgernzf.80f80f.qr&aw_0_1st.playerid=streams.80s80s.de&amsparams=playerid:streams.80s80s.de;skey:1699283619","codec":"MP3","bitrate":128,"tags":"80s, decades, italo disco"}},{"type":"Feature","geometry":{"type":"Point","coordinates":[12.1379,42.2713]},"properties":{"id":"f8a910c3-fd87-4376-af20-1af5bfec6ab4","name":"Radio M2O","country":"Italy","countryCode":"IT","state":"Italy","category":"music","streamUrl":"https://4c4b867c89244861ac216426883d1ad0.msvdn.net/radiom2o/radiom2o/master_ma.m3u8","codec":"AAC+","bitrate":122,"tags":"commercial, dance, electronic, house"}},{"type":"Feature","geometry":{"type":"Point","coordinates":[103.5374,0.9315]},"properties":{"id":"7036e1ed-0b7d-11e9-a80b-52543be04c81","name":"Capital 958 Radio","country":"Singapore","countryCode":"SG","state":"Singapore","category":"music","streamUrl":"http://playerservices.streamtheworld.com/api/livestream-redirect/CAPITAL958FMAAC.aac","codec":"AAC+","bitrate":48,"tags":""}},{"type":"Feature","geometry":{"type":"Point","coordinates":[13.9552,52.3022]},"properties":{"id":"9612390e-0601-11e8-ae97-52543be04c81","name":"NDR 1 Welle Nord","country":"Germany","countryCode":"DE","state":"Schleswig-Holstein","category":"music","streamUrl":"http://icecast.ndr.de/ndr/ndr1wellenord/kiel/mp3/128/stream.mp3","codec":"MP3","bitrate":128,"tags":"oldies, pop"}},{"type":"Feature","geometry":{"type":"Point","coordinates":[7.5573,46.8044]},"properties":{"id":"96466f91-0601-11e8-ae97-52543be04c81","name":"Radio Swiss Jazz","country":"Switzerland","countryCode":"CH","state":"Bern","category":"music","streamUrl":"http://stream.srg-ssr.ch/m/rsj/aacp_96","codec":"AAC","bitrate":88,"tags":"jazz, public radio, srg ssr"}},{"type":"Feature","geometry":{"type":"Point","coordinates":[-0.08765459060668947,51.50520253809267]},"properties":{"id":"7d196930-5f3d-45e2-b11a-d261c4515161","name":"Virgin Radio UK","country":"The United Kingdom Of Great Britain And Northern Ireland","countryCode":"GB","state":"London, England","category":"news","streamUrl":"https://radio.virginradio.co.uk/stream","codec":"MP3","bitrate":128,"tags":"00s, 80s, 90s, information, news, pop, pop rock"}},{"type":"Feature","geometry":{"type":"Point","coordinates":[127.4493,37.4686]},"properties":{"id":"c038a859-7be1-11e9-aa30-52543be04c81","name":"KBS Classic FM","country":"The Republic Of Korea","countryCode":"KR","state":"Seoul","category":"music","streamUrl":"https://1fm.gscdn.kbs.co.kr/1fm_192_2.m3u8?Policy=eyJTdGF0ZW1lbnQiOlt7IlJlc291cmNlIjoiaHR0cHM6Ly8xZm0uZ3NjZG4ua2JzLmNvLmtyLyoiLCJDb25kaXRpb24iOnsiRGF0ZUxlc3NUaGFuIjp7IkFXUzpFcG9jaFRpbWUiOjE3ODk2OTA3MzR9fX1dfQ__&Key-Pair-Id=APKAICDSGT3Y7IXGJ3TA&Signature=kxqgH04WkJmRff5mqhA-md0zWf20yLiuY9hANPSUodTNcjd5UMap2DRARuBlxVwsSbMS9bj2AjFoGooA7iEtYJTVF1IqZVzDKdWrC~yt-EwVVnhQlCPm1QCEX0pVQ2zgS~IahfmbPfLpFc7xymOVAv1c9ov5yAw8u85UPxhX6FehaGcwJ5SQ~EqXt6ZOGohMTZrNRWWP~sor32K9U4112rKF-ZKUpJ0peX6y0wsbHBNZdX5p6JWLPLcXpBV2X~jJ5QhoRfhQsaCmaragZwwxTWDOLZTcCuGVN~z9yaFDUU5QgzLMmUQmEWPMenbA96dtZbD1T7A3j6XO25fuzc6iUQ__","codec":"UNKNOWN","bitrate":128,"tags":""}},{"type":"Feature","geometry":{"type":"Point","coordinates":[77.2325,29.1377]},"properties":{"id":"9eb3eafc-5e10-4a79-9d22-256d6d3fce39","name":"bollywood 90s radio","country":"India","countryCode":"IN","state":"India","category":"music","streamUrl":"https://stream-159.zeno.fm/rm4i9pdex3cuv?zt=eyJhbGciOiJIUzI1NiJ9.eyJzdHJlYW0iOiJybTRpOXBkZXgzY3V2IiwiaG9zdCI6InN0cmVhbS0xNTkuemVuby5mbSIsInJ0dGwiOjUsImp0aSI6IlMzMHdNYU40UUZtNml2WnR3UFRhSmciLCJpYXQiOjE","codec":"MP3","bitrate":128,"tags":"music"}},{"type":"Feature","geometry":{"type":"Point","coordinates":[30.484348296922693,50.48364264929407]},"properties":{"id":"ede55a22-f16e-4eb4-be1a-731816df3743","name":"Kiss FM","country":"Ukraine","countryCode":"UA","state":"","category":"music","streamUrl":"https://online.kissfm.ua/KissFM_HD","codec":"MP3","bitrate":320,"tags":"edm, hot ac"}},{"type":"Feature","geometry":{"type":"Point","coordinates":[2.9382,48.4726]},"properties":{"id":"dbdae111-2ceb-48e8-aa6b-cc544c57d043","name":"RFM POP-ROCK","country":"France","countryCode":"FR","state":"France","category":"music","streamUrl":"https://stream.rfm.fr/rfm-wr10.aac","codec":"AAC+","bitrate":128,"tags":"chansons françaises, pop, pop rock, rock"}},{"type":"Feature","geometry":{"type":"Point","coordinates":[-71.71875000000001,47.040182144806664]},"properties":{"id":"de478916-6d8d-4997-9894-9d068bcf1857","name":"Labgate P.YG. Pink Floyd, Yes, Genesis","country":"Canada","countryCode":"CA","state":"Quebec","category":"music","streamUrl":"https://s2.ssl-stream.com/radio/8160/radio.mp3","codec":"MP3","bitrate":128,"tags":"progressive rock"}},{"type":"Feature","geometry":{"type":"Point","coordinates":[-76.7741,40.3354]},"properties":{"id":"6a7508a9-27ab-11e8-91bf-52543be04c81","name":"KEXP 90.3 Seattle, WA","country":"The United States Of America","countryCode":"US","state":"Washington","category":"music","streamUrl":"http://live-mp3-128.kexp.org/kexp128.mp3","codec":"MP3","bitrate":128,"tags":"alternative rock, indie, live, public radio, seattle, variety"}},{"type":"Feature","geometry":{"type":"Point","coordinates":[75.84960937500001,24.16930792536814]},"properties":{"id":"8712fca3-870c-4dfb-8d5b-c01095aa6e98","name":"Free FM Bombay","country":"India","countryCode":"IN","state":"Maharastra","category":"music","streamUrl":"https://rocafmadrid.radioca.st/","codec":"MP3","bitrate":320,"tags":"#free, #freefm, 1980s, 2000s, 70 80 hits, 80, 80's, 80s soft rock, 90's, pop en español"}},{"type":"Feature","geometry":{"type":"Point","coordinates":[-47.3864,-22.2462]},"properties":{"id":"6da066a5-eddf-4640-8bfb-25070c52858d","name":"Rádio Transamérica 100.1 FM","country":"Brazil","countryCode":"BR","state":"Sao Paulo","category":"music","streamUrl":"https://playerservices.streamtheworld.com/api/livestream-redirect/RT_SPAAC.aac","codec":"AAC+","bitrate":32,"tags":"adult, soccer"}},{"type":"Feature","geometry":{"type":"Point","coordinates":[100.2734,14.2792]},"properties":{"id":"4ded6637-6cbb-11e8-b15b-52543be04c81","name":"สวพ.91","country":"Thailand","countryCode":"TH","state":"Bangkok","category":"traffic-transit","streamUrl":"http://122.155.16.48:8955/;stream.mp3","codec":"MP3","bitrate":320,"tags":"traffic, volunteer"}},{"type":"Feature","geometry":{"type":"Point","coordinates":[121.2358,15.1871]},"properties":{"id":"dae9feeb-8565-4c50-b2d1-5781081fccb8","name":"90s Pinoy Alternative","country":"The Philippines","countryCode":"PH","state":"Philippines","category":"music","streamUrl":"https://cast3.my-control-panel.com/proxy/ronald/stream","codec":"MP3","bitrate":192,"tags":""}},{"type":"Feature","geometry":{"type":"Point","coordinates":[77.3215,28.3988]},"properties":{"id":"535f45c2-5d4b-4bac-aaff-88e85bd445a8","name":"Maayboli Marathi","country":"India","countryCode":"IN","state":"Maharashtra","category":"music","streamUrl":"http://stream.zeno.fm/48kybvzrwfeuv","codec":"MP3","bitrate":128,"tags":""}},{"type":"Feature","geometry":{"type":"Point","coordinates":[139.4455,35.4556]},"properties":{"id":"32d5e5ac-e196-4451-9193-bd41a7961556","name":"J1 Gold (HTTP)","country":"Japan","countryCode":"JP","state":"Japan","category":"music","streamUrl":"http://jenny.torontocast.com:8062/","codec":"MP3","bitrate":128,"tags":"jpop"}},{"type":"Feature","geometry":{"type":"Point","coordinates":[25.92979431152344,48.286848187109086]},"properties":{"id":"2b739ef4-593e-4190-be36-5c93f0d6ad7b","name":"Blues & Rock Radio","country":"Ukraine","countryCode":"UA","state":"Chernivtsi","category":"music","streamUrl":"http://stream.laut.fm/bluesrock","codec":"MP3","bitrate":128,"tags":"blues, blues rock, hard rock, rock"}},{"type":"Feature","geometry":{"type":"Point","coordinates":[17.835,59.6112]},"properties":{"id":"daef257f-eb1a-11e8-a471-52543be04c81","name":"Country Rocks Radio","country":"Sweden","countryCode":"SE","state":"Skåne","category":"music","streamUrl":"http://stream.dbmedia.se/crr96","codec":"AAC+","bitrate":128,"tags":"country"}},{"type":"Feature","geometry":{"type":"Point","coordinates":[6.809602707021695,51.20724216553999]},"properties":{"id":"e94afa1a-0f96-4a57-8b97-112bb5cd348d","name":"# Aktuelle HITS - 24H NON-STOP MUSIC - DANCE & DJ MIX RADIO @ TikTok Hits, Ibiza House, Sunset Lounge, Melodic Music, EDM, Deep House, Dance Music, Techno & Hypertechno, Rave Charts, Top 40 Charts, Latin, Reggaeton Music, Moombahton, Urban Hits, HipHop, Party & Clubbing Radio, Trending Chartmusic, R&B, Urban, Mixtape - & LIVE DJ SET","country":"Germany","countryCode":"DE","state":"","category":"music","streamUrl":"https://breakz-2012-high.rautemusik.fm/?ref=radiobrowser-akthits","codec":"MP3","bitrate":192,"tags":"#, #charts, #dj, #hits, #mixtapes, 00s, 90s, adult contemporary, charts, chill house"}},{"type":"Feature","geometry":{"type":"Point","coordinates":[2.3986,49.3667]},"properties":{"id":"dfc627d6-5bb2-11ea-be63-52543be04c81","name":"Tropiques FM","country":"France","countryCode":"FR","state":"France","category":"music","streamUrl":"http://listen.radioking.com/radio/8916/stream/19088","codec":"MP3","bitrate":128,"tags":""}},{"type":"Feature","geometry":{"type":"Point","coordinates":[76.9577,28.9216]},"properties":{"id":"53e1a910-fb05-4d22-9a1c-575ca771e0d8","name":"60sforever","country":"India","countryCode":"IN","state":"India","category":"music","streamUrl":"https://stream.zeno.fm/btrks671ynhvv","codec":"MP3","bitrate":128,"tags":""}},{"type":"Feature","geometry":{"type":"Point","coordinates":[-9.151954650878908,38.70908932739828]},"properties":{"id":"7bc1f66f-412d-484b-82eb-b7b1c4575faa","name":"M80 Rádio – 80s","country":"Portugal","countryCode":"PT","state":"Lisbon","category":"music","streamUrl":"https://stream-icy.bauermedia.pt/m8080.aac","codec":"AAC","bitrate":127,"tags":"80s, pop, romantic"}},{"type":"Feature","geometry":{"type":"Point","coordinates":[1.8651,48.906]},"properties":{"id":"9f756e2d-8e9b-45f5-8fc1-61573e23036b","name":"FUN Radio","country":"France","countryCode":"FR","state":"France","category":"music","streamUrl":"http://icecast.funradio.fr/fun-1-44-128","codec":"MP3","bitrate":128,"tags":"dance, electro, latino"}},{"type":"Feature","geometry":{"type":"Point","coordinates":[13.3347639,52.4802578]},"properties":{"id":"97730dcf-857f-4b0a-9f33-c18af303c14b","name":"Deutschlandfunk | DLF | AAC 48k","country":"Germany","countryCode":"DE","state":"Berlin","category":"news","streamUrl":"https://st01.sslstream.dlf.de/dlf/01/low/aac/stream.aac?aggregator=web","codec":"AAC","bitrate":48,"tags":"culture, news, public service, information"}},{"type":"Feature","geometry":{"type":"Point","coordinates":[100.8709,14.118]},"properties":{"id":"0662ca31-689c-11ea-9d09-52543be04c81","name":"Isan FM 98","country":"Thailand","countryCode":"TH","state":"Thailand","category":"music","streamUrl":"http://radio11.plathong.net:8900/stream.mp3","codec":"MP3","bitrate":96,"tags":"pop"}},{"type":"Feature","geometry":{"type":"Point","coordinates":[76.6688,28.9554]},"properties":{"id":"653ec48e-d763-4e0f-965f-6b9c6bf41562","name":"Bollywood 2000's","country":"India","countryCode":"IN","state":"India","category":"music","streamUrl":"https://2.mystreaming.net/uber/bollywood2000s/icecast.audio","codec":"MP3","bitrate":128,"tags":"bollywood"}},{"type":"Feature","geometry":{"type":"Point","coordinates":[104.2161,1.7112]},"properties":{"id":"bfa448fd-2b74-4a60-a78d-7fea62cc0577","name":"CNA 938 Live Singapore","country":"Singapore","countryCode":"SG","state":"Singapore","category":"news","streamUrl":"http://23253.live.streamtheworld.com:3690/938NOW_PREM_SC","codec":"AAC+","bitrate":64,"tags":"news, news talk, talk"}},{"type":"Feature","geometry":{"type":"Point","coordinates":[-0.4263,51.2863]},"properties":{"id":"963c8518-0601-11e8-ae97-52543be04c81","name":"Heart","country":"The United Kingdom Of Great Britain And Northern Ireland","countryCode":"GB","state":"Lancashire","category":"music","streamUrl":"http://media-the.musicradio.com/HeartNorthLancsCumbria","codec":"AAC","bitrate":48,"tags":"oldies, pop, public radio, variety"}},{"type":"Feature","geometry":{"type":"Point","coordinates":[83.84636162992699,53.33592154694868]},"properties":{"id":"698ab82f-5089-46cc-b513-0317f3db367a","name":"ГопФМ","country":"The Russian Federation","countryCode":"RU","state":"Барнаул","category":"music","streamUrl":"https://radiorecord.hostingradio.ru/gop96.aacp","codec":"AAC","bitrate":128,"tags":"gop, gopfm, radiorecord, гоп, гопфм"}},{"type":"Feature","geometry":{"type":"Point","coordinates":[-121.286316,37.809784]},"properties":{"id":"962aa032-0601-11e8-ae97-52543be04c81","name":"SomaFM Groove Salad (128k AAC)","country":"The United States Of America","countryCode":"US","state":"California","category":"music","streamUrl":"https://ice6.somafm.com/groovesalad-128-aac","codec":"AAC","bitrate":128,"tags":"ambient, chillout, downtempo, groove, lounge, sleep"}},{"type":"Feature","geometry":{"type":"Point","coordinates":[13.3347639,52.4802578]},"properties":{"id":"0e1a47cb-f16d-4169-851a-5985c6133055","name":"Deutschlandfunk Nova | DLF | MP3 128k","country":"Germany","countryCode":"DE","state":"Berlin","category":"news","streamUrl":"https://st03.sslstream.dlf.de/dlf/03/128/mp3/stream.mp3?aggregator=web","codec":"MP3","bitrate":128,"tags":"culture, news, public service, information"}},{"type":"Feature","geometry":{"type":"Point","coordinates":[4.402635790952025,50.85325707417748]},"properties":{"id":"961957e7-0601-11e8-ae97-52543be04c81","name":"MNM","country":"Belgium","countryCode":"BE","state":"Brussels","category":"music","streamUrl":"http://icecast.vrtcdn.be/mnm-high.mp3","codec":"MP3","bitrate":128,"tags":"pop, vrt"}},{"type":"Feature","geometry":{"type":"Point","coordinates":[2.0434,48.5774]},"properties":{"id":"d1aa02d7-e611-4208-b38b-da21bc236cd8","name":"Radio Classique","country":"France","countryCode":"FR","state":"France","category":"music","streamUrl":"https://str0.creacast.com/classique1","codec":"MP3","bitrate":128,"tags":""}},{"type":"Feature","geometry":{"type":"Point","coordinates":[20.8159,51.9805]},"properties":{"id":"fbbccfc2-a610-44ec-bd43-7a356a247b54","name":"357","country":"Poland","countryCode":"PL","state":"Poland","category":"music","streamUrl":"https://n-11-26.dcs.redcdn.pl/sc/o2/radio357/live/radio357_pr.livx?preroll=0","codec":"AAC","bitrate":128,"tags":""}},{"type":"Feature","geometry":{"type":"Point","coordinates":[-78.3192,36.9644]},"properties":{"id":"af37f773-0138-495d-b1a6-6e114ff2ceb7","name":"SciFi Old Time Radio","country":"The United States Of America","countryCode":"US","state":"Livonia, Michigan","category":"music","streamUrl":"http://s1.voscast.com:8652/stream","codec":"MP3","bitrate":64,"tags":"old time radio, otr, radio drama, sci-fi"}},{"type":"Feature","geometry":{"type":"Point","coordinates":[-75.7305,46.2133]},"properties":{"id":"8c957443-7a60-4fa2-9597-a30dac191a70","name":"00-Radio Canada Montreal","country":"Canada","countryCode":"CA","state":"Quebec","category":"news","streamUrl":"https://rcavliveaudio.akamaized.net/hls/live/2006635/P-2QMTL0_MTL/adaptive_192/master.m3u8","codec":"AAC","bitrate":48,"tags":"information, talk & speech"}},{"type":"Feature","geometry":{"type":"Point","coordinates":[76.9417,28.4396]},"properties":{"id":"12f9a2e7-c667-47c9-81de-96bbd79e6375","name":"Radio Retro Bollywood","country":"India","countryCode":"IN","state":"India","category":"music","streamUrl":"https://stream.zeno.fm/v2zfmxef798uv","codec":"MP3","bitrate":128,"tags":""}},{"type":"Feature","geometry":{"type":"Point","coordinates":[103.3092,1.9039]},"properties":{"id":"b1a05101-0b76-11e9-a80b-52543be04c81","name":"Class 95 Radio","country":"Singapore","countryCode":"SG","state":"Singapore","category":"music","streamUrl":"http://playerservices.streamtheworld.com/api/livestream-redirect/CLASS95AAC.aac","codec":"AAC+","bitrate":48,"tags":""}},{"type":"Feature","geometry":{"type":"Point","coordinates":[12.8607,52.8466]},"properties":{"id":"9606b0a2-0601-11e8-ae97-52543be04c81","name":"MDR Sputnik","country":"Germany","countryCode":"DE","state":"Germany","category":"music","streamUrl":"http://mdr-284330-0.cast.mdr.de/mdr/284330/0/mp3/high/stream.mp3","codec":"MP3","bitrate":128,"tags":""}},{"type":"Feature","geometry":{"type":"Point","coordinates":[32.82165527343751,39.924613770722345]},"properties":{"id":"4a59d1f8-8496-4197-b4b4-37febe87cf9b","name":"TRT Türkü","country":"Türkiye","countryCode":"TR","state":"Ankara","category":"music","streamUrl":"https://rd-trtturku.medya.trt.com.tr/master_128.m3u8","codec":"UNKNOWN","bitrate":128,"tags":""}},{"type":"Feature","geometry":{"type":"Point","coordinates":[-100.312557220459,25.68137422690145]},"properties":{"id":"73e94c4e-a02a-4b34-be03-44c8496cd9ba","name":"Oldies Internet Radio - Online - www.oldiesinternetradio.com - Grupo Digital Retroland - Monterrey, Nuevo León","country":"Mexico","countryCode":"MX","state":"Nuevo León","category":"music","streamUrl":"https://panel.retrolandigital.com/listen/oldies_internet_radio/listen","codec":"AAC","bitrate":128,"tags":"70s, 80s, adult contemporary, adult hits, américa, charts, classic hits, classic rock, clásicos, clásicos en inglés"}},{"type":"Feature","geometry":{"type":"Point","coordinates":[51.52176439762116,25.387707746417775]},"properties":{"id":"98688060-6cbe-4f73-be94-da8d8efc2ead","name":"Al araby","country":"Qatar","countryCode":"QA","state":"Doha QATAR ","category":"news","streamUrl":"https://l3.itworkscdn.net/alarabyradiolive/alarabyradio_audio/icecast.audio","codec":"AAC+","bitrate":56,"tags":"news, news talk, world news"}},{"type":"Feature","geometry":{"type":"Point","coordinates":[20.676269531250004,52.11683649275654]},"properties":{"id":"68c4dc06-824c-4a00-9f76-a13e181c6f2d","name":"Radio Party - Kanał Główny","country":"Poland","countryCode":"PL","state":"","category":"music","streamUrl":"https://s2.radioparty.pl:8015/stream?nocache=4171","codec":"MP3","bitrate":128,"tags":"electronic, party, rap"}},{"type":"Feature","geometry":{"type":"Point","coordinates":[-76.0183,40.218]},"properties":{"id":"0f61c98f-b394-4d61-adcb-827021c29f93","name":"All Underground Hip Hop Radio","country":"The United States Of America","countryCode":"US","state":"Texas","category":"music","streamUrl":"https://stream.radiojar.com/c1912tk5rtzuv","codec":"MP3","bitrate":128,"tags":"hip hop"}},{"type":"Feature","geometry":{"type":"Point","coordinates":[-3.8737,40.1412]},"properties":{"id":"5d6b5573-d661-477a-82fc-1d0d03799679","name":"Radio Nacional de España - Radio 5 Todo noticias","country":"Spain","countryCode":"ES","state":"Spain","category":"news","streamUrl":"https://d131.rndfnk.com/star/crtve/rne5/main/mp3/128/stream.mp3?aggregator=tunein&cid=01GEP4MW5CAHPYP1EXHVKWFJ8W&sid=2OeE42hivuba6dTGvjnMGjKByQe&token=cdczXcnimVx4AY4iamqYbTMdu3cK7oBxmS2UQN9cWc0&tvf=pdPcDBxuVxdkMTMxLnJuZGZuay5jb20","codec":"MP3","bitrate":128,"tags":"news, talk"}},{"type":"Feature","geometry":{"type":"Point","coordinates":[-48.5154,-24.3738]},"properties":{"id":"f66f08c3-1616-4dd6-a54f-75aa29aa8249","name":"Rádio Itatiaia 95.7 FM","country":"Brazil","countryCode":"BR","state":"Minas Gerais","category":"news","streamUrl":"https://8903.brasilstream.com.br/stream","codec":"AAC","bitrate":64,"tags":"news, soccer, sports"}},{"type":"Feature","geometry":{"type":"Point","coordinates":[5.167,52.943]},"properties":{"id":"c19d0f8c-24a5-11e9-a80b-52543be04c81","name":"KINK","country":"The Netherlands","countryCode":"NL","state":"Netherlands","category":"music","streamUrl":"https://playerservices.streamtheworld.com/api/livestream-redirect/KINK.mp3","codec":"MP3","bitrate":192,"tags":""}},{"type":"Feature","geometry":{"type":"Point","coordinates":[16.2877707,48.1776994]},"properties":{"id":"e723f7f8-0db1-4bc5-a64c-64d8377f9f9a","name":"ORF Hitradio Ö3 | HQ","country":"Austria","countryCode":"AT","state":"Vienna","category":"music","streamUrl":"https://orf-live.ors-shoutcast.at/oe3-q2a","codec":"MP3","bitrate":192,"tags":"orf, pop"}},{"type":"Feature","geometry":{"type":"Point","coordinates":[0.1197,51.9366]},"properties":{"id":"961e6cac-0601-11e8-ae97-52543be04c81","name":"NTS Radio 1","country":"The United Kingdom Of Great Britain And Northern Ireland","countryCode":"GB","state":"London","category":"music","streamUrl":"http://stream-relay-geo.ntslive.net/stream","codec":"MP3","bitrate":256,"tags":"community radio, dj sets, eclectic, freeform"}},{"type":"Feature","geometry":{"type":"Point","coordinates":[13.0949,52.455]},"properties":{"id":"f28460cb-9f0d-4602-9a46-be8c49975a16","name":"Beats Radio","country":"Germany","countryCode":"DE","state":"Germany","category":"music","streamUrl":"http://live.streams.klassikradio.de/beats-radio/stream/mp3","codec":"MP3","bitrate":128,"tags":""}},{"type":"Feature","geometry":{"type":"Point","coordinates":[20.6596,52.1996]},"properties":{"id":"97b1aec1-dad3-4551-8cc5-07965bbcb93f","name":"Radio RMF FM","country":"Poland","countryCode":"PL","state":"Poland","category":"music","streamUrl":"https://rs202-krk-cyfronet.rmfstream.pl/rmf_fm","codec":"MP3","bitrate":128,"tags":"classical"}},{"type":"Feature","geometry":{"type":"Point","coordinates":[9.173583984375002,45.473999403745474]},"properties":{"id":"9536cb64-9345-4ddb-b84c-cc34f511a965","name":"Lattemiele","country":"Italy","countryCode":"IT","state":"","category":"music","streamUrl":"https://sr15.inmystream.it:8000/stream","codec":"MP3","bitrate":256,"tags":"musica italiana"}},{"type":"Feature","geometry":{"type":"Point","coordinates":[21.5304,52.3407]},"properties":{"id":"6bf03632-07d9-4112-8119-03588ec8f556","name":"Anty Radio","country":"Poland","countryCode":"PL","state":"Poland","category":"music","streamUrl":"https://an.cdn.eurozet.pl/ant-web.mp3?t=1713710188361","codec":"MP3","bitrate":128,"tags":""}},{"type":"Feature","geometry":{"type":"Point","coordinates":[13.7934,52.9872]},"properties":{"id":"787eda99-1532-4ee0-b14e-fdb88ec71530","name":"BR24","country":"Germany","countryCode":"DE","state":"Bayern","category":"news","streamUrl":"https://dispatcher.rndfnk.com/br/br24/live/mp3/mid","codec":"MP3","bitrate":128,"tags":"news"}},{"type":"Feature","geometry":{"type":"Point","coordinates":[120.5808,14.157]},"properties":{"id":"9163367a-1602-4e61-9e4f-04c9ba79d088","name":"Budots FM 98.9","country":"The Philippines","countryCode":"PH","state":"Philippines","category":"music","streamUrl":"https://stream-171.zeno.fm/2uhuu5hvzqzuv?zs=oGfN_quRRSyJUGCfzxagdw","codec":"MP3","bitrate":128,"tags":"budots, remix"}},{"type":"Feature","geometry":{"type":"Point","coordinates":[-77.4738,39.6254]},"properties":{"id":"7094b698-b1ac-4f08-a6cd-ac35f906765d","name":"CNN International Audio","country":"The United States Of America","countryCode":"US","state":"Atlanta GA","category":"news","streamUrl":"https://tunein.cdnstream1.com/3519_96.aac","codec":"AAC","bitrate":95,"tags":"news, tv audio, world news, world news channels"}},{"type":"Feature","geometry":{"type":"Point","coordinates":[76.8806,28.0243]},"properties":{"id":"ac70ee9e-c501-4502-bc55-f63be5c6147d","name":"Bombay Beats Radio","country":"India","countryCode":"IN","state":"India","category":"music","streamUrl":"https://strmreg.1.fm/bombaybeats_mobile_mp3","codec":"MP3","bitrate":256,"tags":""}},{"type":"Feature","geometry":{"type":"Point","coordinates":[76.9217,28.919]},"properties":{"id":"4c9b5f1c-8d3b-4855-9ac0-eb9cf56a2566","name":"Vividh Bharti Mumbai","country":"India","countryCode":"IN","state":"India","category":"news","streamUrl":"https://airhlspush.pc.cdn.bitgravity.com/httppush/hlspbaudio011/hlspbaudio011_Auto.m3u8","codec":"AAC+","bitrate":32,"tags":""}},{"type":"Feature","geometry":{"type":"Point","coordinates":[-0.6355,51.3114]},"properties":{"id":"eec6dc9b-79de-4609-8c6d-88f2bfeb8110","name":"BBC Radio 6 Music (128k)","country":"The United Kingdom Of Great Britain And Northern Ireland","countryCode":"GB","state":"United Kingdom","category":"news","streamUrl":"http://as-hls-ww-live.akamaized.net/pool_81827798/live/ww/bbc_6music/bbc_6music.isml/bbc_6music-audio%3d128000.norewind.m3u8","codec":"UNKNOWN","bitrate":128,"tags":"alternative"}},{"type":"Feature","geometry":{"type":"Point","coordinates":[114.6391,22.5831]},"properties":{"id":"38ee7cba-f235-4e89-ba9a-60e588af2b82","name":"凤凰卫视中文台","country":"Hong Kong","countryCode":"HK","state":"Hong Kong","category":"news","streamUrl":"http://playtv-live.ifeng.com/live/06OLEGEGM4G_audio.m3u8","codec":"UNKNOWN","bitrate":128,"tags":"news, talk"}},{"type":"Feature","geometry":{"type":"Point","coordinates":[120.66846716156644,28.40492941728833]},"properties":{"id":"ef678e2d-beea-40a2-b152-f73d57de4f52","name":"CRI环球资迅广播","country":"China","countryCode":"CN","state":"","category":"news","streamUrl":"https://sk.cri.cn/905.m3u8","codec":"UNKNOWN","bitrate":128,"tags":"905fm, china, information, news"}},{"type":"Feature","geometry":{"type":"Point","coordinates":[-103.34795951843265,20.67181735634294]},"properties":{"id":"78538523-2d96-4ab3-8202-8ed1a73bf84f","name":"Fórmula Melódica (Guadalajara) - 97.9 FM - XETIA-FM - Grupo Unidifusión - Guadalajara, JC","country":"Mexico","countryCode":"MX","state":"Jalisco","category":"music","streamUrl":"https://s2.yesstreaming.net:9085/stream","codec":"MP3","bitrate":64,"tags":"97.9, 97.9 fm, balada, balada en español, balada pop, baladas, baladas en español, estación, fm, fórmula melódica"}},{"type":"Feature","geometry":{"type":"Point","coordinates":[17.9129,58.7727]},"properties":{"id":"f4fcca1a-ba7e-11e9-acb2-52543be04c81","name":"Pirate Rock  Västkustens bästa rock","country":"Sweden","countryCode":"SE","state":"Sweden","category":"music","streamUrl":"http://stream.piraterock.se:8101/webradio","codec":"MP3","bitrate":192,"tags":"classic rock, hardrock, rock"}},{"type":"Feature","geometry":{"type":"Point","coordinates":[99.9591,14.0986]},"properties":{"id":"64888c21-f4c6-4dfa-a61f-4757c1720ad8","name":"ลูกทุ่ง รักไทย ๙๐","country":"Thailand","countryCode":"TH","state":"Thailand","category":"music","streamUrl":"http://radio11.plathong.net:8896/;stream.mp3","codec":"MP3","bitrate":96,"tags":"music"}},{"type":"Feature","geometry":{"type":"Point","coordinates":[6.8722,46.5236]},"properties":{"id":"1c5674b0-2cfe-48e2-b859-2f3718c74598","name":"Radio Swiss Classic","country":"Switzerland","countryCode":"CH","state":"Switzerland","category":"music","streamUrl":"http://stream.srg-ssr.ch/m/rsc_it/mp3_128","codec":"MP3","bitrate":128,"tags":"classical, musica classica, srg ssr"}},{"type":"Feature","geometry":{"type":"Point","coordinates":[77.1191,28.514]},"properties":{"id":"df3dfbcd-0666-42f1-af5f-563bc8508e90","name":"FM Gold Mumbai","country":"India","countryCode":"IN","state":"India","category":"music","streamUrl":"https://airhlspush.pc.cdn.bitgravity.com/httppush/hlspbaudio007/hlspbaudio007_Auto.m3u8","codec":"AAC+","bitrate":32,"tags":""}},{"type":"Feature","geometry":{"type":"Point","coordinates":[12.9636,41.5441]},"properties":{"id":"cb74060e-8b0b-45f0-8e6b-e2f8c6c1a152","name":"Radio Romanista","country":"Italy","countryCode":"IT","state":"Lazio","category":"talk","streamUrl":"https://romanista.newradio.it/stream","codec":"AAC+","bitrate":64,"tags":"roma, sport, talk"}},{"type":"Feature","geometry":{"type":"Point","coordinates":[17.4701,58.7751]},"properties":{"id":"168e0796-3b97-479c-949d-b1871ef07379","name":"Bandit Rock","country":"Sweden","countryCode":"SE","state":"Sweden","category":"music","streamUrl":"http://fm02-ice.stream.khz.se/fm02_mp3","codec":"MP3","bitrate":128,"tags":"alternative rock, classic rock, hard rock, heavy metal, metal, rock"}},{"type":"Feature","geometry":{"type":"Point","coordinates":[12.5888,41.4531]},"properties":{"id":"8326841b-66b6-4bc7-8a9f-abac1604d5a8","name":"Radio Rai 1","country":"Italy","countryCode":"IT","state":"Lazio","category":"news","streamUrl":"http://icestreaming.rai.it/1.mp3","codec":"MP3","bitrate":256,"tags":"general, music, news"}},{"type":"Feature","geometry":{"type":"Point","coordinates":[121.5234,14.377]},"properties":{"id":"9c271a44-c6c7-46b6-a67c-805e04f7b1e1","name":"DWWW 774","country":"The Philippines","countryCode":"PH","state":"Philippines","category":"music","streamUrl":"https://stream.zeno.fm/kc3cct89sxquv","codec":"MP3","bitrate":128,"tags":""}},{"type":"Feature","geometry":{"type":"Point","coordinates":[13.3347639,52.4802578]},"properties":{"id":"717e3749-b9e8-4497-bd6a-61ccec935922","name":"Deutschlandfunk | DLF | AAC 192k","country":"Germany","countryCode":"DE","state":"Berlin","category":"news","streamUrl":"https://st01.sslstream.dlf.de/dlf/01/high/aac/stream.aac?aggregator=web","codec":"AAC","bitrate":192,"tags":"culture, news, public service, information"}},{"type":"Feature","geometry":{"type":"Point","coordinates":[139.0878,35.7453]},"properties":{"id":"961b7ba6-0601-11e8-ae97-52543be04c81","name":"FM Kahoku 78.7 (FMかほく, JOZZ5AM-FM, 78.7 MHz, Kahoku City, Ishikawa)","country":"Japan","countryCode":"JP","state":"Ishikawa","category":"talk","streamUrl":"http://radio.kahoku.net:8000/;","codec":"MP3","bitrate":96,"tags":"enka, japan, japanese, jpop, kayokyoku, talk radio"}},{"type":"Feature","geometry":{"type":"Point","coordinates":[-58.3705,-35.1993]},"properties":{"id":"cfeebcdf-7b9f-4561-86b4-abf24a185bcf","name":"AM 530 Somos radio","country":"Argentina","countryCode":"AR","state":"Argentina","category":"music","streamUrl":"https://ipanel.instream.audio:7000/stream","codec":"AAC","bitrate":48,"tags":""}},{"type":"Feature","geometry":{"type":"Point","coordinates":[3.5156250000000004,46.51048829925984]},"properties":{"id":"d54152c8-e9dc-42ae-8f9f-789ad01fa6b9","name":"BFM Business","country":"France","countryCode":"FR","state":"","category":"news","streamUrl":"http://audio.bfmtv.com/bfmbusiness_128.mp3?aw_0_1st.playerId=BFMBusiness_audio_web&aggregator=BFMBusiness_audio_web","codec":"MP3","bitrate":256,"tags":"economic news"}},{"type":"Feature","geometry":{"type":"Point","coordinates":[16.2877707,48.1776994]},"properties":{"id":"1e13ed4e-daa9-4728-8550-e08d89c1c8e7","name":"FM4 | ORF | HQ","country":"Austria","countryCode":"AT","state":"Vienna","category":"music","streamUrl":"https://orf-live.ors-shoutcast.at/fm4-q2a","codec":"MP3","bitrate":192,"tags":"orf, alternative mainstream, electronic, pop, rock, public radio"}},{"type":"Feature","geometry":{"type":"Point","coordinates":[139.6122,36.1042]},"properties":{"id":"9f66a5b4-66c0-4389-88f3-f8285ad4239a","name":"Shonan Beach FM 78.9","country":"Japan","countryCode":"JP","state":"Kanagawa","category":"music","streamUrl":"http://shonanbeachfm.out.airtime.pro:8000/shonanbeachfm_a","codec":"MP3","bitrate":128,"tags":"classic jazz, hawaiian music, pop, smooth jazz"}},{"type":"Feature","geometry":{"type":"Point","coordinates":[12.0282,41.8551]},"properties":{"id":"9628cc2d-0601-11e8-ae97-52543be04c81","name":"Radio Piterpan","country":"Italy","countryCode":"IT","state":"Veneto","category":"music","streamUrl":"http://wma01.fluidstream.net/piterpan","codec":"AAC+","bitrate":64,"tags":"electronica, pop, top 40"}},{"type":"Feature","geometry":{"type":"Point","coordinates":[-79.40116589602019,43.62887189047809]},"properties":{"id":"cf14b5ee-f03e-4468-8ce1-379f171fd8c4","name":"# 70s 80s 90s RdMix Network","country":"Canada","countryCode":"CA","state":"Ontario","category":"news","streamUrl":"https://cast1.torontocast.com:1830/stream","codec":"MP3","bitrate":192,"tags":"00's, 00s, 192kbps, 1970s, 1980s, 1990s, 70's, 70s, 80's, 80s"}},{"type":"Feature","geometry":{"type":"Point","coordinates":[-3.7302,40.9805]},"properties":{"id":"03c2c0cb-0f42-411c-bfd3-51d74da92609","name":"Radio Marca","country":"Spain","countryCode":"ES","state":"Spain","category":"music","streamUrl":"https://www.marca.com/radio/geoblock/getSrcApp.php?dial=Nacional&dist=radiomarcaweb","codec":"MP3","bitrate":128,"tags":""}},{"type":"Feature","geometry":{"type":"Point","coordinates":[76.8456,28.712]},"properties":{"id":"5d933524-93e9-46b6-9a15-3c53d1ca161d","name":"ISHQ FM 104.8","country":"India","countryCode":"IN","state":"India","category":"music","streamUrl":"https://drive.uber.radio/uber/bollywoodlove/icecast.audio","codec":"MP3","bitrate":128,"tags":""}},{"type":"Feature","geometry":{"type":"Point","coordinates":[139.79003906250003,35.37225482334387]},"properties":{"id":"af566e6b-3d2b-4b96-92ca-a9cb183e6fd8","name":"Free FM Tokyo","country":"Japan","countryCode":"JP","state":"Tokyo","category":"music","streamUrl":"https://rocafmadrid.radioca.st/","codec":"MP3","bitrate":320,"tags":"free fm, free japan music, musica, tokyo"}},{"type":"Feature","geometry":{"type":"Point","coordinates":[85.94024062156679,24.30352865994961]},"properties":{"id":"9f2c7d71-a2e5-4455-b1e5-09dc763c9eff","name":"Radio Jagriti 90.4 FM","country":"India","countryCode":"IN","state":"Giridih , Jharkhand","category":"music","streamUrl":"https://stream.zeno.fm/kgdue4hmffhvv","codec":"MP3","bitrate":128,"tags":""}},{"type":"Feature","geometry":{"type":"Point","coordinates":[12.0359,41.6869]},"properties":{"id":"9629f5d7-0601-11e8-ae97-52543be04c81","name":"Radio Padova","country":"Italy","countryCode":"IT","state":"Veneto","category":"traffic-transit","streamUrl":"http://str01.fluidstream.net:6020/listen.pls","codec":"MP3","bitrate":128,"tags":"hot adult contemporary, traffic"}},{"type":"Feature","geometry":{"type":"Point","coordinates":[-7.415771484375001,33.79312909288509]},"properties":{"id":"6a11c952-ea0c-4887-99a3-96b0139ee3fc","name":"Rap Lbeldi Maroc - Hip Hop Music from Morocco FR AR","country":"Morocco","countryCode":"MA","state":"casa","category":"music","streamUrl":"https://stream.zeno.fm/ivdufrl7q0quv","codec":"MP3","bitrate":128,"tags":"french rap, hip-hop, rap, rap hiphop rnb"}},{"type":"Feature","geometry":{"type":"Point","coordinates":[77.4548,28.1342]},"properties":{"id":"d79ea4a0-e818-4af1-9ba5-528d1c0276dc","name":"Tamil Sun FM","country":"India","countryCode":"IN","state":"India","category":"music","streamUrl":"https://usa2.fastcast4u.com/proxy/tamilsun?mp=/;","codec":"MP3","bitrate":320,"tags":""}},{"type":"Feature","geometry":{"type":"Point","coordinates":[-79.34124744351426,43.75076120459581]},"properties":{"id":"64d74c72-025e-4cea-8a32-906812691731","name":"#100 BEST IBIZA DEEP HOUSE","country":"Canada","countryCode":"CA","state":"Ontario","category":"news","streamUrl":"https://stream.zeno.fm/lwv6zqgtv1dtv","codec":"MP3","bitrate":128,"tags":"chill, chill house, chillout, chillout+lounge, club dance, club house, community radio, dance, deep, deep house"}},{"type":"Feature","geometry":{"type":"Point","coordinates":[-75.0447,39.5934]},"properties":{"id":"52e142ff-1137-422a-b97e-75e27880abff","name":"iHeart Radio Café","country":"The United States Of America","countryCode":"US","state":"United States","category":"music","streamUrl":"http://stream.revma.ihrhls.com/zc6951/hls.m3u8","codec":"AAC","bitrate":24,"tags":"70s, 80s, classic rock, mellow album rock"}},{"type":"Feature","geometry":{"type":"Point","coordinates":[13.3046,52.4085]},"properties":{"id":"d608bb74-0740-47e3-a1e2-c11edfeec91f","name":"ROCKANTENNE Alternative (mp3)","country":"Germany","countryCode":"DE","state":"Germany","category":"music","streamUrl":"https://stream.rockantenne.de/alternative/stream/mp3","codec":"MP3","bitrate":128,"tags":""}},{"type":"Feature","geometry":{"type":"Point","coordinates":[4.853210449218751,52.38750942155053]},"properties":{"id":"fd059cc5-b538-41c1-ae76-b8778a84c3db","name":"Radio 538","country":"The Netherlands","countryCode":"NL","state":"","category":"music","streamUrl":"http://playerservices.streamtheworld.com/api/livestream-redirect/RADIO538.mp3","codec":"MP3","bitrate":128,"tags":""}},{"type":"Feature","geometry":{"type":"Point","coordinates":[152.5519,-35.3974]},"properties":{"id":"54b53ad4-56f4-4579-a08f-5d7ce1160f3a","name":"Fresh 92.7","country":"Australia","countryCode":"AU","state":"South Australia","category":"music","streamUrl":"https://live.fresh927.com.au/freshaac","codec":"AAC","bitrate":64,"tags":"community radio, music, pop"}},{"type":"Feature","geometry":{"type":"Point","coordinates":[3.049928474169659,36.74759144622673]},"properties":{"id":"7de24679-ec4a-482c-8772-9a2ad9c8b93f","name":"Jil FM","country":"Algeria","countryCode":"DZ","state":"","category":"music","streamUrl":"https://radiojeunesse.ice.infomaniak.ch/jeunesse.mp3","codec":"AAC","bitrate":128,"tags":"music"}},{"type":"Feature","geometry":{"type":"Point","coordinates":[-79.0225,39.6687]},"properties":{"id":"8818e46b-a897-49db-b325-40934d344909","name":"__80s HITS","country":"The United States Of America","countryCode":"US","state":"New York NY","category":"music","streamUrl":"http://stream.laut.fm/80sexitos","codec":"MP3","bitrate":128,"tags":"70s, 80s, 90s, disco, romantic"}},{"type":"Feature","geometry":{"type":"Point","coordinates":[27.5234,-26.3228]},"properties":{"id":"9610b7f6-0601-11e8-ae97-52543be04c81","name":"947","country":"South Africa","countryCode":"ZA","state":"South Africa","category":"talk","streamUrl":"http://27743.live.streamtheworld.com:3690/FM947_SC","codec":"MP3","bitrate":64,"tags":"adult contemporary, pop, regional radio, talk"}},{"type":"Feature","geometry":{"type":"Point","coordinates":[-78.4105,40.1267]},"properties":{"id":"0de271e3-7a23-4641-9b91-c93dffeede41","name":"Nu Metal Radio","country":"The United States Of America","countryCode":"US","state":"United States","category":"music","streamUrl":"http://stream.revma.ihrhls.com/zc9483/hls.m3u8","codec":"AAC","bitrate":24,"tags":"hard rock, metal, nu metal"}},{"type":"Feature","geometry":{"type":"Point","coordinates":[100.6144452095032,13.685060157552996]},"properties":{"id":"1e1113a5-7de2-4b9f-922c-ff56026f8759","name":"BKK.FM","country":"Thailand","countryCode":"TH","state":"Bangkok","category":"music","streamUrl":"https://rsas.bkk.fm/radio","codec":"AAC","bitrate":64,"tags":"alternative, alternative rock, dance, electronic dance music, rock"}},{"type":"Feature","geometry":{"type":"Point","coordinates":[5.345,52.4063]},"properties":{"id":"9650457a-0601-11e8-ae97-52543be04c81","name":"Sky Radio 101 FM","country":"The Netherlands","countryCode":"NL","state":"Netherlands","category":"music","streamUrl":"http://playerservices.streamtheworld.com/api/livestream-redirect/SKYRADIO.mp3","codec":"MP3","bitrate":128,"tags":"soft pop"}},{"type":"Feature","geometry":{"type":"Point","coordinates":[100.5208,13.621]},"properties":{"id":"0c1aae6c-8412-464b-91bd-bc06cd396ef9","name":"Cool fahrenheit","country":"Thailand","countryCode":"TH","state":"Thailand","category":"music","streamUrl":"https://coolism-web3rd.cdn.byteark.com/stream/1/","codec":"MP3","bitrate":128,"tags":""}},{"type":"Feature","geometry":{"type":"Point","coordinates":[28.058052062988285,-26.154979569323213]},"properties":{"id":"21b074e0-dd20-41cc-9d3d-ad4b9b5b4afe","name":"Power 98.7","country":"South Africa","countryCode":"ZA","state":"","category":"news","streamUrl":"https://edge.iono.fm/xice/65_medium.aac","codec":"AAC","bitrate":128,"tags":"news, news talk, talk"}},{"type":"Feature","geometry":{"type":"Point","coordinates":[104.1902,1.7779]},"properties":{"id":"abbee82e-0b7b-11e9-a80b-52543be04c81","name":"SPH 963 Radio","country":"Singapore","countryCode":"SG","state":"Toa Payoh","category":"music","streamUrl":"http://playerservices.streamtheworld.com/api/livestream-redirect/HAO_963AAC.aac","codec":"AAC+","bitrate":64,"tags":""}},{"type":"Feature","geometry":{"type":"Point","coordinates":[77.6723,28.8814]},"properties":{"id":"7580fd6c-8994-42e4-9782-b905c6ad3696","name":"Radio Namkin","country":"India","countryCode":"IN","state":"India","category":"music","streamUrl":"https://stream.zeno.fm/yg1qhsbaqv5tv","codec":"AAC","bitrate":128,"tags":""}},{"type":"Feature","geometry":{"type":"Point","coordinates":[105.83816528320314,21.024945412407845]},"properties":{"id":"3a83ee6a-b61d-4649-9be0-b4357a00329f","name":"VOV1","country":"Vietnam","countryCode":"VN","state":"Hanoi","category":"news","streamUrl":"https://str.vov.gov.vn/vovlive/vov1vov5Vietnamese.sdp_aac/playlist.m3u8","codec":"AAC","bitrate":256,"tags":"government, news"}},{"type":"Feature","geometry":{"type":"Point","coordinates":[13.3347639,52.4802578]},"properties":{"id":"01683d91-4e1e-4152-b1bc-30f2f1360b98","name":"Deutschlandfunk | DLF | AAC 96k","country":"Germany","countryCode":"DE","state":"Berlin","category":"news","streamUrl":"https://st01.sslstream.dlf.de/dlf/01/mid/aac/stream.aac?aggregator=web","codec":"AAC","bitrate":128,"tags":"culture, news, public service, information"}},{"type":"Feature","geometry":{"type":"Point","coordinates":[2.1638613939285283,41.39255286564529]},"properties":{"id":"ba71845c-3ceb-4278-9bb7-7b2e3cc6bc41","name":"Flaix FM","country":"Spain","countryCode":"ES","state":"","category":"music","streamUrl":"https://stream.flaixfm.cat/icecast","codec":"AAC","bitrate":125,"tags":"dance, house, latin, reggaeton, urban"}},{"type":"Feature","geometry":{"type":"Point","coordinates":[-3.704710006713867,40.414903107605824]},"properties":{"id":"4a3bd909-1245-43bd-b77d-58053ad16f50","name":"__80 EXITOS","country":"Spain","countryCode":"ES","state":"Madrid","category":"music","streamUrl":"https://80sexitos.stream.laut.fm/80sexitos","codec":"MP3","bitrate":128,"tags":"00s, 70s, 80s, 90s, pop, rock, romantic"}},{"type":"Feature","geometry":{"type":"Point","coordinates":[16.2959,48.0789]},"properties":{"id":"9620cfc5-0601-11e8-ae97-52543be04c81","name":"Radino - Mein Kinderradio Wien 103,2","country":"Austria","countryCode":"AT","state":"Vienna","category":"music","streamUrl":"http://stream01.zogl.net:8906/stream","codec":"MP3","bitrate":192,"tags":"children, dab+, kids"}},{"type":"Feature","geometry":{"type":"Point","coordinates":[27.956,-26.4235]},"properties":{"id":"e13e8d57-0608-11ea-afd6-52543be04c81","name":"Jozi FM","country":"South Africa","countryCode":"ZA","state":"South Africa","category":"music","streamUrl":"https://edge.iono.fm/xice/51_medium.aac","codec":"AAC","bitrate":128,"tags":"regional radio"}},{"type":"Feature","geometry":{"type":"Point","coordinates":[-78.2977,38.3949]},"properties":{"id":"5af9345a-1bfa-11e8-a334-52543be04c81","name":"WXLW 950 \"Freedom 95\" Indianapolis, IN","country":"The United States Of America","countryCode":"US","state":"Indiana","category":"traffic-transit","streamUrl":"http://ice24.securenetsystems.net/WFDM","codec":"AAC","bitrate":32,"tags":"conservative, finance, local weather, news, talk, traffic"}},{"type":"Feature","geometry":{"type":"Point","coordinates":[4.8578,51.278]},"properties":{"id":"451491bd-624e-41e8-ab4c-71816f10611e","name":"Nostalgie Vlaanderen","country":"Belgium","countryCode":"BE","state":"Belgium","category":"music","streamUrl":"https://playerservices.streamtheworld.com/api/livestream-redirect/NOSTALGIEWHATAFEELING.mp3?dist=radiobrowser","codec":"MP3","bitrate":192,"tags":"70's, 80's, 90's, oldies"}},{"type":"Feature","geometry":{"type":"Point","coordinates":[-6.6577,53.1083]},"properties":{"id":"8643cfcb-a7bb-4c46-8391-fffe266bce16","name":"RTE1","country":"Ireland","countryCode":"IE","state":"Ireland","category":"news","streamUrl":"http://icecast.rte.ie/radio1","codec":"MP3","bitrate":160,"tags":"music, news, talk, variety"}},{"type":"Feature","geometry":{"type":"Point","coordinates":[150.5341,-34.9537]},"properties":{"id":"0ed4232a-a293-11e8-abb8-52543be04c81","name":"SBS Chill","country":"Australia","countryCode":"AU","state":"New South Wales","category":"music","streamUrl":"https://sbs-ice.streamguys1.com/sbschill","codec":"AAC+","bitrate":97,"tags":"chillout"}},{"type":"Feature","geometry":{"type":"Point","coordinates":[126.4326,37.6722]},"properties":{"id":"8f6a0b47-7be2-11e9-aa30-52543be04c81","name":"MBC FM4U","country":"The Republic Of Korea","countryCode":"KR","state":"Seoul","category":"music","streamUrl":"https://minimw.imbc.com/dmfm/_definst_/mfm.stream/playlist.m3u8?_lsu_sa_=6D01CE1353803BD46F4935A63B218E45855036C56405125836C0ADaCA6DD354663aCC3F43D624E45A0C93121ABb83134C633A12DFBEFAC683CEC25D3C8D76C44419D16DCB5A870353EFA0A887801BD475F3AAF2E2AD43648A2C2A3E94B94DE1A5D367C64ED1ADF840B3DCFB2333F84E9","codec":"AAC","bitrate":65,"tags":""}},{"type":"Feature","geometry":{"type":"Point","coordinates":[4.326,52.7684]},"properties":{"id":"962894ff-0601-11e8-ae97-52543be04c81","name":"NPO Radio 1","country":"The Netherlands","countryCode":"NL","state":"Netherlands","category":"news","streamUrl":"http://icecast.omroep.nl/radio1-sb-aac","codec":"AAC","bitrate":32,"tags":"local news, news"}},{"type":"Feature","geometry":{"type":"Point","coordinates":[-45.9278,-23.1992]},"properties":{"id":"d12439b1-0bfe-4caa-9dec-6f19af01db3a","name":"Kiss FM São Paulo","country":"Brazil","countryCode":"BR","state":"Sao Paulo (Brazil)","category":"music","streamUrl":"https://playerservices.streamtheworld.com/api/livestream-redirect/RADIO_KISSFMAAC.aac?1655609055880","codec":"AAC+","bitrate":64,"tags":""}},{"type":"Feature","geometry":{"type":"Point","coordinates":[33.3192,39.3415]},"properties":{"id":"f940cc74-1673-4bc8-adbc-832d5d51a012","name":"Kurd1 FM","country":"Türkiye","countryCode":"TR","state":"Turkey","category":"music","streamUrl":"https://listen.radioking.com/radio/119251/stream/158701","codec":"MP3","bitrate":128,"tags":"folk music, kurdish folk music, kurdish songs"}},{"type":"Feature","geometry":{"type":"Point","coordinates":[21.011725366115577,52.229819389893976]},"properties":{"id":"f837704e-40df-4302-b546-c8401348e51c","name":"Radio Republika","country":"Poland","countryCode":"PL","state":"","category":"news","streamUrl":"https://ssl-1.radiotvrepublika.pl:12698/stream","codec":"MP3","bitrate":128,"tags":"news, news talk, politics, talk"}},{"type":"Feature","geometry":{"type":"Point","coordinates":[139.0948,35.6473]},"properties":{"id":"54732c01-db87-4aa2-b313-22fd5fa7eee9","name":"Free FM 80 Tokyo","country":"Japan","countryCode":"JP","state":"tokyo","category":"music","streamUrl":"https://freefm80.radioca.st/","codec":"MP3","bitrate":320,"tags":"#80s, #freefm, #freefm80s"}},{"type":"Feature","geometry":{"type":"Point","coordinates":[-58.0499,-34.6069]},"properties":{"id":"9640349e-0601-11e8-ae97-52543be04c81","name":"The Musical Box Radio","country":"Argentina","countryCode":"AR","state":"Argentina","category":"music","streamUrl":"http://albireo.shoutca.st:9740/stream","codec":"MP3","bitrate":128,"tags":"progressive rock"}},{"type":"Feature","geometry":{"type":"Point","coordinates":[13.5036,52.0712]},"properties":{"id":"c52f22bd-7bc4-4fd2-ab2b-c3c7f031a530","name":"__SEX__ by rautemusik (rm.fm)","country":"Germany","countryCode":"DE","state":"North Rhine-Westphalia","category":"music","streamUrl":"https://sex-high.rautemusik.fm/?ref=radiobrowser","codec":"MP3","bitrate":192,"tags":"adult hits, hits, hot, hot adult contemporary, hot hits, rnb, sussex"}},{"type":"Feature","geometry":{"type":"Point","coordinates":[-124.183922,40.785114]},"properties":{"id":"21a282be-44f4-4b8e-aae9-b4c2041af4a5","name":"Radio Paradise World/Etc Mix 320k AAC","country":"The United States Of America","countryCode":"US","state":"","category":"music","streamUrl":"https://stream.radioparadise.com/world-etc-320","codec":"AAC","bitrate":320,"tags":"california, eclectic, world music, free, internet, non-commercial"}},{"type":"Feature","geometry":{"type":"Point","coordinates":[-77.0522,37.3519]},"properties":{"id":"7c5041a5-5572-4973-8625-b8c3cc179a94","name":"HD Radio - Classic Rock (USA) 128k mp3","country":"The United States Of America","countryCode":"US","state":"United States","category":"music","streamUrl":"http://hdradioclassicrock-rfritschka.radioca.st/;","codec":"MP3","bitrate":128,"tags":"classic rock"}},{"type":"Feature","geometry":{"type":"Point","coordinates":[0.3113,51.1787]},"properties":{"id":"8e32c763-b926-4e57-9b8f-d60f1c5b48e3","name":"LBC News","country":"The United Kingdom Of Great Britain And Northern Ireland","countryCode":"GB","state":"United Kingdom","category":"news","streamUrl":"https://media-ssl.musicradio.com/LBCNewsUK","codec":"AAC","bitrate":48,"tags":"london, news, uk"}},{"type":"Feature","geometry":{"type":"Point","coordinates":[16.365033,48.243194]},"properties":{"id":"af1d60c9-5e0d-11ea-be63-52543be04c81","name":"radio 88.6","country":"Austria","countryCode":"AT","state":"Vienna","category":"music","streamUrl":"http://radio886.at/streams/radio_88.6/mp3","codec":"MP3","bitrate":128,"tags":"rock"}},{"type":"Feature","geometry":{"type":"Point","coordinates":[-45.06,-23.0089]},"properties":{"id":"901c92bd-a757-449a-b8ce-652b079fd38a","name":"Rádio Mix 106.3 FM","country":"Brazil","countryCode":"BR","state":"Sao Paulo","category":"music","streamUrl":"https://playerservices.streamtheworld.com/api/livestream-redirect/MIXFM_SAOPAULOAAC.aac","codec":"AAC+","bitrate":64,"tags":"chr, pop-rock, youth"}},{"type":"Feature","geometry":{"type":"Point","coordinates":[13.5947,52.3122]},"properties":{"id":"036b5a3c-5418-4c26-ba35-25995cb872a8","name":"RBB Radio Eins","country":"Germany","countryCode":"DE","state":"Berlin/Brandenburg","category":"music","streamUrl":"http://f131.rndfnk.com/ard/rbb/radioeins/live/mp3/128/stream.mp3?cid=01FC1WH12KJ93TCQPDSE2E5PZ9&sid=3JPtOLQYUCgRUzteq5w6BuXjiFz&token=hYJCI8tzfNQoQ-OjrTLDN_5q7X38rjYcGLecQpnLcak&tvf=MwU-Oyvs1RhmMTMxLnJuZGZuay5jb20","codec":"MP3","bitrate":128,"tags":""}},{"type":"Feature","geometry":{"type":"Point","coordinates":[32.89306640625001,39.83437735683739]},"properties":{"id":"dff6fd72-58fe-4eb5-8bf7-c3f76f5375ca","name":"TRT NAĞME","country":"Türkiye","countryCode":"TR","state":"ANKARA","category":"music","streamUrl":"https://tv-trtmuzik.medya.trt.com.tr/master_720.m3u8","codec":"UNKNOWN","bitrate":128,"tags":""}},{"type":"Feature","geometry":{"type":"Point","coordinates":[85.32195121049882,27.680500963030536]},"properties":{"id":"3e78590f-ab9c-4e13-a512-189a17a54965","name":"CIN Khabar","country":"Nepal","countryCode":"NP","state":"Bagmati","category":"news","streamUrl":"https://streaming.softnep.net:10996/;stream.nsv&type=mp3&volume=60","codec":"AAC+","bitrate":48,"tags":"entertainment, news, pop, talk"}},{"type":"Feature","geometry":{"type":"Point","coordinates":[32.7418,40.0353]},"properties":{"id":"43061315-2893-46fa-ae1e-96e767d5bce3","name":"POWER TÜRK FM","country":"Türkiye","countryCode":"TR","state":"Turkey","category":"music","streamUrl":"https://live.powerapp.com.tr/powerturk/abr/powerturk/128/playlist.m3u8","codec":"AAC","bitrate":149,"tags":""}},{"type":"Feature","geometry":{"type":"Point","coordinates":[-76.453,44.5617]},"properties":{"id":"8e8f1791-1408-49f7-a4fb-b7c7e2fb3636","name":"加拿大中文电台FM.96.1","country":"Canada","countryCode":"CA","state":"Canada","category":"news","streamUrl":"https://5b2959fe11444.streamlock.net/radio/fm961.stream/playlist.m3u8","codec":"AAC","bitrate":48,"tags":"96.1, 96.1 fm, music, news, pop, talk"}},{"type":"Feature","geometry":{"type":"Point","coordinates":[51.50802612304688,25.291305859422057]},"properties":{"id":"a6bc8a3b-67bf-4042-9af8-f7bad29f0734","name":"Al Jazeera - English","country":"Qatar","countryCode":"QA","state":"","category":"news","streamUrl":"https://live-hls-audio-web-aje.getaj.net/VOICE-AJE/01.m3u8","codec":"UNKNOWN","bitrate":128,"tags":"business news, cultural news, documentaries, international news, news, news and talk, sports news"}},{"type":"Feature","geometry":{"type":"Point","coordinates":[-3.702993392944336,40.41596399755652]},"properties":{"id":"55112aa4-5fca-4201-bc53-ae2b467ee087","name":"EsRadio Principal","country":"Spain","countryCode":"ES","state":"Madrid","category":"news","streamUrl":"https://libertaddigital-radio-live1.flumotion.com/libertaddigital/ld-live1-low.mp3","codec":"MP3","bitrate":56,"tags":"magazines, news"}},{"type":"Feature","geometry":{"type":"Point","coordinates":[114.402,22.4582]},"properties":{"id":"f27f962c-b42a-4674-9b50-30216165b108","name":"RTHK Radio 5","country":"Hong Kong","countryCode":"HK","state":"Hong Kong","category":"news","streamUrl":"https://rthkaudio5-lh.akamaihd.net/i/radio5_1@355868/index_56_a-p.m3u8","codec":"AAC","bitrate":70,"tags":"education, educational, news, public radio"}},{"type":"Feature","geometry":{"type":"Point","coordinates":[-79.37886240880593,43.639442304264115]},"properties":{"id":"6cb69b95-72d9-4ea6-859f-52546a85c1fe","name":"# RdMix DJSET 70s 80s 90s","country":"Canada","countryCode":"CA","state":"Ontario","category":"music","streamUrl":"https://cast1.torontocast.com:4560/stream","codec":"MP3","bitrate":128,"tags":"1970s, 1980s, 1990s, 70's, 70er, 70s, 70s disco, 80's, 80er, 80s"}},{"type":"Feature","geometry":{"type":"Point","coordinates":[114.5539,21.8228]},"properties":{"id":"9b982004-2ea5-49cc-a82d-bd65ae8ebd5e","name":"Digital Radio Hong Kong","country":"Hong Kong","countryCode":"HK","state":"Hong Kong","category":"music","streamUrl":"http://ice.digitalradiohk.net:8000/drhk","codec":"AAC+","bitrate":128,"tags":"cantonese, internet radio, music, oldies"}},{"type":"Feature","geometry":{"type":"Point","coordinates":[13.2947,52.4325]},"properties":{"id":"1f3700b5-4875-4bdf-986d-1dcaa4e8dfbe","name":"Bayern 2","country":"Germany","countryCode":"DE","state":"Bayern","category":"news","streamUrl":"https://dispatcher.rndfnk.com/br/br2/live/mp3/mid","codec":"MP3","bitrate":128,"tags":"information"}},{"type":"Feature","geometry":{"type":"Point","coordinates":[2.145788669586182,41.392553003933905]},"properties":{"id":"6e36299b-6a91-4022-9db4-f72a2c8e9fef","name":"RAC1 +1","country":"Spain","countryCode":"ES","state":"Catalunya","category":"news","streamUrl":"https://playerservices.streamtheworld.com/api/livestream-redirect/RAC_MES_1.mp3","codec":"MP3","bitrate":96,"tags":"cultural, live sports, local news, news, sports, sports news"}},{"type":"Feature","geometry":{"type":"Point","coordinates":[28.4314,-25.7721]},"properties":{"id":"a21017f9-f175-4af3-ac81-690492e18c3d","name":"YFM","country":"South Africa","countryCode":"ZA","state":"South Africa","category":"music","streamUrl":"http://streaming.fabrik.fm/yfm/echocast/audio/index.m3u8","codec":"UNKNOWN","bitrate":128,"tags":""}},{"type":"Feature","geometry":{"type":"Point","coordinates":[77.2119140625,28.609601288333085]},"properties":{"id":"300556e2-faf8-4b2e-b24d-7525185430c1","name":"AIR Delhi FM Gold","country":"India","countryCode":"IN","state":"Delhi","category":"news","streamUrl":"https://airhlspush.pc.cdn.bitgravity.com/httppush/hlspbaudio005/hlspbaudio005_Auto.m3u8","codec":"AAC+","bitrate":32,"tags":"drama, music, news, songs, talk"}},{"type":"Feature","geometry":{"type":"Point","coordinates":[28.39,-25.7325]},"properties":{"id":"cc43705f-e328-463b-ae81-b9aef27a9358","name":"Capricorn FM","country":"South Africa","countryCode":"ZA","state":"Limpopo","category":"news","streamUrl":"http://edge.iono.fm/xice/67_medium.aac","codec":"AAC","bitrate":128,"tags":"music, news"}},{"type":"Feature","geometry":{"type":"Point","coordinates":[121.4818,14.2336]},"properties":{"id":"a90bf48e-c689-4394-a22b-a4980689cedf","name":"MOR 101.9 FM","country":"The Philippines","countryCode":"PH","state":"Philippines","category":"music","streamUrl":"https://playerservices.streamtheworld.com/api/livestream-redirect/MORFM_S01.mp3","codec":"MP3","bitrate":96,"tags":""}},{"type":"Feature","geometry":{"type":"Point","coordinates":[32.8581,40.2489]},"properties":{"id":"8a38c064-f112-460d-8d61-c8f2974e33c8","name":"POWER TÜRK DANS TÜRKİYE","country":"Türkiye","countryCode":"TR","state":"Turkey","category":"music","streamUrl":"https://listen.powerapp.com.tr/powerturkdans/abr/powerturkdans/128/playlist.m3u8","codec":"AAC","bitrate":150,"tags":""}},{"type":"Feature","geometry":{"type":"Point","coordinates":[21.2281,51.8426]},"properties":{"id":"f56fc0e0-8d6e-43df-9253-bfa03cb9a067","name":"ESKA - Gorąca 20","country":"Poland","countryCode":"PL","state":"Warsaw","category":"music","streamUrl":"https://waw.ic.smcdn.pl/6130-1.mp3","codec":"MP3","bitrate":128,"tags":"dance, pop, pop music, rock"}},{"type":"Feature","geometry":{"type":"Point","coordinates":[103.4898,1.0616]},"properties":{"id":"106c22a4-0b78-11e9-a80b-52543be04c81","name":"Gold 905 Radio","country":"Singapore","countryCode":"SG","state":"Singapore","category":"music","streamUrl":"http://playerservices.streamtheworld.com/api/livestream-redirect/GOLD905AAC.aac","codec":"AAC+","bitrate":48,"tags":""}},{"type":"Feature","geometry":{"type":"Point","coordinates":[12.7611,41.3572]},"properties":{"id":"962848be-0601-11e8-ae97-52543be04c81","name":"Radio Bruno","country":"Italy","countryCode":"IT","state":"Emilia-Romagna","category":"music","streamUrl":"http://onair18.xdevel.com:8062/;","codec":"AAC+","bitrate":128,"tags":"carpi, pop"}},{"type":"Feature","geometry":{"type":"Point","coordinates":[121.5233,25.0384]},"properties":{"id":"14569b3b-271d-4a7c-a598-72323fa9469b","name":"Hit FM台北之音廣播","country":"Taiwan, Republic Of China","countryCode":"TW","state":"Taipei","category":"music","streamUrl":"http://202.39.43.67:1935/live/RA000036/chunklist.m3u8","codec":"UNKNOWN","bitrate":128,"tags":"music"}},{"type":"Feature","geometry":{"type":"Point","coordinates":[29.531250000000004,17.214264312027566]},"properties":{"id":"17e85b1e-1eaf-465e-8753-4178e605f7b9","name":"Arab Mix 256","country":"Egypt","countryCode":"EG","state":"Cairo","category":"music","streamUrl":"https://stream.zeno.fm/wvqgc9kb1d0uv","codec":"MP3","bitrate":128,"tags":"classic hits, hits, pop"}},{"type":"Feature","geometry":{"type":"Point","coordinates":[-76.3176,38.589]},"properties":{"id":"608bc971-3ec5-4c05-8143-de96c3bdb030","name":"Soma FM Groove Salad 320K AAC HLS","country":"The United States Of America","countryCode":"US","state":"San Francisco CA","category":"music","streamUrl":"https://hls.somafm.com/hls/groovesalad/320k/program.m3u8","codec":"MP4","bitrate":320000,"tags":"groove, hls, somafm"}},{"type":"Feature","geometry":{"type":"Point","coordinates":[-118.28636169433597,34.05256608587504]},"properties":{"id":"2e6fabb2-9a10-4b2a-91ae-25a7d535e247","name":"102.7 KIIS FM Los Angeles","country":"The United States Of America","countryCode":"US","state":"Los Angeles, California","category":"music","streamUrl":"http://stream.revma.ihrhls.com/zc185","codec":"AAC","bitrate":128,"tags":"hits, hot adult contemporary, pop, top 40"}},{"type":"Feature","geometry":{"type":"Point","coordinates":[76.9402,28.6348]},"properties":{"id":"f59663f6-0684-4c4f-9824-6f28f64d6aa7","name":"Classic Radio Bhakti Sangeet","country":"India","countryCode":"IN","state":"India","category":"music","streamUrl":"https://stream.zeno.fm/epylmeu4zf7vv","codec":"MP3","bitrate":128,"tags":""}},{"type":"Feature","geometry":{"type":"Point","coordinates":[7.3926,47.4337]},"properties":{"id":"fb1add5d-4b7b-45cf-9be4-a1e8df712553","name":"Ambi Nature Radio","country":"Switzerland","countryCode":"CH","state":"Switzerland","category":"music","streamUrl":"https://nature-rex.radioca.st/stream","codec":"MP3","bitrate":320,"tags":"field recording, nature, sounds of nature"}},{"type":"Feature","geometry":{"type":"Point","coordinates":[-0.0856,51.1501]},"properties":{"id":"9634ab94-0601-11e8-ae97-52543be04c81","name":"NTS Radio 2","country":"The United Kingdom Of Great Britain And Northern Ireland","countryCode":"GB","state":"London","category":"music","streamUrl":"http://stream-relay-geo.ntslive.net/stream2","codec":"MP3","bitrate":256,"tags":"community radio, dj sets, eclectic, freeform"}},{"type":"Feature","geometry":{"type":"Point","coordinates":[13.0887,41.3359]},"properties":{"id":"9628ca6e-0601-11e8-ae97-52543be04c81","name":"Radio Birikina","country":"Italy","countryCode":"IT","state":"Veneto","category":"music","streamUrl":"http://wma01.fluidstream.net/birikina","codec":"AAC+","bitrate":64,"tags":"classic hits, italian pop"}},{"type":"Feature","geometry":{"type":"Point","coordinates":[2.2784185409545903,48.85273757048368]},"properties":{"id":"ab6a33e5-e8b5-4cf4-bfb7-ec0ae779cb7c","name":"France Info","country":"France","countryCode":"FR","state":"","category":"news","streamUrl":"https://stream.radiofrance.fr/franceinfo/franceinfo_hifi.m3u8","codec":"UNKNOWN","bitrate":128,"tags":"hls, information, m3u8, news, public radio, radio france"}},{"type":"Feature","geometry":{"type":"Point","coordinates":[29.01048472916617,41.057849301833365]},"properties":{"id":"8c76958a-2cbf-11e8-91bf-52543be04c81","name":"dinamo.fm discotheque","country":"Türkiye","countryCode":"TR","state":"Istanbul","category":"music","streamUrl":"http://channels.dinamo.fm/discotheque-mp3","codec":"MP3","bitrate":320,"tags":"70s, disco, disco funk, funk"}},{"type":"Feature","geometry":{"type":"Point","coordinates":[3.05026899646518,36.74700686223639]},"properties":{"id":"2de45b1a-f916-43a5-94f4-4292b9bfc31f","name":"Radio El Bahdja","country":"Algeria","countryCode":"DZ","state":"","category":"music","streamUrl":"https://radioelbahdja.ice.infomaniak.ch/elbahdja.mp3","codec":"AAC","bitrate":128,"tags":""}},{"type":"Feature","geometry":{"type":"Point","coordinates":[33.3778,39.5984]},"properties":{"id":"c06ef146-a5b0-485f-a6e3-1df09514a5bf","name":"Kurd1","country":"Türkiye","countryCode":"TR","state":"Turkey","category":"music","streamUrl":"https://listen.radioking.com/radio/119251/stream/158701","codec":"MP3","bitrate":128,"tags":"classical"}},{"type":"Feature","geometry":{"type":"Point","coordinates":[13.2794,52.5938]},"properties":{"id":"e6822dac-209c-4ea2-b565-643cf1b31ce1","name":"Bremen Eins","country":"Germany","countryCode":"DE","state":"Bremen","category":"music","streamUrl":"https://icecast.radiobremen.de/rb/bremeneins/live/mp3/128/stream.mp3?aggregator=surfmusik-de","codec":"MP3","bitrate":128,"tags":""}},{"type":"Feature","geometry":{"type":"Point","coordinates":[17.031211853027347,51.10514548255657]},"properties":{"id":"6a2591f4-7286-4c65-a7bd-6c491b6e672b","name":"Radio Złote Przeboje Wrocław","country":"Poland","countryCode":"PL","state":"","category":"music","streamUrl":"https://radiostream.pl/tuba9-1.mp3","codec":"MP3","bitrate":128,"tags":"classic hits, classic rock, pop, rock"}},{"type":"Feature","geometry":{"type":"Point","coordinates":[77.1587,28.3697]},"properties":{"id":"3bf95cf7-69fd-4ae6-b30a-d833ab3ae77c","name":"BIG 92.7 FM","country":"India","countryCode":"IN","state":"Jammu and Kashmir","category":"music","streamUrl":"https://stream.zeno.fm/dbstwo3dvhhtv","codec":"MP3","bitrate":128,"tags":""}},{"type":"Feature","geometry":{"type":"Point","coordinates":[127.0408,37.6739]},"properties":{"id":"fc4c247a-7f66-11e9-aa30-52543be04c81","name":"MBC FM","country":"The Republic Of Korea","countryCode":"KR","state":"Seoul","category":"music","streamUrl":"https://minisw.imbc.com/dsfm/_definst_/sfm.stream/playlist.m3u8?_lsu_sa_=6F71F21EE35336F4EB4B55E83501B64975703AF53D0832E333F0CCa336483046D0aAB3003AF2604A20B030912Db5E199698FD17721D556502D76B086C5F910C01A607ADCA280C731C492920183CFADD5DD97B90012C09343A32F2A7F409DEE378DA01005963FA4C06F81DFA7F3E6D5C6","codec":"AAC","bitrate":65,"tags":""}},{"type":"Feature","geometry":{"type":"Point","coordinates":[18.6248,59.0182]},"properties":{"id":"9642ad8b-0601-11e8-ae97-52543be04c81","name":"106,7 Rockklassiker","country":"Sweden","countryCode":"SE","state":"Sweden","category":"music","streamUrl":"http://tx-bauerse.sharp-stream.com/http_live.php?ua=WEB&i=rockklassiker_instream_se_mp3","codec":"MP3","bitrate":128,"tags":"classic rock"}},{"type":"Feature","geometry":{"type":"Point","coordinates":[-76.127,37.2804]},"properties":{"id":"4260f1f5-d5b3-44d5-9666-355da4da0b21","name":"Lofi 24/7","country":"The United States Of America","countryCode":"US","state":"United States","category":"music","streamUrl":"http://usa9.fastcast4u.com/proxy/jamz?mp=/1","codec":"MP3","bitrate":128,"tags":"chillout, lofi"}},{"type":"Feature","geometry":{"type":"Point","coordinates":[121.5197,25.0647]},"properties":{"id":"6be26492-2d96-444d-afa6-91fd5b374bed","name":"臺北電台AM","country":"Taiwan, Republic Of China","countryCode":"TW","state":"Taipei","category":"music","streamUrl":"https://stream.ginnet.cloud/live0130lo-yfyo/_definst_/am/playlist.m3u8","codec":"AAC","bitrate":322,"tags":"public radio"}},{"type":"Feature","geometry":{"type":"Point","coordinates":[121.4145,14.1541]},"properties":{"id":"3ddccbd3-8691-4bb2-a3cf-38e632e1042e","name":"DZMM Radyo Patrol 630","country":"The Philippines","countryCode":"PH","state":"Philippines","category":"music","streamUrl":"http://209.126.124.126:8852/stream","codec":"AAC+","bitrate":64,"tags":""}},{"type":"Feature","geometry":{"type":"Point","coordinates":[12.8867,52.5174]},"properties":{"id":"a2774eb5-924c-49af-897f-b3899a7f9777","name":"RadioEins [High Quality]","country":"Germany","countryCode":"DE","state":"Berlin/Brandenburg","category":"music","streamUrl":"http://f111.rndfnk.com/ard/rbb/radioeins/live/mp3/128/stream.mp3?cid=01FC1WH12KJ93TCQPDSE2E5PZ9&sid=3JPBe8fx9psRIbzFZb9atHOoPWe&token=cxJvooAiR3mv73c0rmCj2UIj-mFKDn7o5hEirJS_pd8&tvf=WJjINorY1RhmMTExLnJuZGZuay5jb20","codec":"MP3","bitrate":128,"tags":""}},{"type":"Feature","geometry":{"type":"Point","coordinates":[18.61785862486835,50.28933925329178]},"properties":{"id":"14b795df-4210-49e2-b491-189523b49f4d","name":"Radio ZET Chilli","country":"Poland","countryCode":"PL","state":"Poland","category":"music","streamUrl":"https://ch.cdn.eurozet.pl/chi-net.mp3","codec":"MP3","bitrate":128,"tags":""}},{"type":"Feature","geometry":{"type":"Point","coordinates":[4.8225,51.218]},"properties":{"id":"a2c199e5-cff2-11e8-a54a-52543be04c81","name":"TOPradio Belgium","country":"Belgium","countryCode":"BE","state":"Belgium","category":"music","streamUrl":"http://str.topradio.be/topradio.mp3","codec":"MP3","bitrate":192,"tags":""}},{"type":"Feature","geometry":{"type":"Point","coordinates":[-79.3958848826397,43.63981794511032]},"properties":{"id":"e9577c10-e299-4bb8-9313-c6cc2070c1f3","name":"# RdMix Italo Disco 80s","country":"Canada","countryCode":"CA","state":"Ontario","category":"music","streamUrl":"https://cast1.torontocast.com:2130/stream","codec":"MP3","bitrate":192,"tags":"1980, 1980s, 1980s hits, 80's, 80er, 80s, anni 80, classic hits, club dance, club hits"}},{"type":"Feature","geometry":{"type":"Point","coordinates":[0.1542,52.0299]},"properties":{"id":"59813592-9a30-4e5c-bfc6-665724728582","name":"BBC Live News (128k)","country":"The United Kingdom Of Great Britain And Northern Ireland","countryCode":"GB","state":"United Kingdom","category":"news","streamUrl":"http://as-hls-ww-live.akamaized.net/pool_53367543/live/ww/bbc_sounds_news/bbc_sounds_news.isml/bbc_sounds_news-audio%3d128000.norewind.m3u8","codec":"UNKNOWN","bitrate":128,"tags":"news"}},{"type":"Feature","geometry":{"type":"Point","coordinates":[-77.6932,39.9558]},"properties":{"id":"8ca28b1f-8f5d-4039-a322-52a13630159d","name":"美国中文电台-旧金山","country":"The United States Of America","countryCode":"US","state":"San Francisco","category":"news","streamUrl":"http://radiokest.serverroom.us:6670/;?type=http&nocache=3295","codec":"MP3","bitrate":48,"tags":"chinese, news, public radio"}},{"type":"Feature","geometry":{"type":"Point","coordinates":[139.5541,35.9035]},"properties":{"id":"3c5dc353-b1ce-43be-a361-ae555535a2b0","name":"J1 Hits (HTTP)","country":"Japan","countryCode":"JP","state":"Japan","category":"music","streamUrl":"http://jenny.torontocast.com:8056/","codec":"MP3","bitrate":128,"tags":""}},{"type":"Feature","geometry":{"type":"Point","coordinates":[-74.90702480077745,43.064015622124]},"properties":{"id":"9afeaf65-bb57-4d76-892d-c7a39fc6c805","name":"Hard Rock Radio FM","country":"The United States Of America","countryCode":"US","state":"NY","category":"music","streamUrl":"http://67.249.184.45:8015/","codec":"MP3","bitrate":128,"tags":"80's, 90's, hard rock, heavy metal"}},{"type":"Feature","geometry":{"type":"Point","coordinates":[27.8833,-25.8057]},"properties":{"id":"d6647132-efaf-4de4-a76b-7e71383117b8","name":"Hot 102.7 FM","country":"South Africa","countryCode":"ZA","state":"Gauteng","category":"music","streamUrl":"https://edge.iono.fm/xice/57_high.aac","codec":"AAC","bitrate":128,"tags":""}},{"type":"Feature","geometry":{"type":"Point","coordinates":[13.4329,53.0627]},"properties":{"id":"5f20d10f-732b-11e8-83fa-52543be04c81","name":"egoFM","country":"Germany","countryCode":"DE","state":"Bavaria","category":"music","streamUrl":"http://cast.egofm.de/egofm.mp3?ar-distributor=ffa0&aw_0_req.gdpr=true","codec":"MP3","bitrate":128,"tags":"indie"}},{"type":"Feature","geometry":{"type":"Point","coordinates":[2.1703469753265385,41.38907344001612]},"properties":{"id":"04e50d31-07d9-4e6a-927a-b22fb034eb3c","name":"Cadena SER - Ràdio Barcelona","country":"Spain","countryCode":"ES","state":"Barcelona","category":"news","streamUrl":"https://playerservices.streamtheworld.com/api/livestream-redirect/SER_BARCELONA.mp3","codec":"MP3","bitrate":128,"tags":"entertainment, news"}},{"type":"Feature","geometry":{"type":"Point","coordinates":[151.0341758204815,-33.94153531741429]},"properties":{"id":"1653b791-7005-4e95-be20-4e7b626a4a20","name":"Sky News Australia Radio","country":"Australia","countryCode":"AU","state":"Sydney NSW","category":"news","streamUrl":"https://playerservices.streamtheworld.com/api/livestream-redirect/NOVA_SKYNEWSAAC.aac","codec":"AAC+","bitrate":64,"tags":"conservative, discussion, news, politics, rightwing, sky news, talk"}},{"type":"Feature","geometry":{"type":"Point","coordinates":[-3.9052,40.1879]},"properties":{"id":"9584da46-3ab4-11e9-9b4e-52543be04c81","name":"COPE Málaga","country":"Spain","countryCode":"ES","state":"Málaga","category":"music","streamUrl":"http://flucast-bl04.flumotion.com/cope/net1.mp3","codec":"MP3","bitrate":96,"tags":""}},{"type":"Feature","geometry":{"type":"Point","coordinates":[140.1187,36.1204]},"properties":{"id":"30b09043-9b67-43d7-b9c6-b4401e5cb636","name":"BOX : Japan City Pop - 日本のシティポップ","country":"Japan","countryCode":"JP","state":"Japan","category":"music","streamUrl":"https://play.streamafrica.net/japancitypop","codec":"MP3","bitrate":128,"tags":"city pop, japanese"}},{"type":"Feature","geometry":{"type":"Point","coordinates":[-4.0751,39.9104]},"properties":{"id":"e29ee7e2-8bd6-454d-aae6-f54db3157fbd","name":"Cadena 100","country":"Spain","countryCode":"ES","state":"Madrid","category":"music","streamUrl":"https://cadena100-cope.flumotion.com/chunks.m3u8","codec":"UNKNOWN","bitrate":128,"tags":"pop"}},{"type":"Feature","geometry":{"type":"Point","coordinates":[12.7998,41.399]},"properties":{"id":"df3a63d4-e944-4f00-abb7-4de1581e7533","name":"Rai Radio 1 +Calcio","country":"Italy","countryCode":"IT","state":"Italy","category":"music","streamUrl":"http://icecdn-19d24861e90342cc8decb03c24c8a419.msvdn.net/icecastRelay/S18493106/rCMKqdMFKPBB/icecast","codec":"MP3","bitrate":256,"tags":""}},{"type":"Feature","geometry":{"type":"Point","coordinates":[47.970428466796875,29.347047640104552]},"properties":{"id":"0a97035a-bd76-46da-acbb-894f0876da1f","name":"Quran Radio راديو القرآن - Muhammad Al-Minshawi محمد صديق المنشاوي","country":"Kuwait","countryCode":"KW","state":"Kuwait City","category":"music","streamUrl":"https://radio.mp3islam.com/listen/minshawi/radio.mp3","codec":"AAC","bitrate":64,"tags":"islam, islamic, kuran, kuwait الكويت, quran, اسلام, اسلامي, السعودية, القرآن, القرآن الكريم"}},{"type":"Feature","geometry":{"type":"Point","coordinates":[100.3859,13.8575]},"properties":{"id":"08675eea-4c22-486d-920d-1bb997ed819e","name":"106 Family News Radio","country":"Thailand","countryCode":"TH","state":"Thailand","category":"news","streamUrl":"https://radio11.plathong.net/7138/;stream.mp3","codec":"MP3","bitrate":320,"tags":""}},{"type":"Feature","geometry":{"type":"Point","coordinates":[121.5303,25.0679]},"properties":{"id":"e8ac5c8f-e0ce-4bea-8846-b9ff7d911aea","name":"台北廣播電台","country":"Taiwan, Republic Of China","countryCode":"TW","state":"Taipei","category":"music","streamUrl":"https://stream.ginnet.cloud/live0130lo-yfyo/_definst_/fm/playlist.m3u8","codec":"AAC","bitrate":322,"tags":""}},{"type":"Feature","geometry":{"type":"Point","coordinates":[12.0315,55.6717]},"properties":{"id":"960f5bcd-0601-11e8-ae97-52543be04c81","name":"DR P3","country":"Denmark","countryCode":"DK","state":"Denmark","category":"music","streamUrl":"http://live-icy.dr.dk/A/A05H.mp3","codec":"MP3","bitrate":128,"tags":"pop, rock"}},{"type":"Feature","geometry":{"type":"Point","coordinates":[102.2406,3.213]},"properties":{"id":"a4e79d4f-8c40-46a4-bd5b-37c5266ae8e8","name":"ERA FM","country":"Malaysia","countryCode":"MY","state":"Malaysia","category":"music","streamUrl":"https://n17a-eu.rcs.revma.com/crec9cmbv4uvv/23_11p2ghidfhj2d02/playlist.m3u8?rj-ttl=5&rj-tok=AAABlF2WiCgAJUPufokb6G0b3Q","codec":"UNKNOWN","bitrate":128,"tags":""}},{"type":"Feature","geometry":{"type":"Point","coordinates":[-78.2585,38.7023]},"properties":{"id":"a2c3cec0-1dfd-4feb-b96a-e6ee2979fc5c","name":"24/7 Comedy","country":"The United States Of America","countryCode":"US","state":"United States","category":"talk","streamUrl":"https://stream.revma.ihrhls.com/zc4902","codec":"AAC","bitrate":128,"tags":"comedy, talk"}},{"type":"Feature","geometry":{"type":"Point","coordinates":[27.5504,-26.1951]},"properties":{"id":"49970d3a-0a50-4655-8dfb-9065b279d662","name":"Lesedi","country":"South Africa","countryCode":"ZA","state":"South Africa","category":"music","streamUrl":"https://playerservices.streamtheworld.com/api/livestream-redirect/LESEDIAAC_SC","codec":"AAC+","bitrate":48,"tags":""}},{"type":"Feature","geometry":{"type":"Point","coordinates":[121.4197,14.7966]},"properties":{"id":"d86e83b0-1e1c-4a9c-b018-19682c879dc3","name":"MYX Philippines","country":"The Philippines","countryCode":"PH","state":"Philippines","category":"music","streamUrl":"http://22243.live.streamtheworld.com/MYXFM_SC","codec":"MP3","bitrate":96,"tags":""}},{"type":"Feature","geometry":{"type":"Point","coordinates":[121.52526855468751,25.045792240303445]},"properties":{"id":"40c961b3-7c52-4da1-b956-5728759b2ad4","name":"正聲廣播電台FM104","country":"Taiwan, Republic Of China","countryCode":"TW","state":"Taipei","category":"news","streamUrl":"https://flv.ccdntech.com/live/_definst_/mp4:vod117_Live/live1/chunklist_w872521607.m3u8","codec":"UNKNOWN","bitrate":128,"tags":"music, news"}},{"type":"Feature","geometry":{"type":"Point","coordinates":[19.03362035751343,47.489038391040786]},"properties":{"id":"f503d591-56b7-45d2-9a31-df046af717ae","name":"Rádió 1","country":"Hungary","countryCode":"HU","state":"","category":"music","streamUrl":"https://icast.connectmedia.hu/5201/live.mp3","codec":"MP3","bitrate":128,"tags":"dance"}},{"type":"Feature","geometry":{"type":"Point","coordinates":[13.5421,52.2693]},"properties":{"id":"29010f42-faef-4a9e-b15c-3ad1613b45cb","name":"BR-Klassik","country":"Germany","countryCode":"DE","state":"Bayern","category":"music","streamUrl":"https://dispatcher.rndfnk.com/br/brklassik/live/mp3/high","codec":"MP3","bitrate":256,"tags":"classical"}},{"type":"Feature","geometry":{"type":"Point","coordinates":[-9.065093994140629,38.73940977968836]},"properties":{"id":"cc461784-3150-4a34-81c5-2116fe024740","name":"TSF Rádio Notícias","country":"Portugal","countryCode":"PT","state":"Lisboa","category":"talk","streamUrl":"https://directo.tsf.pt/tsfdirecto.mp3","codec":"MP3","bitrate":128,"tags":"desporto, futebol, notícias, portugal, talk"}},{"type":"Feature","geometry":{"type":"Point","coordinates":[2.278273701667786,48.85249472215649]},"properties":{"id":"55bdaccc-a91e-4440-9587-4832a8451745","name":"FIP (no pub)","country":"France","countryCode":"FR","state":"","category":"music","streamUrl":"https://stream.radiofrance.fr/fip/fip_hifi.m3u8","codec":"UNKNOWN","bitrate":128,"tags":"eclectic, m3u8, public radio, radio france"}},{"type":"Feature","geometry":{"type":"Point","coordinates":[-79.38681250214887,43.63881128210585]},"properties":{"id":"4cc3e959-b572-4285-99e2-069151d03b5e","name":"# 100 GREATEST JAZZ LOUNGE BAR","country":"Canada","countryCode":"CA","state":"Ontario","category":"music","streamUrl":"https://cast1.torontocast.com:4640/stream","codec":"MP3","bitrate":192,"tags":"192kbps, chillout, chillout+lounge, classic hits, club, cool jazz, cool music seduction, fm, high quality audio, jazz"}},{"type":"Feature","geometry":{"type":"Point","coordinates":[-9.584541320800785,30.42307791561479]},"properties":{"id":"701b70e7-2126-4b4b-b1db-ea5295b43bfe","name":"Radio Plus Agadir FM 92.4","country":"Morocco","countryCode":"MA","state":"","category":"music","streamUrl":"https://stream-158.zeno.fm/bqdbb6hd0neuv","codec":"MP3","bitrate":128,"tags":""}},{"type":"Feature","geometry":{"type":"Point","coordinates":[13.6476,53.0122]},"properties":{"id":"a1249d7e-eb60-48bf-ba83-ebf3960b9a90","name":"Sunshine Live","country":"Germany","countryCode":"DE","state":"Baden-Württemberg","category":"music","streamUrl":"http://sunsl.streamabc.net/sunsl-sslsimulcast-mp3-192-4434053?sABC=6557p1o3%230%236080533n48sp2nrq0o4389q6o67o3qps%23fgernz.fhafuvar-yvir.qr&aw_0_1st.playerid=stream.sunshine-live.de&amsparams=playerid:stream.sunshine-live.de;skey:1700250035","codec":"MP3","bitrate":128,"tags":"electronic, house, techno"}},{"type":"Feature","geometry":{"type":"Point","coordinates":[74.32800292968751,31.52016648911368]},"properties":{"id":"47efdce4-809f-4cd3-8e3c-85a2eabce1ef","name":"Radio One FM 91","country":"Pakistan","countryCode":"PK","state":"","category":"music","streamUrl":"https://cc.vmakerhost.com/proxy/karachi?mp=/stream","codec":"MP3","bitrate":128,"tags":"islamabad, karachi, lahore, pakistan fm radio, radio one fm91"}},{"type":"Feature","geometry":{"type":"Point","coordinates":[32.4333,40.2628]},"properties":{"id":"4dc09559-aa5c-4ecd-a8cf-4fc450471ae4","name":"Kafa Radyo","country":"Türkiye","countryCode":"TR","state":"Turkey","category":"music","streamUrl":"https://moondigitalmaster.radyotvonline.net/kafaradyo/playlist.m3u8","codec":"AAC+","bitrate":63,"tags":""}},{"type":"Feature","geometry":{"type":"Point","coordinates":[37.3857,56.8047]},"properties":{"id":"4e285d46-4491-4df0-a6d8-974b8b9a49f8","name":"Radio Record - Russian Gold","country":"The Russian Federation","countryCode":"RU","state":"Russia","category":"music","streamUrl":"https://radiorecord.hostingradio.ru/russiangold96.aacp","codec":"AAC","bitrate":128,"tags":"pop, russian"}},{"type":"Feature","geometry":{"type":"Point","coordinates":[-58.2246,-34.0885]},"properties":{"id":"4285a122-9c78-417e-879e-5440c0482c56","name":"Aspen 102.3","country":"Argentina","countryCode":"AR","state":"Argentina","category":"music","streamUrl":"https://playerservices.streamtheworld.com/api/livestream-redirect/ASPEN.mp3","codec":"MP3","bitrate":96,"tags":""}},{"type":"Feature","geometry":{"type":"Point","coordinates":[5.2718,51.818]},"properties":{"id":"b20de429-e1b3-4624-a1ac-12e2bf0cadb0","name":"Sky Radio","country":"The Netherlands","countryCode":"NL","state":"Netherlands","category":"music","streamUrl":"https://www.mp3streams.nl/zender/skyradio/stream/8-mp3-128","codec":"MP3","bitrate":128,"tags":""}},{"type":"Feature","geometry":{"type":"Point","coordinates":[77.276,28.9461]},"properties":{"id":"1f219a68-adcc-4224-8088-963529ab5811","name":"Free FM 80´s India","country":"India","countryCode":"IN","state":"Mumbai","category":"music","streamUrl":"https://freefm80.radioca.st/","codec":"MP3","bitrate":320,"tags":"#80s, #freefm"}},{"type":"Feature","geometry":{"type":"Point","coordinates":[77.0781,28.0704]},"properties":{"id":"024897c7-8327-4d47-90f2-7e8c5d57d467","name":"Bollywood classic songs","country":"India","countryCode":"IN","state":"India","category":"music","streamUrl":"https://node-12.zeno.fm/60ef4p33vxquv?rj-ttl=5&rj-tok=AAABc-OCFngAs_AvDsY_StEpMg","codec":"MP3","bitrate":128,"tags":"music"}},{"type":"Feature","geometry":{"type":"Point","coordinates":[100.0836,13.5787]},"properties":{"id":"b4880e4a-8ede-47bf-abba-0f22c14ec6c0","name":"Flex 104.5","country":"Thailand","countryCode":"TH","state":"Thailand","category":"music","streamUrl":"https://streaming.flexconnect.net/voiceflex/voiceflex/playlist.m3u8","codec":"AAC","bitrate":130,"tags":"เชื่อมต่อโลกออนไลน์ เป็นมากกว่าการฟังเพลง"}},{"type":"Feature","geometry":{"type":"Point","coordinates":[9.26581,45.52378]},"properties":{"id":"b25710a3-fb1b-4aa7-ba81-142ee6f5bea9","name":"Radio Freccia","country":"Italy","countryCode":"IT","state":"","category":"music","streamUrl":"https://dd782ed59e2a4e86aabf6fc508674b59.msvdn.net/live/S3160845/0tuSetc8UFkF/playlist_audio.m3u8","codec":"AAC","bitrate":192,"tags":"classic rock, oldies, rock"}},{"type":"Feature","geometry":{"type":"Point","coordinates":[114.041,21.8933]},"properties":{"id":"d4a4ca27-d864-4f0c-ac3a-4dd9d273cbb9","name":"AXR Hong Kong","country":"Hong Kong","countryCode":"HK","state":"Hong Kong","category":"news","streamUrl":"http://hongkongstream.axr.online/","codec":"AAC+","bitrate":64,"tags":"news, sport"}},{"type":"Feature","geometry":{"type":"Point","coordinates":[10.462401226998631,61.120930879735546]},"properties":{"id":"f8c657d3-5221-4e32-96d6-15db1cd1a662","name":"P5 Nonstop Hits (AAC HQ)","country":"Norway","countryCode":"NO","state":"Innlandet","category":"music","streamUrl":"https://p5n.p4groupaudio.com/P05AAH","codec":"AAC","bitrate":192,"tags":"p4, hits, pop"}},{"type":"Feature","geometry":{"type":"Point","coordinates":[-58.42597961425782,-34.60747982285075]},"properties":{"id":"4ff249e9-131b-4fae-88f0-d93c744240ee","name":"Metro 95.1","country":"Argentina","countryCode":"AR","state":"Buenos Aires","category":"talk","streamUrl":"https://playerservices.streamtheworld.com/api/livestream-redirect/METRO.mp3","codec":"MP3","bitrate":96,"tags":"95.1, 95.1 fm, argentina, buenos aires, ciudad de buenos aires, dance, electronic, entertainment, estación, fm"}},{"type":"Feature","geometry":{"type":"Point","coordinates":[27.9808,-26.2764]},"properties":{"id":"e361fbe4-ca90-42f3-9abe-deda661fc149","name":"Algoa FM","country":"South Africa","countryCode":"ZA","state":"South Africa","category":"music","streamUrl":"http://edge.iono.fm/xice/54_high.mp3","codec":"MP3","bitrate":128,"tags":""}},{"type":"Feature","geometry":{"type":"Point","coordinates":[29.432373046875004,-23.8704547763316]},"properties":{"id":"3bdf2126-b792-46f6-b0bd-9c991411e373","name":"ThobelaFM","country":"South Africa","countryCode":"ZA","state":"Gauteng/limpopo","category":"music","streamUrl":"https://playerservices.streamtheworld.com/api/livestream-redirect/THOBELAAAC.aac","codec":"AAC+","bitrate":48,"tags":""}},{"type":"Feature","geometry":{"type":"Point","coordinates":[107.1993,-6.6449]},"properties":{"id":"537e27f1-da35-4b91-b057-a8a1041a23c8","name":"Dahlia Bandung 101.5 FM","country":"Indonesia","countryCode":"ID","state":"Bandung","category":"music","streamUrl":"https://svara-stream.radioddns.net/bandung_dahliafm","codec":"MP3","bitrate":128,"tags":"pop"}},{"type":"Feature","geometry":{"type":"Point","coordinates":[11.565427975272248,48.139375222954875]},"properties":{"id":"3d9dcff7-8fd2-4eda-9d77-cfe259c62a70","name":"- DJ & CLUB CHARTS ---> Club Classics, Festival-Hits, Remixes, Single Charts, Mashups, DJ Sets, Club Edits, Dancefloor, Underground, Nightlife, Party Anthems, Ibiza, Miami, Clubbing, Festival, Remix, Mashup, DJ, EDM,  RAVE, Dance, Urban, Latin, Beachclub, Lounge","country":"Germany","countryCode":"DE","state":"Bavaria","category":"music","streamUrl":"https://breakz-2012-high.rautemusik.fm/?ref=rb-djclubcharts","codec":"MP3","bitrate":192,"tags":"#bewirbdich!, #mashup, beach, best music, brandnew, charts, chillout+lounge, club, clubbing, community radio"}},{"type":"Feature","geometry":{"type":"Point","coordinates":[-75.3422,44.0288]},"properties":{"id":"e5ec7527-cb54-4632-b5a1-7ee080bb19c0","name":"A1中文电台","country":"Canada","countryCode":"CA","state":"Canada","category":"news","streamUrl":"http://s2.voscast.com:9530/","codec":"MP3","bitrate":64,"tags":"chinese, news, talk"}},{"type":"Feature","geometry":{"type":"Point","coordinates":[-0.2549,51.7052]},"properties":{"id":"172d8c95-fecd-40b7-af6f-9cdf4e8829e4","name":"Magic Radio UK","country":"The United Kingdom Of Great Britain And Northern Ireland","countryCode":"GB","state":"United Kingdom","category":"music","streamUrl":"https://stream-mz.hellorayo.co.uk/magicnational.mp3?direct=true&aw_0_1st.playerid=BMUK_TuneIn&aw_0_1st.skey=7374499933&stationCode=mag","codec":"MP3","bitrate":112,"tags":"00s, 70s, 80s, 90s, adult, adult hits, calm, classic hits, london, pop"}},{"type":"Feature","geometry":{"type":"Point","coordinates":[-77.9487,38.8613]},"properties":{"id":"b8c23ab6-8287-45cb-a3e6-36c53cd12216","name":"美国中文电台-西雅图","country":"The United States Of America","countryCode":"US","state":"Seattle Washington","category":"news","streamUrl":"http://kxparadio.serverroom.us:5852/stream.mp3","codec":"MP3","bitrate":128,"tags":"chinese, news"}},{"type":"Feature","geometry":{"type":"Point","coordinates":[27.6469,-26.1467]},"properties":{"id":"961e3141-0601-11e8-ae97-52543be04c81","name":"OFM 94 & 97 FM Bloemfontein","country":"South Africa","countryCode":"ZA","state":"South Africa","category":"news","streamUrl":"http://edge.iono.fm/xice/ofm_live_medium.aac","codec":"AAC","bitrate":128,"tags":"bloemfontein, commercial, local news, news, pop"}},{"type":"Feature","geometry":{"type":"Point","coordinates":[4.1286,51.3563]},"properties":{"id":"00dc2e9a-578c-430b-bdc2-244b71444dfc","name":"Qmusic Belgium","country":"Belgium","countryCode":"BE","state":"Belgium","category":"music","streamUrl":"https://icecast-qmusicbe-cdp.triple-it.nl/qmusic.aac","codec":"AAC+","bitrate":95,"tags":""}},{"type":"Feature","geometry":{"type":"Point","coordinates":[13.3347639,52.4802578]},"properties":{"id":"21ab678c-ff19-4314-9969-165e15b4210d","name":"Deutschlandfunk Nova | DLF | AAC 192k","country":"Germany","countryCode":"DE","state":"Berlin","category":"news","streamUrl":"https://st03.sslstream.dlf.de/dlf/03/high/aac/stream.aac?aggregator=web","codec":"AAC","bitrate":256,"tags":"culture, news, public service, information"}},{"type":"Feature","geometry":{"type":"Point","coordinates":[76.8524,28.4418]},"properties":{"id":"4507925d-4c86-432d-bf24-9d041cc9185a","name":"Bhajans Radio Guyana","country":"India","countryCode":"IN","state":"India","category":"music","streamUrl":"https://s5.citrus3.com:8148/stream","codec":"AAC","bitrate":128,"tags":""}},{"type":"Feature","geometry":{"type":"Point","coordinates":[106.3685,20.5615]},"properties":{"id":"7ce50274-160a-43b6-a023-782897576f9e","name":"VOV Giao thông Hà Nội","country":"Vietnam","countryCode":"VN","state":"Vietnam","category":"traffic-transit","streamUrl":"https://play.vovgiaothong.vn/live/gthn/playlist.m3u8","codec":"UNKNOWN","bitrate":228,"tags":"music, news, talk, traffic, traffic information, traffic news"}},{"type":"Feature","geometry":{"type":"Point","coordinates":[3.0558261885201476,36.752602649042906]},"properties":{"id":"9a1f94c7-63dd-4978-89e8-37ec8d4cd01f","name":"Algérie Chaine 1","country":"Algeria","countryCode":"DZ","state":"","category":"music","streamUrl":"https://radiochaine1.ice.infomaniak.ch/chaine1.mp3","codec":"AAC","bitrate":128,"tags":""}},{"type":"Feature","geometry":{"type":"Point","coordinates":[16.2877707,48.1776994]},"properties":{"id":"657b7b0f-2ef9-45df-9915-4ca4f948c54f","name":"Ö1 | ORF | HQ","country":"Austria","countryCode":"AT","state":"Vienna","category":"music","streamUrl":"http://orf-live.ors-shoutcast.at/oe1-q2a","codec":"MP3","bitrate":192,"tags":"orf"}},{"type":"Feature","geometry":{"type":"Point","coordinates":[0.2022,51.9667]},"properties":{"id":"f2547182-2dab-4ad2-b4d8-bb03533c2e9c","name":"BBC Radio 1 Dance (128k)","country":"The United Kingdom Of Great Britain And Northern Ireland","countryCode":"GB","state":"United Kingdom","category":"news","streamUrl":"http://as-hls-ww-live.akamaized.net/pool_62063831/live/ww/bbc_radio_one_dance/bbc_radio_one_dance.isml/bbc_radio_one_dance-audio%3d128000.norewind.m3u8","codec":"UNKNOWN","bitrate":128,"tags":"dance, pop"}},{"type":"Feature","geometry":{"type":"Point","coordinates":[8.699906696484529,49.92838768380921]},"properties":{"id":"1aa5a707-c24c-4c5d-abcc-6f9b7a8f2f2e","name":"Melodic House & Techno @ Technolovers.FM (Chillout, Beach, Festival, Sundowner, Relax, Ibiza, Sea, Ocean Music, Beachclub, Cocktailbar, 2024, 2025, 2026 Future Rave 126, 128, 124 Beats per Minute , BPM)","country":"Germany","countryCode":"DE","state":"","category":"music","streamUrl":"https://stream.technolovers.fm/melodic-house-techno?ref=radiobrowser-2","codec":"MP3","bitrate":192,"tags":"#, beach, beachclub, chill, chillout, chillout+lounge, dj remix, electro, electro techno, electronic"}},{"type":"Feature","geometry":{"type":"Point","coordinates":[-75.7268,37.9988]},"properties":{"id":"221432fb-bc5e-4f3f-815a-4f6f13f156eb","name":"Bloomberg AM New York, NY","country":"The United States Of America","countryCode":"US","state":"New York NY","category":"news","streamUrl":"http://20593.live.streamtheworld.com:3690/WBBRNYAAC_SC","codec":"AAC+","bitrate":32,"tags":"business news"}},{"type":"Feature","geometry":{"type":"Point","coordinates":[-7.518444769375861,31.293578364885537]},"properties":{"id":"377ec7c3-41fd-48d0-ab98-0c2485ec7d4d","name":"Radio MFM","country":"Morocco","countryCode":"MA","state":"Casablanca","category":"music","streamUrl":"https://a5.asurahosting.com:7980/radio.mp3","codec":"MP3","bitrate":128,"tags":""}},{"type":"Feature","geometry":{"type":"Point","coordinates":[-74.75097656250001,40.04443758460859]},"properties":{"id":"9d5a5d73-f563-4f60-934d-dc9452e2ea0a","name":"__80 HITS","country":"The United States Of America","countryCode":"US","state":"New York NY","category":"music","streamUrl":"http://stream.laut.fm/80sexitos","codec":"MP3","bitrate":128,"tags":"70s, 80s, 90s, disco, pop, rock, romantic"}},{"type":"Feature","geometry":{"type":"Point","coordinates":[127.314,37.4026]},"properties":{"id":"6d4a1b58-b7c6-11e9-acb2-52543be04c81","name":"KBS 1R","country":"The Republic Of Korea","countryCode":"KR","state":"Seoul","category":"music","streamUrl":"https://1radio-bora.gscdn.kbs.co.kr/1radio-bora-01/1radio-bora-01_hd.m3u8?Policy=eyJTdGF0ZW1lbnQiOlt7IlJlc291cmNlIjoiaHR0cHM6Ly8xcmFkaW8tYm9yYS5nc2Nkbi5rYnMuY28ua3IvMXJhZGlvLWJvcmEtMDEvKiIsIkNvbmRpdGlvbiI6eyJEYXRlTGVzc1RoYW4iOnsiQVdTOkVwb2NoVGltZSI6MTc4OTcyNjc1N319fV19&Key-Pair-Id=APKAICDSGT3Y7IXGJ3TA&Signature=T0D7B63~2E-XnZZ6tZZi60wYPnboe5jxLZfZ1K8M-JoIsrGZX0kDxQh02zN3NLa-l2ZXNctfcXAyXraRYOyz-KsvSyEMH0UkC9lo6zPQNAO1krLC2I3fqT2fmi45WvFNB6v7B3N~n5aO21EvqaAfFrAW5ZCF~E8dczpLoFs9RX6JCYqs2fV3gJxa7jw6HCqN847~OlpjFDUtvHyjHDRHMZOlAgKfR~e5cDGLtR5-F0uuARjNJQ3CttDSPgNBK78dksI8nQ~R6KRxxUQEAvy2Ji1Wpxs9nzX-BpRJvp1AT32YTaUqrOaaaARHTxjEbfnAx1fmB1A~ZXDgL3rEt5WXiQ__","codec":"UNKNOWN","bitrate":128,"tags":""}},{"type":"Feature","geometry":{"type":"Point","coordinates":[139.6541,36.2113]},"properties":{"id":"9af1536b-1acd-11ea-a620-52543be04c81","name":"Nightwave Plaza OPUS 96","country":"Japan","countryCode":"JP","state":"Japan","category":"music","streamUrl":"http://radio.plaza.one/opus","codec":"OGG","bitrate":64,"tags":"aesthetic, chillwave, futurefunk, lofi, vaporwave"}},{"type":"Feature","geometry":{"type":"Point","coordinates":[-47.6236,-22.1944]},"properties":{"id":"570cc99a-9159-4d91-9a8f-96ddb5b30797","name":"Rádio Antena 1 94.7 FM","country":"Brazil","countryCode":"BR","state":"Sao Paulo","category":"music","streamUrl":"https://antenaone.crossradio.com.br/stream/1;","codec":"AAC+","bitrate":96,"tags":"adult, flashback"}},{"type":"Feature","geometry":{"type":"Point","coordinates":[4.303894042968751,52.07963259545092]},"properties":{"id":"db93a00f-9191-46ab-9e87-ec9b373b3eee","name":"Arrow Classic Rock","country":"The Netherlands","countryCode":"NL","state":"","category":"music","streamUrl":"http://stream.gal.io/arrow","codec":"MP3","bitrate":192,"tags":""}},{"type":"Feature","geometry":{"type":"Point","coordinates":[76.742,28.8003]},"properties":{"id":"f4092372-9aac-4af6-8067-4d1c59ea4530","name":"Big FM Tamil","country":"India","countryCode":"IN","state":"India","category":"music","streamUrl":"https://stream.zeno.fm/r2gn1pgm4qruv","codec":"AAC","bitrate":128,"tags":""}},{"type":"Feature","geometry":{"type":"Point","coordinates":[106.84753417968751,-6.2017814333275]},"properties":{"id":"fd6e2783-293c-476e-8201-ddeda1336ca3","name":"Campursari FM Jakarta","country":"Indonesia","countryCode":"ID","state":"Jakarta","category":"music","streamUrl":"https://streaming.campursarifm.com/listen/campursari/campursari892","codec":"AAC","bitrate":64,"tags":"campursari, dangdut, koplo"}},{"type":"Feature","geometry":{"type":"Point","coordinates":[4.9242,51.9362]},"properties":{"id":"81a4bb94-f26a-497c-ae03-771e97773686","name":"3FM","country":"The Netherlands","countryCode":"NL","state":"Netherlands","category":"music","streamUrl":"http://icecast.omroep.nl/3fm-bb-mp3","codec":"MP3","bitrate":192,"tags":"pop"}},{"type":"Feature","geometry":{"type":"Point","coordinates":[-99.151611328125,19.45416166292327]},"properties":{"id":"a14b9dde-af38-4bf1-beb5-d1ece9062b35","name":"Wonder 80's Flashback","country":"Mexico","countryCode":"MX","state":"Ciudad de Mexico","category":"music","streamUrl":"https://80.streeemer.com/listen/80s/radio.aac","codec":"AAC","bitrate":128,"tags":"80's, 80s en español, oldies"}},{"type":"Feature","geometry":{"type":"Point","coordinates":[33.3177,39.5011]},"properties":{"id":"a4a06619-c8fc-43aa-b574-48b350b5e213","name":"Havin FM","country":"Türkiye","countryCode":"TR","state":"Turkey","category":"music","streamUrl":"http://yayin6.radyohizmeti.com:7050/;stream.mp3","codec":"MP3","bitrate":64,"tags":"folk music, kurdish folk music, kurdish songs"}},{"type":"Feature","geometry":{"type":"Point","coordinates":[-99.13253545761108,19.432833819663372]},"properties":{"id":"fe84d1da-ea45-4646-8558-20d3b6d4bfbe","name":"UNIVERSAL 88.1 (CDMX) - 88.1 FM - XHRED-FM - Grupo Radio Centro - Ciudad de México","country":"Mexico","countryCode":"MX","state":"Ciudad de México","category":"news","streamUrl":"https://playerservices.streamtheworld.com/api/livestream-redirect/XHFO_FMAAC.aac","codec":"AAC+","bitrate":128,"tags":"88.1 fm, adult contemporary, adult hits, américa, cdmx, ciudad de méxico, classic hits, classics, clásicos, clásicos en inglés"}},{"type":"Feature","geometry":{"type":"Point","coordinates":[1.7811,49.0719]},"properties":{"id":"797a1245-f5b0-4a8c-a450-2d74c3defa6e","name":"RADIO NOVA","country":"France","countryCode":"FR","state":"Paris","category":"music","streamUrl":"https://novazz.ice.infomaniak.ch/novazz-128.mp3","codec":"MP3","bitrate":128,"tags":"electro, hip hop, jazz, new wave, reggae, world music"}},{"type":"Feature","geometry":{"type":"Point","coordinates":[2.9882812500000004,47.94283990095758]},"properties":{"id":"36eba167-5c51-4421-98f0-d2cda24be928","name":"Nrj Hits","country":"France","countryCode":"FR","state":"","category":"music","streamUrl":"https://streaming.nrjaudio.fm/ou7xugf3s5gi?origine=playernrj&aw_0_req.userConsentV2=&aw_0_1st.station=NRJ-Hits","codec":"AAC+","bitrate":128,"tags":"hits"}},{"type":"Feature","geometry":{"type":"Point","coordinates":[12.6711,41.3375]},"properties":{"id":"4d712fdb-596c-495a-80eb-6c0cf2c3e649","name":"NEU RADIO","country":"Italy","countryCode":"IT","state":"Italy","category":"news","streamUrl":"https://nr9.newradio.it/proxy/ebaruffa?mp=/stream","codec":"MP3","bitrate":128,"tags":"afrobeats, alternative, ambient, arts, beats, black, breakbeat, cinema, culture, dub"}},{"type":"Feature","geometry":{"type":"Point","coordinates":[114.4908,22.8505]},"properties":{"id":"7c6d8cee-8c48-4895-b960-8103f6373508","name":"香港普通话台","country":"Hong Kong","countryCode":"HK","state":"Hong Kong","category":"news","streamUrl":"https://rthkradiopth-live.akamaized.net/hls/live/2040082/radiopth/master.m3u8","codec":"AAC","bitrate":70,"tags":"information, news, public radio"}},{"type":"Feature","geometry":{"type":"Point","coordinates":[77.36572265625001,28.63274679922588]},"properties":{"id":"f1d7a979-b94d-4929-a4ca-758901029ecb","name":"Free FM Top 100 India","country":"India","countryCode":"IN","state":"New Delhi","category":"music","streamUrl":"https://stream.zeno.fm/a5h7vfret68uv","codec":"AAC","bitrate":128,"tags":"#freefm, #top100, top 40, top hits, top40"}},{"type":"Feature","geometry":{"type":"Point","coordinates":[-0.31860351562500006,51.481382896100975]},"properties":{"id":"21dbb37d-60a6-4ec2-b5c8-28b46fc2bfea","name":"Happy Hardcore","country":"The United Kingdom Of Great Britain And Northern Ireland","countryCode":"GB","state":"","category":"music","streamUrl":"https://audio-edge-3mayu.fra.h.radiomast.io/73055724-1141-41e2-a69b-24a6ca96c8e7","codec":"MP3","bitrate":256,"tags":"dj mixes, electronic, hardcore, oldskool hardcore"}},{"type":"Feature","geometry":{"type":"Point","coordinates":[20.5583,52.0089]},"properties":{"id":"dfceead0-dc99-4c3c-bce5-b53db7658626","name":"PR TRÓJKA","country":"Poland","countryCode":"PL","state":"Poland","category":"music","streamUrl":"https://stream13.polskieradio.pl/pr3/pr3.sdp/playlist.m3u8","codec":"AAC","bitrate":194,"tags":"public"}},{"type":"Feature","geometry":{"type":"Point","coordinates":[32.3774,39.6141]},"properties":{"id":"1e090517-d381-49f4-bb54-9b18ea649b41","name":"KRAL POP ALTERNATİF 2","country":"Türkiye","countryCode":"TR","state":"Turkey","category":"music","streamUrl":"https://ssldyg.radyotvonline.com/smil/smil:kralpop.smil/playlist.m3u8","codec":"UNKNOWN","bitrate":128,"tags":""}},{"type":"Feature","geometry":{"type":"Point","coordinates":[2.1421,48.3649]},"properties":{"id":"51775b57-e11a-40ef-8894-38b07d80bb73","name":"Europe 1","country":"France","countryCode":"FR","state":"France","category":"music","streamUrl":"https://europe1.lmn.fm/europe1.mp3","codec":"MP3","bitrate":128,"tags":"génaraliste"}},{"type":"Feature","geometry":{"type":"Point","coordinates":[-75.0498,40.4328]},"properties":{"id":"dc7e3511-79b2-41f5-8b1f-a6e8098fcda4","name":"ROCK FM Classic Rock","country":"The United States Of America","countryCode":"US","state":"United States","category":"music","streamUrl":"https://audiotainment-sw.streamabc.net/atsw-classicrock-mp3-128-2538548?","codec":"MP3","bitrate":128,"tags":"hard rock, metal, rock"}},{"type":"Feature","geometry":{"type":"Point","coordinates":[-38.92186400853982,18.812717856407776]},"properties":{"id":"65f5549e-a554-4386-9249-7f9651fd40f6","name":"Schwarzwaldradio","country":"Germany","countryCode":"DE","state":"Baden-Württemberg","category":"music","streamUrl":"https://edge64.streamonkey.net/fho-schwarzwaldradiolive/stream/mp3?aggregator=smk-m3u-mp3","codec":"MP3","bitrate":128,"tags":"60er, 70er, 80er, 90er, oldies, rock"}},{"type":"Feature","geometry":{"type":"Point","coordinates":[13.654156700704457,52.40381637769898]},"properties":{"id":"664e0f96-cdaa-4aa2-a362-1543e2dd2c36","name":"NIUS","country":"Germany","countryCode":"DE","state":"Berlin","category":"news","streamUrl":"http://radio.nius.de/live?ref=radiobrowser","codec":"MP3","bitrate":192,"tags":"2000s, 80s, 90s, hits, news, news talk, news talk music, pop, pop music, talk"}},{"type":"Feature","geometry":{"type":"Point","coordinates":[7.927322387695313,5.0275515138905185]},"properties":{"id":"536669d5-9b8e-4d4d-b462-caf9fdb9ab2a","name":"Afrobeats Gospel Radio","country":"Nigeria","countryCode":"NG","state":"Akwa Ibom State","category":"music","streamUrl":"https://stream.zeno.fm/zyd9stmdlnlvv","codec":"MP3","bitrate":128,"tags":"african, afrobeats, christian, gospel, inspirational"}},{"type":"Feature","geometry":{"type":"Point","coordinates":[26.10282321719695,44.42678192621299]},"properties":{"id":"c4eb7648-e867-4545-bdda-71b1368db779","name":"Atmospheric dnb s0urce","country":"Romania","countryCode":"RO","state":"Bucharest","category":"music","streamUrl":"https://brokenbeats.net/stream/aac","codec":"AAC","bitrate":320,"tags":"drum and bass, jungle"}},{"type":"Feature","geometry":{"type":"Point","coordinates":[0.3944,51.3758]},"properties":{"id":"308d38c6-e8a4-41e9-8ffe-9be2623826a4","name":"BBC Radio 1Xtra (128k)","country":"The United Kingdom Of Great Britain And Northern Ireland","countryCode":"GB","state":"United Kingdom","category":"news","streamUrl":"http://as-hls-ww-live.akamaized.net/pool_92079267/live/ww/bbc_1xtra/bbc_1xtra.isml/bbc_1xtra-audio%3d128000.norewind.m3u8","codec":"UNKNOWN","bitrate":128,"tags":"black music, pop"}},{"type":"Feature","geometry":{"type":"Point","coordinates":[146.42578125000003,-32.97549066584426]},"properties":{"id":"0d9fefee-774a-469c-9610-af4cf2615a38","name":"80s 90s Super Pop Hits","country":"Australia","countryCode":"AU","state":"New South Wales","category":"music","streamUrl":"https://s4.myradiostream.com:7344/listen.mp3?","codec":"AAC+","bitrate":192,"tags":"80s, 90s, hits"}},{"type":"Feature","geometry":{"type":"Point","coordinates":[127.2046,37.0247]},"properties":{"id":"1cc29b79-7be3-11e9-aa30-52543be04c81","name":"SBS Power FM","country":"The Republic Of Korea","countryCode":"KR","state":"Seoul","category":"music","streamUrl":"https://radiolive.sbs.co.kr/powerpc/powerfm.stream/playlist.m3u8?token=eyJ0eXAiOiJKV1QiLCJhbGciOiJIUzI1NiJ9.eyJleHAiOjE3ODk1NzU2MDMsInBhdGgiOiIvcG93ZXJmbS5zdHJlYW0iLCJkdXJhdGlvbiI6LTEsInVubyI6IjFlMjM2MzY3LTRhNTYtNDBiNS1hM2VkLWRhNTY4ZDBiOGE5NyIsImlhdCI6MTc4OTUzMjQwM30.Kac9wlTQL9-rbMKJ-Bso37u2uyu-TuKz_JtO_Vhzuj4","codec":"AAC","bitrate":145,"tags":""}},{"type":"Feature","geometry":{"type":"Point","coordinates":[16.365033,48.243194]},"properties":{"id":"9645d9ca-0601-11e8-ae97-52543be04c81","name":"88.6 Classic Rock","country":"Austria","countryCode":"AT","state":"Vienna","category":"music","streamUrl":"http://radio886.at/streams/88.6_Classic_Rock/mp3","codec":"MP3","bitrate":128,"tags":"classic rock"}},{"type":"Feature","geometry":{"type":"Point","coordinates":[120.2103,23.0108]},"properties":{"id":"43e049f0-c8f5-11e8-a54a-52543be04c81","name":"城市廣播網•台南知音","country":"Taiwan, Republic Of China","countryCode":"TW","state":"Tainan","category":"music","streamUrl":"http://fm971.cityfm.tw:8080/971.mp3","codec":"MP3","bitrate":128,"tags":""}},{"type":"Feature","geometry":{"type":"Point","coordinates":[153.1513,-33.6248]},"properties":{"id":"06faec0e-52eb-11e8-a4d1-52543be04c81","name":"Triple J","country":"Australia","countryCode":"AU","state":"Australia","category":"music","streamUrl":"https://abc.streamguys1.com/live/triplejnsw/icecast.audio","codec":"AAC+","bitrate":56,"tags":""}},{"type":"Feature","geometry":{"type":"Point","coordinates":[126.7713,37.8682]},"properties":{"id":"31675cc2-9b83-48bf-89f0-f3f9ecf3c201","name":"올드팝카페","country":"The Republic Of Korea","countryCode":"KR","state":"Seoul","category":"music","streamUrl":"http://cast.oldpopcafe.net:7080/","codec":"MP3","bitrate":128,"tags":"oldies, oldies 50's/60's, pop music, popular music"}},{"type":"Feature","geometry":{"type":"Point","coordinates":[2.8711,49.0896]},"properties":{"id":"a70cdc64-9a33-4432-91a1-957beb5ac6e7","name":"Rire et Chansons","country":"France","countryCode":"FR","state":"France","category":"music","streamUrl":"https://streaming.nrjaudio.fm/ou8o8xgk7oiu?origine=fluxradios","codec":"MP3","bitrate":128,"tags":""}},{"type":"Feature","geometry":{"type":"Point","coordinates":[18.1743,59.4919]},"properties":{"id":"50d2c7dd-dec7-4169-84a1-a2f1614278ad","name":"Rix FM","country":"Sweden","countryCode":"SE","state":"Sweden","category":"music","streamUrl":"http://fm01-ice.stream.khz.se/fm01_mp3","codec":"MP3","bitrate":128,"tags":""}},{"type":"Feature","geometry":{"type":"Point","coordinates":[140.0126,35.9536]},"properties":{"id":"1909f412-f4d4-4edd-9ea2-50a288183ba0","name":"Ottava","country":"Japan","countryCode":"JP","state":"Tokyo","category":"music","streamUrl":"http://ottava2.out.airtime.pro:8000/ottava2_a","codec":"MP3","bitrate":128,"tags":"classical"}},{"type":"Feature","geometry":{"type":"Point","coordinates":[-79.3957981974148,43.64048937803188]},"properties":{"id":"89b63085-db05-4c2b-86a4-ee2f17ed2018","name":"# 100 GREATEST CLASSICAL MUSIC","country":"Canada","countryCode":"CA","state":"Ontario","category":"news","streamUrl":"https://az1.mediacp.eu/listen/100greatestclassicalmusic/radio.mp3","codec":"MP3","bitrate":128,"tags":"baroque, chamber, chamber music, classical, classical baroque, classical music, classical piano, community radio, entertainment, fm"}},{"type":"Feature","geometry":{"type":"Point","coordinates":[32.9006,39.785]},"properties":{"id":"dd307ed2-052d-4373-85c6-24f15f96d89c","name":"Power FM Türkiye","country":"Türkiye","countryCode":"TR","state":"Turkey","category":"music","streamUrl":"https://listen.powerapp.com.tr/powerfm/256/chunks.m3u8","codec":"UNKNOWN","bitrate":128,"tags":""}},{"type":"Feature","geometry":{"type":"Point","coordinates":[13.6612,51.952]},"properties":{"id":"96f98cbd-3287-4a19-ac5d-b06c7982f8ba","name":"SWR 3 (128 kbits mp3)","country":"Germany","countryCode":"DE","state":"Baden-Württemberg","category":"music","streamUrl":"https://liveradio.swr.de/sw282p3/swr3/play.mp3","codec":"MP3","bitrate":128,"tags":"80s, 90s, pop, pop music, pop rock"}},{"type":"Feature","geometry":{"type":"Point","coordinates":[-79.40613684618643,43.660752153845344]},"properties":{"id":"7cecc2a0-6167-49fa-aad5-abcfec674430","name":"100 BEST IBIZA DEEP HOUSE","country":"Canada","countryCode":"CA","state":"Ontario","category":"music","streamUrl":"https://stream.zeno.fm/lwv6zqgtv1dtv","codec":"MP3","bitrate":128,"tags":"club dance, community radio, dance music, deep house, deephouse, electronic, electronic dance music, fm, high quality audio, hits"}},{"type":"Feature","geometry":{"type":"Point","coordinates":[139.7686,36.2216]},"properties":{"id":"b641d7ab-4548-426f-92ba-c0b65bff204d","name":"Free FM Tokyo","country":"Japan","countryCode":"JP","state":"tokyo","category":"music","streamUrl":"https://rocafmadrid.radioca.st/stream","codec":"MP3","bitrate":320,"tags":"1980s, 2000s, 80's, 80s rock, 90's, rock"}},{"type":"Feature","geometry":{"type":"Point","coordinates":[121.4923,25.039]},"properties":{"id":"44b20dae-1bbe-48d1-9f79-3c1f5396ef90","name":"正聲廣播公司","country":"Taiwan, Republic Of China","countryCode":"TW","state":"Taipei","category":"music","streamUrl":"https://flv.ccdntech.com/live/_definst_/mp4:vod117_Live/live1/playlist.m3u8","codec":"AAC","bitrate":66,"tags":"104.1, 104.1 fm, public radio"}},{"type":"Feature","geometry":{"type":"Point","coordinates":[2.2645542025566106,48.84586945997229]},"properties":{"id":"d39ab442-6c34-4097-afd0-e298ac21e50c","name":"Nostalgie HQ","country":"France","countryCode":"FR","state":"","category":"music","streamUrl":"https://streaming.nrjaudio.fm/oua8a3w2dqao?origine=playernostalgie&aw_0_req.userConsentV2=&aw_0_1st.station=","codec":"AAC","bitrate":320,"tags":""}},{"type":"Feature","geometry":{"type":"Point","coordinates":[77.8083,28.6477]},"properties":{"id":"15812c43-c571-4770-9065-b64b4d5338d1","name":"Red Fm","country":"India","countryCode":"IN","state":"India","category":"music","streamUrl":"https://funasia.streamguys1.com/live9","codec":"AAC","bitrate":320,"tags":"music"}},{"type":"Feature","geometry":{"type":"Point","coordinates":[13.34703019410145,41.35825713137815]},"properties":{"id":"5532c4d9-616e-4d62-a49f-984a13e3189c","name":"50s 60s RETRO HITS","country":"Italy","countryCode":"IT","state":"Lazio","category":"news","streamUrl":"https://stream.zeno.fm/pxzwykxbluitv","codec":"MP3","bitrate":128,"tags":"50s, 60s, classic hits, classic rock, community radio, fm, hits, music, news, oldies"}},{"type":"Feature","geometry":{"type":"Point","coordinates":[31.036376953125004,-17.879104644368155]},"properties":{"id":"977de2cd-f415-4085-82fe-f6b0c67f4d38","name":"Star FM 89.7","country":"Zimbabwe","countryCode":"ZW","state":"Harare","category":"music","streamUrl":"https://edge.iono.fm/xice/159_medium.aac","codec":"AAC","bitrate":128,"tags":""}},{"type":"Feature","geometry":{"type":"Point","coordinates":[5.4841,51.9917]},"properties":{"id":"6add27d4-5573-47b4-ae27-1d05834a9a4a","name":"JOE","country":"The Netherlands","countryCode":"NL","state":"Netherlands","category":"music","streamUrl":"https://stream.joe.nl/joe/aachigh","codec":"AAC+","bitrate":96,"tags":""}},{"type":"Feature","geometry":{"type":"Point","coordinates":[100.0125,13.8901]},"properties":{"id":"d8f5ee23-374a-42a3-8ba2-cb96450b27af","name":"Top News (Live1 - Low 240p)","country":"Thailand","countryCode":"TH","state":"Samut Prakan","category":"news","streamUrl":"https://live.topnews.co.th/hls/topnews_a_240.m3u8","codec":"UNKNOWN","bitrate":128,"tags":"hls video, news, political, politics, politics & current affairs, tv"}},{"type":"Feature","geometry":{"type":"Point","coordinates":[-3.781,40.5128]},"properties":{"id":"d8b6ba19-f431-471e-9598-94f42af0d3ac","name":"RNE Radio 3","country":"Spain","countryCode":"ES","state":"Spain","category":"music","streamUrl":"https://rtvelivestream.rtve.es/rtvesec/rne/rne_r3_main.m3u8","codec":"UNKNOWN","bitrate":128,"tags":"indie, indie pop, indie rock, jazz, pop, rock, various"}},{"type":"Feature","geometry":{"type":"Point","coordinates":[104.1439,1.2818]},"properties":{"id":"7d166dec-8dbf-46e6-8449-c12466c1c0f4","name":"Channel News Asia TV","country":"Singapore","countryCode":"SG","state":"Singapore","category":"news","streamUrl":"http://d2e1asnsl7br7b.cloudfront.net/7782e205e72f43aeb4a48ec97f66ebbe/index_5.m3u8","codec":"UNKNOWN","bitrate":128,"tags":""}},{"type":"Feature","geometry":{"type":"Point","coordinates":[5.2771,52.5097]},"properties":{"id":"0adb24fb-a2fe-4a9b-97a4-bc82dfb1820c","name":"jungletrain.net - 24/7 drum and bass","country":"The Netherlands","countryCode":"NL","state":"Netherlands","category":"music","streamUrl":"https://chat.jungletrain.net/streamtest/;stream/1","codec":"MP3","bitrate":256,"tags":""}},{"type":"Feature","geometry":{"type":"Point","coordinates":[125.826416015625,38.86991912631935]},"properties":{"id":"2d8ae9e8-d207-44fe-8a35-196388626837","name":"Pyongyang Radio FM","country":"The Democratic Peoples Republic Of Korea","countryCode":"KP","state":"Pyongyang","category":"news","streamUrl":"https://listen7.myradio24.com/69366","codec":"MP3","bitrate":128,"tags":"news music"}},{"type":"Feature","geometry":{"type":"Point","coordinates":[1.9836,49.4426]},"properties":{"id":"88496158-90c1-411f-9a3b-719397a8dcca","name":"Radio Nostalgie France","country":"France","countryCode":"FR","state":"France","category":"music","streamUrl":"https://streaming.nrjaudio.fm/oug7girb92oc?origine=tingfm","codec":"MP3","bitrate":128,"tags":""}},{"type":"Feature","geometry":{"type":"Point","coordinates":[4.917610287666321,52.348556083081114]},"properties":{"id":"da5d71d1-d8cc-4301-9f86-b6abaa1201bd","name":"BNR Nieuwsradio","country":"The Netherlands","countryCode":"NL","state":"","category":"news","streamUrl":"https://stream.bnr.nl/bnr_mp3_128_20","codec":"MP3","bitrate":128,"tags":"business, news, talk"}},{"type":"Feature","geometry":{"type":"Point","coordinates":[121.10383722375624,13.878365168137464]},"properties":{"id":"3702ba9c-e1fa-446e-9afe-dfdd1d16b42e","name":"Clubmix","country":"The Philippines","countryCode":"PH","state":"","category":"music","streamUrl":"https://stream.zeno.fm/vztn8ux96zhvv","codec":"MP3","bitrate":128,"tags":"club, dance, disco, electronic, party"}},{"type":"Feature","geometry":{"type":"Point","coordinates":[100.0222,13.9511]},"properties":{"id":"c67db859-7714-453c-95bd-d2d271939507","name":"Bluewave 97","country":"Thailand","countryCode":"TH","state":"Thailand","category":"music","streamUrl":"https://80sv2.hostpleng.com/?url=http://112.121.151.133:8109/stream","codec":"MP3","bitrate":128,"tags":"music"}},{"type":"Feature","geometry":{"type":"Point","coordinates":[0.1439,51.5418]},"properties":{"id":"9f5d0645-ae1e-4e9f-9b2f-91fa63d5b1fa","name":"talkSPORT","country":"The United Kingdom Of Great Britain And Northern Ireland","countryCode":"GB","state":"United Kingdom","category":"news","streamUrl":"https://radio.talksport.com/stream","codec":"AAC","bitrate":63,"tags":"news"}},{"type":"Feature","geometry":{"type":"Point","coordinates":[4.8944,51.9326]},"properties":{"id":"0e65ad7a-b179-4b5d-994b-d351349ee955","name":"Radio Veronica","country":"The Netherlands","countryCode":"NL","state":"Netherlands","category":"music","streamUrl":"http://playerservices.streamtheworld.com/api/livestream-redirect/VERONICAAAC.aac","codec":"AAC+","bitrate":64,"tags":""}},{"type":"Feature","geometry":{"type":"Point","coordinates":[-79.65087890625,43.85879188670806]},"properties":{"id":"34a15ee8-a71b-4004-8fce-83650b46af66","name":"100% ACID JAZZ","country":"Canada","countryCode":"CA","state":" Ontario","category":"music","streamUrl":"https://mpc1.mediacp.eu:8356/stream","codec":"MP3","bitrate":128,"tags":"acid, acid jazz, ambient, canada, classic jazz, free jazz, hip hop, instrumental music, instrumentales, jazz"}},{"type":"Feature","geometry":{"type":"Point","coordinates":[113.9302,22.025]},"properties":{"id":"adb40af2-1bfe-4d43-8122-08b7e0b799a1","name":"RTHK Radio 2","country":"Hong Kong","countryCode":"HK","state":"Hong Kong","category":"music","streamUrl":"https://rthkradio2-live.akamaized.net/hls/live/2040078/radio2/index_64_a.m3u8","codec":"UNKNOWN","bitrate":128,"tags":"94.8, 94.8 fm, entertainment"}},{"type":"Feature","geometry":{"type":"Point","coordinates":[-0.12907326221466067,51.51017744729552]},"properties":{"id":"b87ddc6a-b153-4275-94dc-18cb612138d6","name":"Radio X 90s","country":"The United Kingdom Of Great Britain And Northern Ireland","countryCode":"GB","state":"London, England","category":"music","streamUrl":"http://media-ice.musicradio.com/RadioX90sMP3","codec":"MP3","bitrate":128,"tags":"alternative, alternative rock, global, indie, indie rock, rock"}},{"type":"Feature","geometry":{"type":"Point","coordinates":[120.9793,15.1692]},"properties":{"id":"051ee815-6240-4410-8d3c-18ce449b8a93","name":"FM Radio Manila","country":"The Philippines","countryCode":"PH","state":"Philippines","category":"music","streamUrl":"http://209.126.124.126:8872/stream","codec":"AAC+","bitrate":64,"tags":""}},{"type":"Feature","geometry":{"type":"Point","coordinates":[28.2756,-25.6092]},"properties":{"id":"0c5a3d4f-ecd6-430e-bcf4-f51ff1b13d1c","name":"Talk Radio 702","country":"South Africa","countryCode":"ZA","state":"South Africa","category":"talk","streamUrl":"https://playerservices.streamtheworld.com/api/livestream-redirect/FM702_192AAC.aac","codec":"AAC+","bitrate":192,"tags":""}},{"type":"Feature","geometry":{"type":"Point","coordinates":[120.7279,14.6162]},"properties":{"id":"ead8fbed-3f80-416b-943c-ff3e66ad3314","name":"DWIZ 882 Manila","country":"The Philippines","countryCode":"PH","state":"Philippines","category":"music","streamUrl":"http://142.44.212.114:9079/stream","codec":"AAC+","bitrate":56,"tags":""}},{"type":"Feature","geometry":{"type":"Point","coordinates":[103.9036,0.851]},"properties":{"id":"19fb2bc2-0b7f-11e9-a80b-52543be04c81","name":"Oli 968 Radio","country":"Singapore","countryCode":"SG","state":"Singapore","category":"music","streamUrl":"http://playerservices.streamtheworld.com/api/livestream-redirect/OLI968FMAAC.aac","codec":"AAC+","bitrate":48,"tags":""}},{"type":"Feature","geometry":{"type":"Point","coordinates":[174.9747,-40.8526]},"properties":{"id":"92ff577b-9ab5-49c6-b6c9-d7fe93495607","name":"Sleep Radio","country":"New Zealand","countryCode":"NZ","state":"New Zealand","category":"music","streamUrl":"http://65.109.81.84:9851/stream","codec":"MP3","bitrate":128,"tags":"ambient, meditation, new age, relax, sleep"}},{"type":"Feature","geometry":{"type":"Point","coordinates":[-77.7406,38.165]},"properties":{"id":"bbd2fa5a-0b6c-4833-81b4-ca69acb8f264","name":"Hip Hop Workout Radio","country":"The United States Of America","countryCode":"US","state":"United States","category":"music","streamUrl":"https://stream.revma.ihrhls.com/zc7785","codec":"AAC","bitrate":128,"tags":""}},{"type":"Feature","geometry":{"type":"Point","coordinates":[-45.4355,-22.6094]},"properties":{"id":"c7d6315c-3bcd-40f6-a1b5-4bc1c8efecee","name":"Tropical Smooth Jazz","country":"Brazil","countryCode":"BR","state":"Brazil","category":"music","streamUrl":"https://servidor32-3.brlogic.com:8230/live","codec":"MP3","bitrate":128,"tags":"jazz, smooth jazz, suave"}},{"type":"Feature","geometry":{"type":"Point","coordinates":[8.0293,47.2376]},"properties":{"id":"be0048b7-70c2-4cc1-85dc-e6d0e00bba83","name":"Radio SRF 3","country":"Switzerland","countryCode":"CH","state":"Switzerland","category":"music","streamUrl":"https://stream.srg-ssr.ch/m/drs3/aacp_32","codec":"AAC","bitrate":88,"tags":"entertainment, pop, rock"}},{"type":"Feature","geometry":{"type":"Point","coordinates":[106.7235233859312,-6.218551906221569]},"properties":{"id":"8dd6a16d-f994-455f-8f6a-a285f07abebd","name":"Elshinta FM Jakarta","country":"Indonesia","countryCode":"ID","state":"Jakarta","category":"news","streamUrl":"https://stream-ssl.arenastreaming.com:8000/jakarta","codec":"MP3","bitrate":64,"tags":"news"}},{"type":"Feature","geometry":{"type":"Point","coordinates":[20.6692,52.5901]},"properties":{"id":"b6be7550-8e04-42c3-8641-126c08eab71c","name":"Radio Pogoda","country":"Poland","countryCode":"PL","state":"Poland","category":"music","streamUrl":"https://radiostream.pl/tuba140-1.mp3","codec":"MP3","bitrate":128,"tags":""}},{"type":"Feature","geometry":{"type":"Point","coordinates":[121.5047,14.9759]},"properties":{"id":"32e1b2c1-5e76-47cc-abc7-002fa205bf86","name":"Brigada News FM Cebu","country":"The Philippines","countryCode":"PH","state":"Philippines","category":"news","streamUrl":"http://18.141.67.248:8026/stream/1/","codec":"MP3","bitrate":128,"tags":""}},{"type":"Feature","geometry":{"type":"Point","coordinates":[-0.0449,51.4877]},"properties":{"id":"f4da4a3a-e71f-4634-afce-4d3f8555f3b1","name":"Classic FM (UK)","country":"The United Kingdom Of Great Britain And Northern Ireland","countryCode":"GB","state":"United Kingdom","category":"music","streamUrl":"http://media-ice.musicradio.com/ClassicFMMP3","codec":"MP3","bitrate":128,"tags":"classical"}},{"type":"Feature","geometry":{"type":"Point","coordinates":[-80.28144478797913,25.78319859594811]},"properties":{"id":"fc1d4165-28ef-465e-96e9-77f0b24b5361","name":"Radio Motown","country":"The United States Of America","countryCode":"US","state":"Florida","category":"music","streamUrl":"https://broadcast.miami/proxy/motown?mp=/stream/;","codec":"MP3","bitrate":320,"tags":"disco, funk, soul"}},{"type":"Feature","geometry":{"type":"Point","coordinates":[-8.002973584940053,12.645296283722566]},"properties":{"id":"880cb524-8432-48d0-adf3-be96949c0171","name":"Radio Kledu","country":"Mali","countryCode":"ML","state":"","category":"talk","streamUrl":"https://stream.zeno.fm/f38bxpt3v2quv","codec":"MP3","bitrate":128,"tags":"african, bamako, culture, music"}},{"type":"Feature","geometry":{"type":"Point","coordinates":[-79.16748046875001,43.82709671571044]},"properties":{"id":"a2b92b15-ce28-4007-a756-b431abeb1059","name":"A MISSISSIPPI BLUES","country":"Canada","countryCode":"CA","state":"","category":"music","streamUrl":"https://cast1.torontocast.com:4450/;?type=http&nocache=1745625391","codec":"MP3","bitrate":320,"tags":"blues, bluesrock, canada, country, delta blues, guitar, guitarist, jazz, mississippi, rock"}},{"type":"Feature","geometry":{"type":"Point","coordinates":[0.3988,51.3318]},"properties":{"id":"19621204-3051-48ea-ba58-1de4e02d034f","name":"BBC Radio 4","country":"The United Kingdom Of Great Britain And Northern Ireland","countryCode":"GB","state":"United Kingdom","category":"news","streamUrl":"http://as-hls-ww-live.akamaized.net/pool_55057080/live/ww/bbc_radio_fourfm/bbc_radio_fourfm.isml/bbc_radio_fourfm-audio=320000.norewind.m3u8","codec":"UNKNOWN","bitrate":128,"tags":"comedy, drama, news, talk"}},{"type":"Feature","geometry":{"type":"Point","coordinates":[24.5372,60.7404]},"properties":{"id":"c3a2ea0a-85ee-4b98-81fd-b75169da9ebd","name":"Yle Radio1HIFI 256 Kb/s","country":"Finland","countryCode":"FI","state":"Finland","category":"music","streamUrl":"http://icecast.live.yle.fi/radio/YleRadio1Hifi/icecast.audio","codec":"AAC+","bitrate":128,"tags":"classical"}},{"type":"Feature","geometry":{"type":"Point","coordinates":[13.245,52.3466]},"properties":{"id":"87907038-dea4-49f2-ab4f-dc9cf76fd885","name":"NDR 2 - Niedersachsen","country":"Germany","countryCode":"DE","state":"Hamburg","category":"music","streamUrl":"http://icecast.ndr.de/ndr/ndr2/niedersachsen/mp3/128/stream.mp3","codec":"MP3","bitrate":128,"tags":""}},{"type":"Feature","geometry":{"type":"Point","coordinates":[27.6079,-25.6294]},"properties":{"id":"1680e92f-c3b2-451c-9d76-f1a9708daecb","name":"Radio Sonder Grense","country":"South Africa","countryCode":"ZA","state":"Gauteng","category":"music","streamUrl":"http://25583.live.streamtheworld.com/RSGAAC.aac?dist=triton-widget&tdsdk=js-2.9&swm=false&pname=tdwidgets&pversion=2.9&banners=none&burst-time=15&sbmid=9395327b-94a6-4c64-fe05-7f9179443574","codec":"AAC+","bitrate":48,"tags":""}},{"type":"Feature","geometry":{"type":"Point","coordinates":[139.4223,35.4398]},"properties":{"id":"37d1f4fb-0812-432d-af30-e91ca28ae05c","name":"Big B Radio - Jpop","country":"Japan","countryCode":"JP","state":"Japan","category":"music","streamUrl":"https://antares.dribbcast.com/proxy/jpop?mp=/s","codec":"MP3","bitrate":192,"tags":"music, pop"}},{"type":"Feature","geometry":{"type":"Point","coordinates":[-0.4726,51.1615]},"properties":{"id":"29dc48c6-adf5-49bf-a9d7-dfde3e9cfc6d","name":"UK Bass Radio","country":"The United Kingdom Of Great Britain And Northern Ireland","countryCode":"GB","state":"United Kingdom","category":"music","streamUrl":"https://www.ukbassradio.com/stream","codec":"MP3","bitrate":192,"tags":"breakbeat hardcore, drum and bass, drumfunk, dubstep, garage, hardcore, house, jump-up, jungle, liquid funk"}},{"type":"Feature","geometry":{"type":"Point","coordinates":[18.017578125000004,59.29506419340261]},"properties":{"id":"2f869fa1-9f35-4ab3-a417-e8cef6880f48","name":"Lugna Favoriter Stockholm","country":"Sweden","countryCode":"SE","state":"","category":"music","streamUrl":"http://fm03-ice.stream.khz.se/fm03_mp3?","codec":"MP3","bitrate":128,"tags":"pop, romantic"}},{"type":"Feature","geometry":{"type":"Point","coordinates":[-47.002883989980795,-21.465943931446965]},"properties":{"id":"7f1cf5bb-bbea-4d51-b98d-9b024d595043","name":"Rádio Stereo Mix","country":"Brazil","countryCode":"BR","state":"São Paulo","category":"music","streamUrl":"https://servidor24.brlogic.com:7134/live","codec":"AAC+","bitrate":64,"tags":"flashback"}},{"type":"Feature","geometry":{"type":"Point","coordinates":[33.0859,39.7547]},"properties":{"id":"acab9839-3b93-4a7c-a259-298a25e19979","name":"FENOMEN TÜRK","country":"Türkiye","countryCode":"TR","state":"Turkey","category":"music","streamUrl":"https://live.radyofenomen.com/fenomenturk/abr/fenomenturk/256/chunks.m3u8","codec":"UNKNOWN","bitrate":128,"tags":""}},{"type":"Feature","geometry":{"type":"Point","coordinates":[12.2647,41.6201]},"properties":{"id":"30494962-3178-42e2-9b3e-60aa397f83d9","name":"Radio RaiSport","country":"Italy","countryCode":"IT","state":"Fe","category":"music","streamUrl":"https://icecdn-19d24861e90342cc8decb03c24c8a419.msvdn.net/icecastRelay/S74167340/mmNY37FME5Zl/icecast","codec":"MP3","bitrate":256,"tags":""}},{"type":"Feature","geometry":{"type":"Point","coordinates":[125.75843937648436,39.03650652220644]},"properties":{"id":"9cc87217-fc59-4335-a7d7-050407527f9a","name":"Voice of Korea","country":"The Democratic Peoples Republic Of Korea","countryCode":"KP","state":"","category":"news","streamUrl":"https://listen7.myradio24.com/69366","codec":"MP3","bitrate":128,"tags":"music, news"}},{"type":"Feature","geometry":{"type":"Point","coordinates":[-0.1539,52.0952]},"properties":{"id":"2babf29a-811c-4a51-93c3-9f3531ef2e97","name":"Classic FM Calm","country":"The United Kingdom Of Great Britain And Northern Ireland","countryCode":"GB","state":"United Kingdom","category":"music","streamUrl":"https://media-ice.musicradio.com/ClassicFMCalmMP3","codec":"MP3","bitrate":128,"tags":"classical, romantic"}},{"type":"Feature","geometry":{"type":"Point","coordinates":[-47.6676,-21.7954]},"properties":{"id":"1a198419-3083-4cd0-a8fe-42fef3f488e1","name":"MGT GOSPEL","country":"Brazil","countryCode":"BR","state":"Brasil","category":"music","streamUrl":"https://cast.mgtradio.net/radio/8040/aac","codec":"AAC+","bitrate":64,"tags":"brasil, cristã, gospel, jesus"}},{"type":"Feature","geometry":{"type":"Point","coordinates":[-74.00528132912768,40.72671672709429]},"properties":{"id":"30928802-8f3b-4083-94ee-7cb3c6c41790","name":"WQXR 105.9 FM","country":"The United States Of America","countryCode":"US","state":"New York","category":"music","streamUrl":"https://stream.wqxr.org/wqxr-web?nyprBrowserId=32c67956bf1d5600","codec":"MP3","bitrate":128,"tags":"classical, new york city, new york public radio"}},{"type":"Feature","geometry":{"type":"Point","coordinates":[-5.995470719346408,37.39296391002509]},"properties":{"id":"09f4d466-1ab2-4b61-a180-96409adc5d80","name":"COPE + Sevilla","country":"Spain","countryCode":"ES","state":"Andalucía","category":"news","streamUrl":"http://wecast09-h-cloud.flumotion.com/copesedes/sevilla-mas.mp3","codec":"MP3","bitrate":96,"tags":"local news"}},{"type":"Feature","geometry":{"type":"Point","coordinates":[139.3954,35.2947]},"properties":{"id":"da391117-93a3-4f25-8dc3-c8aa604dde6a","name":"Súper Tokio Radio","country":"Japan","countryCode":"JP","state":"Japan","category":"music","streamUrl":"https://streamer.radio.co/s83eb8ff39/listen","codec":"MP3","bitrate":128,"tags":"international"}},{"type":"Feature","geometry":{"type":"Point","coordinates":[24.4014,60.4002]},"properties":{"id":"960c6812-0601-11e8-ae97-52543be04c81","name":"Sveriges Radio - SR Sisuradio","country":"Finland","countryCode":"FI","state":"Finland","category":"news","streamUrl":"https://live1.sr.se/finska-aac-320","codec":"AAC","bitrate":288,"tags":"finnish, music, news, public radio, sveriges radio"}},{"type":"Feature","geometry":{"type":"Point","coordinates":[121.0098,14.8118]},"properties":{"id":"cbcc86da-c968-427d-9777-1596b3f499d5","name":"96.3 WRocK CEBU","country":"The Philippines","countryCode":"PH","state":"Philippines","category":"music","streamUrl":"http://136.243.44.41:8010/stream","codec":"MP3","bitrate":80,"tags":""}},{"type":"Feature","geometry":{"type":"Point","coordinates":[30.482822656631473,50.4830296035931]},"properties":{"id":"0a010e69-30ae-4b26-a3a8-b57b105d16ca","name":"106.5 Kiss FM","country":"Ukraine","countryCode":"UA","state":"Kyiv","category":"music","streamUrl":"https://online.kissfm.ua/KissFM_HD","codec":"MP3","bitrate":320,"tags":"dance, electronic"}},{"type":"Feature","geometry":{"type":"Point","coordinates":[120.656,24.1406]},"properties":{"id":"4527d225-da4e-4bf1-be75-15a272cd4d49","name":"台中廣播","country":"Taiwan, Republic Of China","countryCode":"TW","state":"Taichung","category":"music","streamUrl":"http://211.20.119.101:8081/","codec":"MP3","bitrate":128,"tags":"public radio"}},{"type":"Feature","geometry":{"type":"Point","coordinates":[-77.4412,46.1197]},"properties":{"id":"a2fa1a45-616d-48cd-8fe2-a866b205c4f8","name":"80s New Wave Radio","country":"Canada","countryCode":"CA","state":"Canada","category":"music","streamUrl":"https://puma.streemlion.com:2910/stream","codec":"MP3","bitrate":192,"tags":""}},{"type":"Feature","geometry":{"type":"Point","coordinates":[104.2023,1.5875]},"properties":{"id":"5027e04c-0b7a-11e9-a80b-52543be04c81","name":"Symphony 924 Radio","country":"Singapore","countryCode":"SG","state":"Singapore","category":"music","streamUrl":"http://playerservices.streamtheworld.com/api/livestream-redirect/SYMPHONY924AAC.aac","codec":"AAC+","bitrate":48,"tags":""}},{"type":"Feature","geometry":{"type":"Point","coordinates":[77.6736,28.311]},"properties":{"id":"b2c2858a-a8d2-447a-a7ab-4092d0485825","name":"Radio Mirchi Masti","country":"India","countryCode":"IN","state":"India","category":"music","streamUrl":"http://162.244.80.118:9460/stream.mp3","codec":"MP3","bitrate":64,"tags":"music"}},{"type":"Feature","geometry":{"type":"Point","coordinates":[2.256448566913605,48.84262858271123]},"properties":{"id":"aeee1931-d6a2-4ac5-9212-dec8fb4bb4c0","name":"Radio Courtoisie","country":"France","countryCode":"FR","state":"","category":"talk","streamUrl":"https://ice.creacast.com/radio-courtoisie","codec":"MP3","bitrate":128,"tags":"catholic, classical music, conservative talk, culture, french chansons"}},{"type":"Feature","geometry":{"type":"Point","coordinates":[114.5276,21.8352]},"properties":{"id":"2da259ce-c76a-4996-8a89-23f200f6ac1c","name":"RTHK radio 2","country":"Hong Kong","countryCode":"HK","state":"Hong Kong","category":"news","streamUrl":"https://rthkaudio2-lh.akamaihd.net/i/radio2_1@355865/index_56_a-p.m3u8","codec":"AAC","bitrate":70,"tags":"entertainment, information"}},{"type":"Feature","geometry":{"type":"Point","coordinates":[121.455,14.5554]},"properties":{"id":"1da0b790-aa59-44c5-93d7-55a80b953c9b","name":"97.9 Home Radio Manila","country":"The Philippines","countryCode":"PH","state":"Philippines","category":"music","streamUrl":"http://142.44.212.114:9071/stream","codec":"AAC+","bitrate":24,"tags":""}},{"type":"Feature","geometry":{"type":"Point","coordinates":[27.5955,-25.7606]},"properties":{"id":"4521215b-50ff-4d08-89a6-a023619001c2","name":"Jacaranda FM","country":"South Africa","countryCode":"ZA","state":"South Africa","category":"music","streamUrl":"https://edge.iono.fm/xice/jacarandafm_live_medium.mp3","codec":"MP3","bitrate":128,"tags":""}},{"type":"Feature","geometry":{"type":"Point","coordinates":[106.2721,-6.2928]},"properties":{"id":"af81b287-3e1a-4c5a-961e-2fab51d98763","name":"RRI PRO 3","country":"Indonesia","countryCode":"ID","state":"Indonesia","category":"music","streamUrl":"https://stream-node0.rri.co.id/streaming/14/9014/kbrn.mp3","codec":"AAC+","bitrate":128,"tags":""}},{"type":"Feature","geometry":{"type":"Point","coordinates":[4.402635790952025,50.85325707417748]},"properties":{"id":"550f4b47-a545-4b1d-8c08-3b520c4db329","name":"Studio Brussel","country":"Belgium","countryCode":"BE","state":"Brussels","category":"music","streamUrl":"http://icecast.vrtcdn.be/stubru-high.mp3","codec":"MP3","bitrate":128,"tags":"alternative, pop, rock, vrt"}},{"type":"Feature","geometry":{"type":"Point","coordinates":[126.7908,37.4062]},"properties":{"id":"5cfee8db-7be2-11e9-aa30-52543be04c81","name":"KBS Cool FM","country":"The Republic Of Korea","countryCode":"KR","state":"Seoul","category":"music","streamUrl":"https://2fm-ad.gscdn.kbs.co.kr/2fm_ad_192_1.m3u8?Policy=eyJTdGF0ZW1lbnQiOlt7IlJlc291cmNlIjoiaHR0cHM6Ly8yZm0tYWQuZ3NjZG4ua2JzLmNvLmtyLyoiLCJDb25kaXRpb24iOnsiRGF0ZUxlc3NUaGFuIjp7IkFXUzpFcG9jaFRpbWUiOjE3ODk3MTgzOTJ9fX1dfQ__&Key-Pair-Id=APKAICDSGT3Y7IXGJ3TA&Signature=WRVLN7AjYH721v~azo~M51VpofsAKmXZooqcAZjGLti~KBzQbUpR254tdczm8YT9aYyE~8cheCIBjt968Q13xeLyBxx8t93MzvvBrgNFrppP5o-UdrHtSNKN4ytqSRrYRJSx99-u6MkggqnupFSXwmOigkG7GW0CsWgLLKncRUqvmLZDEeTvO20gARtssF3eHblio1wJ0G2NSwoVdHpGTaR6DOiKe~TF2der6sICUW-xu1KkHCVYg0ACIqFifQNpr24vSMoXvicxKjhJlXz96FLIOL1Swq1IKPVDjJpNLRaw1AhtL73aFELq1aAzkkymPsk7U6od2QvGljeDLzhOvw__","codec":"UNKNOWN","bitrate":128,"tags":""}},{"type":"Feature","geometry":{"type":"Point","coordinates":[35.87960958480836,31.998182513109327]},"properties":{"id":"f11a1158-1ee0-4772-bcb0-110522be1e18","name":"Hayat FM","country":"Jordan","countryCode":"JO","state":"","category":"news","streamUrl":"https://dc1.serverse.com/proxy/kjxwtpdt/stream","codec":"AAC+","bitrate":64,"tags":"civil, hashemite, jordan, kingdom, nation, national, news, quran, social, talk"}},{"type":"Feature","geometry":{"type":"Point","coordinates":[139.836,35.7932]},"properties":{"id":"04d1eabe-f19d-11e8-a471-52543be04c81","name":"Moon Mission Recordings","country":"Japan","countryCode":"JP","state":"Japan","category":"music","streamUrl":"http://uk5.internet-radio.com:8306/","codec":"MP3","bitrate":128,"tags":"deep house, techno"}},{"type":"Feature","geometry":{"type":"Point","coordinates":[13.0488,52.0986]},"properties":{"id":"40532b34-f6a4-4009-b023-4110b8e7393f","name":"kontrafunk","country":"Germany","countryCode":"DE","state":"Germany","category":"news","streamUrl":"https://icecast.multhielemedia.de/listen/kontrafunk/radio.mp3","codec":"MP3","bitrate":192,"tags":"information, news, news talk, talk radio"}},{"type":"Feature","geometry":{"type":"Point","coordinates":[-79.23339843750001,43.3101903843356]},"properties":{"id":"f98c7b97-e67c-4aea-b91c-b08ffcef8343","name":"SMOOTH JAZZ DELUXE","country":"Canada","countryCode":"CA","state":"","category":"music","streamUrl":"https://cast1.torontocast.com:4490/;?type=http&nocache=1745925758","codec":"MP3","bitrate":320,"tags":"acid jazz, canada, fusion jazz, guirar, instrumental, jazz, lounge, sax, sensual, smooth jazz"}},{"type":"Feature","geometry":{"type":"Point","coordinates":[10.462401226998631,61.120930879735546]},"properties":{"id":"8ea65019-e270-4737-868c-b4fc754cb4f1","name":"P4 Norge (AAC HQ)","country":"Norway","countryCode":"NO","state":"Innlandet","category":"news","streamUrl":"https://p4.p4groupaudio.com/P04_AH","codec":"AAC","bitrate":191,"tags":"p4, hits, music, pop, news"}},{"type":"Feature","geometry":{"type":"Point","coordinates":[13.0425,41.6287]},"properties":{"id":"d829242c-3412-44ac-9026-a00128d935bc","name":"Radio Dancefloor 90s","country":"Italy","countryCode":"IT","state":"Lombardia","category":"music","streamUrl":"http://streaming.radiodancefloor.it:443/","codec":"MP3","bitrate":96,"tags":"90s, dance, electronica, eurodance, milano, power pop"}},{"type":"Feature","geometry":{"type":"Point","coordinates":[2.2783380746841435,48.85256672971922]},"properties":{"id":"75b6b22f-f4b7-43ae-aa73-96a7b47eeb4f","name":"FIP Metal","country":"France","countryCode":"FR","state":"","category":"music","streamUrl":"https://icecast.radiofrance.fr/fipmetal-hifi.aac?id=radiofrance","codec":"AAC","bitrate":192,"tags":"hard rock, metal, thrash"}},{"type":"Feature","geometry":{"type":"Point","coordinates":[-102.2955894470215,21.883769465934343]},"properties":{"id":"2061844f-3596-4572-bf5d-4c251be7e311","name":"La Ranchera (Aguascalientes) - 106.1 FM - XHLTZ-FM - Grupo Radiofónico ZER - Aguascalientes, AG","country":"Mexico","countryCode":"MX","state":"Aguascalientes","category":"music","streamUrl":"https://cast.zuperdns.net/8022/stream/","codec":"MP3","bitrate":64,"tags":"106.1, 106.1 fm, aguascalientes, entretenimiento, español, estación, fm, grupera, grupero, grupo radiofónico zer"}},{"type":"Feature","geometry":{"type":"Point","coordinates":[11.162109375,55.25564241852117]},"properties":{"id":"a3bc7946-e569-420b-8793-9048804ae6b3","name":"DR P1","country":"Denmark","countryCode":"DK","state":"","category":"talk","streamUrl":"http://live-icy.dr.dk/A/A03H.mp3","codec":"MP3","bitrate":128,"tags":"talk"}},{"type":"Feature","geometry":{"type":"Point","coordinates":[151.0094,-32.2033]},"properties":{"id":"fec13e90-590f-4b22-afae-75f27c95bd40","name":"全澳华语广播华厦之声","country":"Australia","countryCode":"AU","state":"Melbourne","category":"music","streamUrl":"http://46.4.40.246:8059/stream","codec":"AAC+","bitrate":64,"tags":"am1629"}},{"type":"Feature","geometry":{"type":"Point","coordinates":[-58.8432,-34.0063]},"properties":{"id":"4520c04e-0514-43f9-9fe6-89d2f6d746f5","name":"Blue 100.7 FM","country":"Argentina","countryCode":"AR","state":"Argentina","category":"music","streamUrl":"https://playerservices.streamtheworld.com/api/livestream-redirect/BLUE_FM_100_7AAC.aac","codec":"AAC+","bitrate":64,"tags":"80s, 90s, classic hits, entretenimiento"}},{"type":"Feature","geometry":{"type":"Point","coordinates":[12.466615140438082,41.91774976427168]},"properties":{"id":"eb10fc32-63d3-47a1-9d1b-3040f3580dee","name":"Rai News 24","country":"Italy","countryCode":"IT","state":"","category":"news","streamUrl":"https://streamcdnb3-8e7439fdb1694c8da3a0fd63e4dda518.msvdn.net/rainews1/hls/rainews_2400/chunklist.m3u8","codec":"UNKNOWN","bitrate":128,"tags":"news"}},{"type":"Feature","geometry":{"type":"Point","coordinates":[121.5124,25.025]},"properties":{"id":"a6c46e5e-c56d-40bc-98b0-a0986e47414d","name":"台北古典廣播","country":"Taiwan, Republic Of China","countryCode":"TW","state":"Taipei","category":"music","streamUrl":"https://stream.zeno.fm/w66d3dp6ynhvv","codec":"MP3","bitrate":128,"tags":""}},{"type":"Feature","geometry":{"type":"Point","coordinates":[5.407691838238669,36.18905546036811]},"properties":{"id":"8791da95-e7a4-4a1f-8bdf-06888450fc67","name":"Radio Setif","country":"Algeria","countryCode":"DZ","state":"","category":"music","streamUrl":"https://radiosetif.ice.infomaniak.ch/setif.mp3","codec":"AAC","bitrate":128,"tags":"local radio"}},{"type":"Feature","geometry":{"type":"Point","coordinates":[40.72880744934083,37.31737642114842]},"properties":{"id":"088c2b87-4c3d-4fb0-ba51-f80690de89b0","name":"Azadi Fm","country":"Türkiye","countryCode":"TR","state":"","category":"music","streamUrl":"https://amed.ozelip.com/8040/;","codec":"MP3","bitrate":64,"tags":""}},{"type":"Feature","geometry":{"type":"Point","coordinates":[113.7198,22.8722]},"properties":{"id":"140cbc06-7365-40c8-b81e-564f55e7f290","name":"RTHK Radio 5","country":"Hong Kong","countryCode":"HK","state":"Hong Kong","category":"news","streamUrl":"https://rthkradio5-live.akamaized.net/hls/live/2040081/radio5/master.m3u8","codec":"AAC","bitrate":70,"tags":"am783, education, educational, information, public radio"}},{"type":"Feature","geometry":{"type":"Point","coordinates":[13.9145,53.0965]},"properties":{"id":"05eb782e-e789-4573-9771-27bfa417655c","name":"psyradio * fm - progressive","country":"Germany","countryCode":"DE","state":"Germany","category":"music","streamUrl":"http://streamer.psyradio.org:8010/;listen.mp3","codec":"MP3","bitrate":128,"tags":"progressive, psychedelic, psytrance"}},{"type":"Feature","geometry":{"type":"Point","coordinates":[103.6191,1.3048]},"properties":{"id":"9c64379c-0b77-11e9-a80b-52543be04c81","name":"Mediacorp 987 Radio","country":"Singapore","countryCode":"SG","state":"Singapore","category":"music","streamUrl":"http://playerservices.streamtheworld.com/api/livestream-redirect/987FMAAC.aac","codec":"AAC+","bitrate":48,"tags":""}},{"type":"Feature","geometry":{"type":"Point","coordinates":[139.80651855468753,35.564673862005385]},"properties":{"id":"d57ca8c1-613c-4df4-bc94-e16fbe2fad6c","name":"NHK-FM","country":"Japan","countryCode":"JP","state":"","category":"news","streamUrl":"http://mnet.x10.mx/nhkfm.m3u8","codec":"AAC+","bitrate":52,"tags":"classical, jpop"}},{"type":"Feature","geometry":{"type":"Point","coordinates":[4.329986572265626,50.833291106348234]},"properties":{"id":"529b71b3-ac05-426c-bd8c-6ae981713900","name":"JOE","country":"Belgium","countryCode":"BE","state":"","category":"music","streamUrl":"https://icecast-qmusicbe-cdp.triple-it.nl/joe.mp3","codec":"MP3","bitrate":128,"tags":"oldies"}},{"type":"Feature","geometry":{"type":"Point","coordinates":[0.1539,51.7227]},"properties":{"id":"bd1c441c-132a-4d48-a3f3-bdb386f4b09a","name":"Classic FM HD","country":"The United Kingdom Of Great Britain And Northern Ireland","countryCode":"GB","state":"United Kingdom","category":"music","streamUrl":"https://ice-sov.musicradio.com/ClassicFMHD?hdauth=:2000000000:a290d4b39a16153061d4c743008b9fe8d424a7e5ec6469d40acf51fdcd336e80","codec":"AAC","bitrate":192,"tags":"classical"}},{"type":"Feature","geometry":{"type":"Point","coordinates":[-1.124257231168735,52.13888133372091]},"properties":{"id":"b0fcc9da-9958-4729-9e23-4f7cc15e98b9","name":"CNN UK","country":"The United Kingdom Of Great Britain And Northern Ireland","countryCode":"GB","state":"London","category":"news","streamUrl":"https://tunein.cdnstream1.com/2868_96.mp3","codec":"MP3","bitrate":96,"tags":"business, business news, education, local news, news, ridwan, talk"}},{"type":"Feature","geometry":{"type":"Point","coordinates":[-58.39284896850587,-34.60106421695718]},"properties":{"id":"9257ed3b-c422-43cf-a8dd-8165861b3187","name":"Radio Disney 94.3 - Buenos Aires, Argentina","country":"Argentina","countryCode":"AR","state":"Ciudad de Buenos Aires","category":"music","streamUrl":"https://playerservices.streamtheworld.com/api/livestream-redirect/DISNEY_ARG_BA_ADP.aac","codec":"AAC+","bitrate":128,"tags":"94.3 fm, américa, argentina, buenos aires, disney, entretenimiento, español, estación, familia, family"}},{"type":"Feature","geometry":{"type":"Point","coordinates":[13.3347639,52.4802578]},"properties":{"id":"0b6cc5a0-f5a0-4a62-b128-e48153fd864c","name":"Deutschlandfunk Kultur | DLF | AAC 192k","country":"Germany","countryCode":"DE","state":"Berlin","category":"news","streamUrl":"https://st02.sslstream.dlf.de/dlf/02/high/aac/stream.aac?aggregator=web","codec":"AAC","bitrate":256,"tags":"culture, news, public service, information"}},{"type":"Feature","geometry":{"type":"Point","coordinates":[24.946,60.1686]},"properties":{"id":"962c3d1d-0601-11e8-ae97-52543be04c81","name":"Kaaosradio - 24h Chill","country":"Finland","countryCode":"FI","state":"Finland","category":"music","streamUrl":"http://stream.kaaosradio.fi:8000/chill","codec":"MP3","bitrate":128,"tags":"chillout, downtempo, electronic"}},{"type":"Feature","geometry":{"type":"Point","coordinates":[114.1601,22.555]},"properties":{"id":"3fb37778-628e-4799-bb76-cd2813a85464","name":"RTHK radio 3","country":"Hong Kong","countryCode":"HK","state":"Hong Kong","category":"news","streamUrl":"https://rthkaudio3-lh.akamaihd.net/i/radio3_1@355866/index_56_a-p.m3u8","codec":"AAC","bitrate":70,"tags":"news, public radio"}},{"type":"Feature","geometry":{"type":"Point","coordinates":[-46.1865234375,-24.465900690594616]},"properties":{"id":"247e4d32-39b8-48d7-a86a-ec6effea7723","name":"Radio Energia 97 FM","country":"Brazil","countryCode":"BR","state":"Sao Paulo (Brazil)","category":"music","streamUrl":"https://streaming.inweb.com.br/energia","codec":"AAC","bitrate":32,"tags":"esportes futebol, futebol, musica, noticias"}},{"type":"Feature","geometry":{"type":"Point","coordinates":[-21.553,63.9626]},"properties":{"id":"961d3ec2-0601-11e8-ae97-52543be04c81","name":"Bylgjan 98.9 Reykjavik","country":"Iceland","countryCode":"IS","state":"Iceland","category":"news","streamUrl":"http://icecast.365net.is:8000/orbbylgjan.aac","codec":"AAC+","bitrate":130,"tags":"local music, music, news, reykjavik, sport, talk"}},{"type":"Feature","geometry":{"type":"Point","coordinates":[-46.64607480386466,-23.55786093000767]},"properties":{"id":"9f0466be-b6b0-4f7c-baff-f64555494804","name":"Groove Wave Lounge","country":"Brazil","countryCode":"BR","state":"Sao Paulo (Brazil)","category":"music","streamUrl":"https://stm1.srvif.com:7576/;","codec":"MP3","bitrate":128,"tags":"ambient lounge, jazz lounge, lounge"}},{"type":"Feature","geometry":{"type":"Point","coordinates":[149.7254,-34.218]},"properties":{"id":"fe852cc8-1a27-4dcd-8465-917ec32d8b64","name":"ABC Radio Sydney","country":"Australia","countryCode":"AU","state":"Sydney NSW","category":"news","streamUrl":"https://mediaserviceslive.akamaized.net/hls/live/2038302/localsydney/masterhq.m3u8","codec":"AAC","bitrate":115,"tags":"news, talk"}},{"type":"Feature","geometry":{"type":"Point","coordinates":[121.5242,25.0346]},"properties":{"id":"4a3ee109-91b6-4224-89b5-a93284d1add4","name":"台北流行音樂廣播","country":"Taiwan, Republic Of China","countryCode":"TW","state":"Taipei","category":"music","streamUrl":"http://202.39.43.67:1935/live/RA000080/chunklist.m3u8","codec":"UNKNOWN","bitrate":128,"tags":"music"}},{"type":"Feature","geometry":{"type":"Point","coordinates":[149.515,-32.256]},"properties":{"id":"a7749ad0-0361-462c-9f63-1734959e5f80","name":"Smooth Relax Australia (AAC+ 320k)","country":"Australia","countryCode":"AU","state":"Australia","category":"music","streamUrl":"http://playerservices.streamtheworld.com/api/livestream-redirect/SMOOTHRELAX_SYD_AAC320.aac","codec":"AAC+","bitrate":320,"tags":"soft adult contemporary"}},{"type":"Feature","geometry":{"type":"Point","coordinates":[6.8666,47.1764]},"properties":{"id":"2037c9d4-8d99-48f1-b5f1-eb60dc015773","name":"Jazz | Radio Swiss","country":"Switzerland","countryCode":"CH","state":"Bern","category":"music","streamUrl":"https://stream.srg-ssr.ch/m/rsj/mp3_128","codec":"MP3","bitrate":128,"tags":"jazz, mp3, radio swiss"}},{"type":"Feature","geometry":{"type":"Point","coordinates":[33.0682,40.0483]},"properties":{"id":"0352d949-cfe9-4c89-8540-00069791b5d6","name":"Karadeniz FM","country":"Türkiye","countryCode":"TR","state":"Turkey","category":"music","streamUrl":"https://moondigitaledge.radyotvonline.net/karadenizfm/playlist.m3u8","codec":"AAC+","bitrate":64,"tags":""}},{"type":"Feature","geometry":{"type":"Point","coordinates":[103.82194343021688,1.366529091899641]},"properties":{"id":"9bb4c812-be47-49ff-a199-5c112ef70f26","name":"Power 98 Love Songs","country":"Singapore","countryCode":"SG","state":"","category":"music","streamUrl":"https://playerservices.streamtheworld.com/api/livestream-redirect/POWER98_LOVESONGS.mp3","codec":"MP3","bitrate":96,"tags":""}},{"type":"Feature","geometry":{"type":"Point","coordinates":[5.160484313964845,52.295210261377065]},"properties":{"id":"01a9ba90-6601-490f-bc74-64b611b032d4","name":"Radio Veronica","country":"The Netherlands","countryCode":"NL","state":"","category":"music","streamUrl":"https://playerservices.streamtheworld.com/api/livestream-redirect/VERONICA","codec":"FLV","bitrate":128,"tags":"greatest hits, pop rock"}},{"type":"Feature","geometry":{"type":"Point","coordinates":[-58.42892199754716,-34.585538431352525]},"properties":{"id":"55b910e3-ab26-4f13-8aae-6409bbdfe15d","name":"MEGA 98.3","country":"Argentina","countryCode":"AR","state":"Buenos Aires","category":"music","streamUrl":"https://mega.stweb.tv/mega983/live/playlist.m3u8","codec":"AAC","bitrate":98,"tags":"rock argentino, rock nacional"}},{"type":"Feature","geometry":{"type":"Point","coordinates":[140.1762,35.7919]},"properties":{"id":"4b0e9c63-3cec-4964-a3d7-de99decd023b","name":"Nightwave Plaza MP3 182","country":"Japan","countryCode":"JP","state":"Japan","category":"music","streamUrl":"http://radio.plaza.one/mp3","codec":"MP3","bitrate":128,"tags":""}},{"type":"Feature","geometry":{"type":"Point","coordinates":[-47.80872344970704,-21.18133855976679]},"properties":{"id":"00bc4f1d-050c-49ae-bc42-a8aaa5d0ff5b","name":"Sertaneja 106.7","country":"Brazil","countryCode":"BR","state":"São Paulo","category":"music","streamUrl":"https://sc4s.cdn.upx.com:8067/stream","codec":"MP3","bitrate":128,"tags":"country, sertanejo"}},{"type":"Feature","geometry":{"type":"Point","coordinates":[121.5348,25.0364]},"properties":{"id":"7a27042e-94ef-46aa-835d-dfa408bcca04","name":"佳音經典音樂網","country":"Taiwan, Republic Of China","countryCode":"TW","state":"Taipei","category":"music","streamUrl":"https://stream.ginnet.cloud/live0119lo-p4rb/_definst_/classic/playlist.m3u8","codec":"AAC","bitrate":65,"tags":"chirstian, classical"}},{"type":"Feature","geometry":{"type":"Point","coordinates":[24.908686056733135,59.9549142425675]},"properties":{"id":"8f7ecd3e-7be3-4525-aa79-6408cef9fda8","name":"YleX","country":"Finland","countryCode":"FI","state":"","category":"music","streamUrl":"https://icecast.live.yle.fi/radio/YleX/icecast.audio","codec":"AAC+","bitrate":128,"tags":"pop"}},{"type":"Feature","geometry":{"type":"Point","coordinates":[-6.843109130859376,34.01912550478275]},"properties":{"id":"45fbac1d-4838-4b51-b3eb-7c92fba5ef1a","name":"Hit Radio (Morocco)","country":"Morocco","countryCode":"MA","state":"Rabat-Salé-Kénitra","category":"music","streamUrl":"https://hitradio-maroc.ice.infomaniak.ch/hitradio-maroc-128.mp3","codec":"MP3","bitrate":128,"tags":"hits, moroccans, rap, urban music"}},{"type":"Feature","geometry":{"type":"Point","coordinates":[104.4580078125,0.9090805073229824]},"properties":{"id":"7e096af2-f010-4200-b58c-00a8415cb25d","name":"RRI Pro 2 92.1 FM Tanjungpinang","country":"Indonesia","countryCode":"ID","state":"Kepulauan Riau","category":"weather","streamUrl":"https://stream-node2.rri.co.id/streaming/21/9221/rritjpinangpro2.mp3","codec":"AAC+","bitrate":64,"tags":"local information, local music, local news, local radio, local talk, local weather, talk show radio"}},{"type":"Feature","geometry":{"type":"Point","coordinates":[12.539,41.9391]},"properties":{"id":"8f159e64-9fc5-4cac-948f-c6dd303d78d2","name":"RADIO RELAX Italia","country":"Italy","countryCode":"IT","state":"Lombardia","category":"music","streamUrl":"https://radiorelax.streamingmedia.it/play","codec":"AAC+","bitrate":192,"tags":"80s, 90s, classic italian pop, easy listening, italian music, italian pop, musica romantica, relax, relax music, relaxing"}},{"type":"Feature","geometry":{"type":"Point","coordinates":[17.7082,59.422]},"properties":{"id":"d077ae1e-60ef-422b-b9ac-159e56b319d4","name":"Svensk Folkmusik - AkkA radio","country":"Sweden","countryCode":"SE","state":"Sweden","category":"music","streamUrl":"http://mediaserv38.live-streams.nl:8107/stream","codec":"MP3","bitrate":192,"tags":"folk, folk music, folkmusik, svensk, svensk folkmusik, swedish, traditional"}},{"type":"Feature","geometry":{"type":"Point","coordinates":[28.0277,-25.8217]},"properties":{"id":"bf94b075-7a8b-4849-8f9e-d7e94add043b","name":"Smile 90.4 FM","country":"South Africa","countryCode":"ZA","state":"South Africa","category":"music","streamUrl":"https://edge.iono.fm/xice/212_medium.aac","codec":"AAC","bitrate":128,"tags":""}},{"type":"Feature","geometry":{"type":"Point","coordinates":[-43.95742267370225,-19.944226091397]},"properties":{"id":"d4f0f5ca-b0a5-4de4-be3b-e686920d94b0","name":"Jovem Pan FM - Belo Horizonte - MG - 99.1 Mhz","country":"Brazil","countryCode":"BR","state":"Minas Gerais","category":"music","streamUrl":"https://8062.brasilstream.com.br/stream?origem=task_site","codec":"AAC","bitrate":64,"tags":""}},{"type":"Feature","geometry":{"type":"Point","coordinates":[-48.53288789313986,-27.589741819161205]},"properties":{"id":"bf64595a-eed4-49de-94e5-87c1bb813a74","name":"Jovem Pan FM - Florianópolis - SC","country":"Brazil","countryCode":"BR","state":"Santa Catarina","category":"music","streamUrl":"https://live.paineldj.com.br/proxy/jfloripa?mp=/stream","codec":"AAC+","bitrate":128,"tags":"chr, contemporary hits radio, dance, electronic dance music, jovem, jovem pan, pop, pop rock, top 40"}},{"type":"Feature","geometry":{"type":"Point","coordinates":[28.6303,-26.6779]},"properties":{"id":"84a1258a-a45a-4ede-8008-e27f89107d65","name":"Izwi LoMzansi","country":"South Africa","countryCode":"ZA","state":"KwaZulu-Natal","category":"music","streamUrl":"https://streaming.fabrik.fm/izwi/echocast/audio/index.m3u8","codec":"UNKNOWN","bitrate":128,"tags":"african music, community radio, folk, kwaito"}},{"type":"Feature","geometry":{"type":"Point","coordinates":[105.3758,20.5113]},"properties":{"id":"204b63f8-6629-4984-bbe0-0773c8220a91","name":"M Radio Vietnam","country":"Vietnam","countryCode":"VN","state":"Vietnam","category":"music","streamUrl":"https://stream-155.zeno.fm/4q7y9hvkp2zuv?zt=eyJhbGciOiJIUzI1NiJ9.eyJzdHJlYW0iOiI0cTd5OWh2a3AyenV2IiwiaG9zdCI6InN0cmVhbS0xNTUuemVuby5mbSIsInJ0dGwiOjUsImp0aSI6ImlpeGFsbUNWVE51cGxub1h2eE9NTmciLCJpYXQiOjE3MzE1NTExNjIsImV4cCI6MTczMTU1MTIyMn0.RQUqatQ8CtSaIcvH9kT1xRfeuptGIM13jzFd-2SehU0&aw_0_req_lsid=8196d2c78a734f244852a3f8bbbecbcb","codec":"AAC","bitrate":128,"tags":"pop"}},{"type":"Feature","geometry":{"type":"Point","coordinates":[-58.2945,-34.1109]},"properties":{"id":"78ae7b0c-cd9f-42d5-847d-6a41b578bb97","name":"Urbana Play 104.4","country":"Argentina","countryCode":"AR","state":"Buenos Aires","category":"music","streamUrl":"https://cdn.instream.audio:9660/stream","codec":"AAC+","bitrate":128,"tags":""}},{"type":"Feature","geometry":{"type":"Point","coordinates":[18.07113647460938,59.32404745440907]},"properties":{"id":"e4f6d392-f704-4cf0-8d26-9c931cebeaf6","name":"Sveriges Radio - P3","country":"Sweden","countryCode":"SE","state":"","category":"music","streamUrl":"https://live1.sr.se/p3-mp3-96","codec":"MP3","bitrate":108,"tags":""}},{"type":"Feature","geometry":{"type":"Point","coordinates":[-0.12720108032226565,51.50890605912723]},"properties":{"id":"4ad5bdc7-01e5-47c9-a1f9-751671b4707e","name":"CAPITAL - The UK's No.1 Hit Music Station","country":"The United Kingdom Of Great Britain And Northern Ireland","countryCode":"GB","state":"London","category":"music","streamUrl":"https://media-ssl.musicradio.com/CapitalUK","codec":"AAC","bitrate":48,"tags":"capital, capital fm, contemporary hits radio, dab+, england, entertainment, europe, global radio, london, moi merino"}},{"type":"Feature","geometry":{"type":"Point","coordinates":[-74.30053710937501,40.64339608963903]},"properties":{"id":"02bc9a87-6db4-42c0-ace1-388c269e49d5","name":"__1 oldies","country":"The United States Of America","countryCode":"US","state":"New York","category":"music","streamUrl":"https://80sexitos.stream.laut.fm/80sexitos","codec":"MP3","bitrate":128,"tags":"70s, 80s, 90s, disco, musica romantica, oldies, pop, rock"}},{"type":"Feature","geometry":{"type":"Point","coordinates":[34.6495,31.7306]},"properties":{"id":"13d86ff8-058f-44e6-ba21-ccd065fb5dca","name":"#joint radio Blues Rock","country":"Israel","countryCode":"IL","state":"Tel Aviv","category":"music","streamUrl":"https://jointil.com/stream-blues","codec":"MP3","bitrate":320,"tags":"60s, 70s, 80s, alternative rock, bluegrass, blues, blues rock, chicago blues, classic blues, classic hits"}},{"type":"Feature","geometry":{"type":"Point","coordinates":[-79.38844084739685,43.64427118438981]},"properties":{"id":"76b52e19-fe98-4a68-a6fe-a6e82cf866fd","name":"CBC Radio 1 Toronto 99.1 FM","country":"Canada","countryCode":"CA","state":"Ontario","category":"music","streamUrl":"https://cbcradiolive.akamaized.net/hls/live/2041036/ES_R1ETR/adaptive_128/chunklist_ao.m3u8","codec":"UNKNOWN","bitrate":128,"tags":"public radio"}},{"type":"Feature","geometry":{"type":"Point","coordinates":[25.2461,59.8993]},"properties":{"id":"6489b751-acf5-413a-8b53-e345eee56fbb","name":"Yle Radio Suomi, Helsinki","country":"Finland","countryCode":"FI","state":"Finland","category":"music","streamUrl":"http://icecast.live.yle.fi/radio/YleRS/icecast.audio","codec":"AAC+","bitrate":128,"tags":"helsinki, yle radio suomi"}},{"type":"Feature","geometry":{"type":"Point","coordinates":[126.6654,37.0944]},"properties":{"id":"3043d560-4358-4583-9e29-9fce6777a09c","name":"CBS 음악 FM","country":"The Republic Of Korea","countryCode":"KR","state":"South Korea","category":"music","streamUrl":"https://m-aac.cbs.co.kr/cbs939/_definst_/cbs939.stream/playlist.m3u8","codec":"AAC","bitrate":94,"tags":""}},{"type":"Feature","geometry":{"type":"Point","coordinates":[12.4032,41.625]},"properties":{"id":"30f99511-84c1-4716-ab76-fd29d6d8bdbc","name":"Rai Radio 1 Sport","country":"Italy","countryCode":"IT","state":"Lazio","category":"news","streamUrl":"http://icestreaming.rai.it/13.mp3","codec":"MP3","bitrate":256,"tags":"live sports, sports, sports news, talk & speech"}},{"type":"Feature","geometry":{"type":"Point","coordinates":[28.1231,-26.6454]},"properties":{"id":"7881d719-bae9-407d-912c-f75174c43403","name":"East Coast Radio","country":"South Africa","countryCode":"ZA","state":"South Africa","category":"music","streamUrl":"https://live.ecr.co.za/ecrhigh.mp3?aw_0_pinpoll=1,2,9&listenerid=94d1ac3bf877b65e4e17cd7e9bfec132&awparams=companionAds%3Atrue&aw_0_1st.ri=iono","codec":"MP3","bitrate":128,"tags":""}},{"type":"Feature","geometry":{"type":"Point","coordinates":[-74.7719,45.1041]},"properties":{"id":"dff9392e-26ba-4874-af56-5e4ddbefc270","name":"CBC Radio 1 Vancouver","country":"Canada","countryCode":"CA","state":"British Columbia","category":"news","streamUrl":"https://cbcradiolive.akamaized.net/hls/live/2041050/ES_R1PVC/master.m3u8","codec":"AAC","bitrate":48,"tags":"news, public radio"}},{"type":"Feature","geometry":{"type":"Point","coordinates":[4.7107,52.7558]},"properties":{"id":"5e45745b-7337-4299-bb93-6b99fafbc2b2","name":"Q music Nederland","country":"The Netherlands","countryCode":"NL","state":"Netherlands","category":"music","streamUrl":"https://stream.qmusic.nl/qmusic/aachigh","codec":"AAC+","bitrate":96,"tags":"pop"}},{"type":"Feature","geometry":{"type":"Point","coordinates":[18.5363,59.4212]},"properties":{"id":"960c62c1-0601-11e8-ae97-52543be04c81","name":"Sveriges Radio - P2","country":"Sweden","countryCode":"SE","state":"Sweden","category":"music","streamUrl":"https://live1.sr.se/p2-aac-320","codec":"AAC","bitrate":312,"tags":"sveriges radio"}},{"type":"Feature","geometry":{"type":"Point","coordinates":[-46.9263,-23.1724]},"properties":{"id":"8e9b5ba4-dcc1-4dad-8ddf-e7cc04c33a00","name":"Rádio Jovem Pan 100.9 FM","country":"Brazil","countryCode":"BR","state":"Sao Paulo","category":"news","streamUrl":"https://stream.zeno.fm/c45wbq2us3buv","codec":"AAC","bitrate":128,"tags":"entertainment, journalism, music, sport"}},{"type":"Feature","geometry":{"type":"Point","coordinates":[140.2356,35.9782]},"properties":{"id":"e698b1df-bd9c-4084-9c21-22a452b27664","name":"Listen.moe J-Pop (MP3)","country":"Japan","countryCode":"JP","state":"Japan","category":"music","streamUrl":"https://listen.moe/fallback","codec":"MP3","bitrate":192,"tags":""}},{"type":"Feature","geometry":{"type":"Point","coordinates":[98.9402961730957,18.74279420049168]},"properties":{"id":"df56ca27-8782-439f-bc91-806800aae834","name":"Chili Radio Thailand","country":"Thailand","countryCode":"TH","state":"Chiang Mai","category":"music","streamUrl":"https://stream.chiliradio.app/chiliclassics","codec":"MP3","bitrate":256,"tags":"1980s, 2000s, 70 80 hits, 70s, 80s, 90s, adult contemporary"}},{"type":"Feature","geometry":{"type":"Point","coordinates":[-3.815431594848633,40.43450940700059]},"properties":{"id":"6f865173-8dc8-48e7-bbb8-c30a0261c074","name":"Kiss FM España","country":"Spain","countryCode":"ES","state":"","category":"music","streamUrl":"https://adhandler.kissfmradio.cires21.com/get_link?url=https://bbkissfm.kissfmradio.cires21.com/bbkissfm.mp3","codec":"MP3","bitrate":56,"tags":"80's, 90's, 90s y más"}},{"type":"Feature","geometry":{"type":"Point","coordinates":[-0.6335,51.8097]},"properties":{"id":"9a8f2d50-fca3-4d7c-99ee-c5e0e97f4d1b","name":"Times Radio","country":"The United Kingdom Of Great Britain And Northern Ireland","countryCode":"GB","state":"United Kingdom","category":"news","streamUrl":"https://timesradio.wireless.radio/stream","codec":"AAC","bitrate":127,"tags":"news, talk"}},{"type":"Feature","geometry":{"type":"Point","coordinates":[6.988258641139763,50.896465141886814]},"properties":{"id":"f1174669-b7ad-4668-8369-db995e6ecc8d","name":"- NEUERSCHEINUNGEN - Radio Charts - DJ Charts - Club Charts - Top 100 - Top 40 Club - Pop, Hip-Hop, Dance, EDM, House, Techno, R&B, Trap, Reggaeton, Afrobeat, Indie-Pop, Tropical House, Future Bass, Electro Swing, Synthwave, Deep House, Progressive House, Vocal House, DJ Sets, Remix, Mashup, Dancefloor, Festival-Hits, Club-Hits, Nightlife, Underground.","country":"Germany","countryCode":"DE","state":"North Rhine-Westphalia","category":"music","streamUrl":"https://breakz-high.rautemusik.fm/?ref=rb-neuerscheinungen","codec":"MP3","bitrate":192,"tags":"chillout, club, club dance, dj, dj sets, electro sets, electronic dance music, future bass, house, ibiza"}},{"type":"Feature","geometry":{"type":"Point","coordinates":[-4.427568554910978,36.714877128447846]},"properties":{"id":"8cb77054-ddfe-40d5-ae4a-8921f03e9d8f","name":"Onda Cero Malaga","country":"Spain","countryCode":"ES","state":"Málaga","category":"news","streamUrl":"https://atres-live.ondacero.es/live/delegaciones/oc/malaga/master.m3u8","codec":"AAC","bitrate":128,"tags":"local news, news, news talk, talk"}},{"type":"Feature","geometry":{"type":"Point","coordinates":[28.99171829223633,41.03605718348337]},"properties":{"id":"f9fe2c7e-6f2f-4780-a682-8317604fe0ce","name":"KRAL POP","country":"Türkiye","countryCode":"TR","state":"Turkey","category":"music","streamUrl":"https://dygedge2.radyotvonline.net/kralfm/playlist.m3u8","codec":"AAC","bitrate":128,"tags":""}},{"type":"Feature","geometry":{"type":"Point","coordinates":[13.1823,53.0198]},"properties":{"id":"b6240170-f81f-4fc7-9183-5f9ebbe8b8d8","name":"NDR 1 Niedersachsen","country":"Germany","countryCode":"DE","state":"Niedersachsen","category":"music","streamUrl":"https://icecast.ndr.de/ndr/ndr1niedersachsen/hannover/mp3/128/stream.mp3?1728424471708&aggregator=web","codec":"MP3","bitrate":128,"tags":"music, oldies, rock"}},{"type":"Feature","geometry":{"type":"Point","coordinates":[-75.5652,45.2567]},"properties":{"id":"96213ce2-0601-11e8-ae97-52543be04c81","name":"CFNY 102.1 \"The Edge\" Toronto, ON (MP3)","country":"Canada","countryCode":"CA","state":"Ontario","category":"music","streamUrl":"http://live.leanstream.co/CFNYFM-MP3","codec":"MP3","bitrate":128,"tags":"commercial, modern rock, toronto"}},{"type":"Feature","geometry":{"type":"Point","coordinates":[-121.286316,37.809784]},"properties":{"id":"9614ed70-0601-11e8-ae97-52543be04c81","name":"SomaFM SF 10-33 (128k MP3)","country":"The United States Of America","countryCode":"US","state":"California","category":"public-safety","streamUrl":"https://ice5.somafm.com/sf1033-128-mp3","codec":"MP3","bitrate":128,"tags":"ambient, experimental, fire scanner, live, mix"}},{"type":"Feature","geometry":{"type":"Point","coordinates":[32.3463,40.3044]},"properties":{"id":"e7336c56-10dc-4d43-8244-eee899cda358","name":"Damar Turk FM","country":"Türkiye","countryCode":"TR","state":"Istanbul","category":"music","streamUrl":"https://live.radyositesihazir.com:10997/;","codec":"MP3","bitrate":128,"tags":""}},{"type":"Feature","geometry":{"type":"Point","coordinates":[-0.02197265625,51.5306179528736]},"properties":{"id":"46f13c3e-823f-4f1e-ab82-5a7b145c337f","name":"Smooth Country","country":"The United Kingdom Of Great Britain And Northern Ireland","countryCode":"GB","state":"","category":"music","streamUrl":"https://media-ssl.musicradio.com/SmoothCountry","codec":"AAC","bitrate":48,"tags":"country, country music"}},{"type":"Feature","geometry":{"type":"Point","coordinates":[6.811231782884023,51.143315075815366]},"properties":{"id":"d271b4e8-a298-4862-9f4b-025c110cedd9","name":"IBIZA CHILLOUT LOUNGE - Ambient, Deep House, Balearic, Smooth Jazz, Acoustic, Chill House, Lo-Fi, Chillwave, Dream Pop, Electro, Tropical House, Sunset Chill, Café del Mar, Soft Electronica, Slow House, Ambient, Relax, Easy Listening, Beach Vibes, Summer","country":"Germany","countryCode":"DE","state":"North Rhine-Westphalia","category":"music","streamUrl":"https://0nlineradio.radioho.st/lounge-ibiza-chillout-lounge?ref=rb26","codec":"MP3","bitrate":192,"tags":"ambient, balearic, balearic house, beach, club dance, dance, deep house, house, lounge, pool beach bar"}},{"type":"Feature","geometry":{"type":"Point","coordinates":[10.462401226998631,61.120930879735546]},"properties":{"id":"1222ca51-9aa1-11e9-a787-52543be04c81","name":"P6 Rock (MP3 128k)","country":"Norway","countryCode":"NO","state":"Innlandet","category":"music","streamUrl":"https://p6.p4groupaudio.com/P06_MM","codec":"MP3","bitrate":128,"tags":"p4, rock, classic rock"}},{"type":"Feature","geometry":{"type":"Point","coordinates":[77.31191332263921,28.394919117885376]},"properties":{"id":"e5614d86-0593-4cb6-b964-3a0ad346efe3","name":"Radio Maharani","country":"India","countryCode":"IN","state":"Haryana ","category":"talk","streamUrl":"https://streamasiacdn.atc-labs.com/radiomaharani.aac","codec":"AAC+","bitrate":64,"tags":"added by shivam, hindi, music, talk"}},{"type":"Feature","geometry":{"type":"Point","coordinates":[12.2722,41.8361]},"properties":{"id":"ae0354a3-a57c-477d-8dc9-8bd4464aedbd","name":"Deejay 80","country":"Italy","countryCode":"IT","state":"Lombardia","category":"music","streamUrl":"https://4c4b867c89244861ac216426883d1ad0.msvdn.net/webradio/deejay80/playlist.m3u8","codec":"AAC","bitrate":128,"tags":"1980s, 80 hits, 80's, 80s, 80s rock, hits 80s, the best of 80's"}},{"type":"Feature","geometry":{"type":"Point","coordinates":[0.3627,50.9738]},"properties":{"id":"854a35f1-442b-4982-a7da-febeb8e16e49","name":"BBC Radio Scotland (128k)","country":"The United Kingdom Of Great Britain And Northern Ireland","countryCode":"GB","state":"Scotland","category":"news","streamUrl":"http://as-hls-ww-live.akamaized.net/pool_43322914/live/ww/bbc_radio_scotland_fm/bbc_radio_scotland_fm.isml/bbc_radio_scotland_fm-audio%3d128000.norewind.m3u8","codec":"UNKNOWN","bitrate":128,"tags":"music, news, sports, talk"}},{"type":"Feature","geometry":{"type":"Point","coordinates":[103.8725,1.9067]},"properties":{"id":"a46e2092-0b7a-11e9-a80b-52543be04c81","name":"Ria 897 Radio","country":"Singapore","countryCode":"SG","state":"Singapore","category":"music","streamUrl":"http://playerservices.streamtheworld.com/api/livestream-redirect/RIA897FMAAC.aac","codec":"AAC+","bitrate":48,"tags":""}},{"type":"Feature","geometry":{"type":"Point","coordinates":[175.0688,-40.7134]},"properties":{"id":"cc9c0708-d100-43cc-a76b-e1fef63d2e43","name":"新西兰中文广播电台 FM90.6 Radio Chinese","country":"New Zealand","countryCode":"NZ","state":"Auckland","category":"news","streamUrl":"https://s26.myradiostream.com:20274/listen.mp3","codec":"MP3","bitrate":128,"tags":"chinese, culture, information, lifestyle, music, new zealand"}},{"type":"Feature","geometry":{"type":"Point","coordinates":[175.0841,-40.8641]},"properties":{"id":"7350f5a9-b488-44ee-8a8d-3ba123ead9e9","name":"Radio New Zealand National","country":"New Zealand","countryCode":"NZ","state":"New Zealand","category":"music","streamUrl":"http://radionz-ice.streamguys.com/national.mp3","codec":"MP3","bitrate":64,"tags":""}},{"type":"Feature","geometry":{"type":"Point","coordinates":[139.2504,35.9403]},"properties":{"id":"3ab8903d-117f-4f25-802e-d048dcdd0675","name":"OnlyHits Japan","country":"Japan","countryCode":"JP","state":"Japan","category":"music","streamUrl":"https://j.onlyhit.us/play","codec":"MP3","bitrate":128,"tags":""}},{"type":"Feature","geometry":{"type":"Point","coordinates":[27.8948986530304,-26.237540061743104]},"properties":{"id":"98c9274f-903a-4779-a682-f2ba37ae7b09","name":"Jozi FM (HiFi aac)","country":"South Africa","countryCode":"ZA","state":"Gauteng","category":"music","streamUrl":"https://edge.iono.fm/xice/51_high.aac","codec":"AAC","bitrate":128,"tags":""}},{"type":"Feature","geometry":{"type":"Point","coordinates":[18.03345874160518,59.33874354052215]},"properties":{"id":"f60c842e-6d57-4586-ac29-1e0a5b621f5d","name":"SDX synthetic experience - EBM, Synth and Industrial","country":"Sweden","countryCode":"SE","state":"","category":"music","streamUrl":"http://radio.dawnshadow.se:8000/stream","codec":"MP3","bitrate":192,"tags":"ebm, electronic, industrial, synth"}},{"type":"Feature","geometry":{"type":"Point","coordinates":[8.261718750000002,50.46100111599232]},"properties":{"id":"18ab1514-a53b-4f44-936e-f8583a68b5aa","name":"__TECHNO__ by rautemusik.fm","country":"Germany","countryCode":"DE","state":"North Rhine-Westphalia","category":"music","streamUrl":"https://streams.rautemusik.fm/techno/mp3-192/?ref=radiobrowser","codec":"MP3","bitrate":192,"tags":"ambient techno, deep techno, dub techno, hard techno, house techno, minimal techno, techno"}},{"type":"Feature","geometry":{"type":"Point","coordinates":[103.79224330186848,1.295374248016841]},"properties":{"id":"8153ae5a-0cb6-4ed2-b54d-6e24ca5be5b6","name":"LOVE 972","country":"Singapore","countryCode":"SG","state":"","category":"music","streamUrl":"https://playerservices.streamtheworld.com/api/livestream-redirect/LOVE972FM_PREM.aac","codec":"AAC+","bitrate":64,"tags":"melisten"}},{"type":"Feature","geometry":{"type":"Point","coordinates":[32.58941888809205,0.319435189601679]},"properties":{"id":"16a7954b-fce0-4d3d-b06e-797e32b4c7ce","name":"NRG Uganda 106.5","country":"Uganda","countryCode":"UG","state":"","category":"music","streamUrl":"https://dc4.serverse.com/proxy/nrgugstream/stream","codec":"MP3","bitrate":128,"tags":"hiphop, pop, youth"}},{"type":"Feature","geometry":{"type":"Point","coordinates":[121.4112,15.019]},"properties":{"id":"05c16752-7a33-4b53-a0b5-469d747516a0","name":"91.5 Win Radio Manila","country":"The Philippines","countryCode":"PH","state":"Philippines","category":"music","streamUrl":"http://stream.zeno.fm/2ss1hgnu6hhvv#livestream","codec":"MP3","bitrate":128,"tags":""}},{"type":"Feature","geometry":{"type":"Point","coordinates":[18.42520299228287,-33.927294739093114]},"properties":{"id":"cd6d66e4-adc0-4284-9392-f1a1f87091d9","name":"KFM 94.5","country":"South Africa","countryCode":"ZA","state":"","category":"music","streamUrl":"https://playerservices.streamtheworld.com/api/livestream-redirect/KFM.mp3","codec":"MP3","bitrate":64,"tags":"pop, rock"}},{"type":"Feature","geometry":{"type":"Point","coordinates":[13.8102,53.0534]},"properties":{"id":"960d7d4d-0601-11e8-ae97-52543be04c81","name":"Landeswelle Thüringen","country":"Germany","countryCode":"DE","state":"Thuringia","category":"traffic-transit","streamUrl":"https://edge81.streamonkey.net/landeswelle-west?aggregator=rewrite/mp3-192/rin/stream.mp3","codec":"AAC","bitrate":128,"tags":"german pop, news, pop, rock, traffic, weather"}},{"type":"Feature","geometry":{"type":"Point","coordinates":[12.5917,42.3641]},"properties":{"id":"e81cf293-174e-4936-b3cb-db62decedacd","name":"70 80 90","country":"Italy","countryCode":"IT","state":"Italy","category":"music","streamUrl":"https://rblive.it:8170/radio.mp3","codec":"MP3","bitrate":192,"tags":"70's, 70s, 80's, 80s, 90's, 90s"}},{"type":"Feature","geometry":{"type":"Point","coordinates":[12.442609120127154,41.86035637336661]},"properties":{"id":"68df3c3b-d0e5-4290-8a5e-364a33e2d334","name":"# 100 NU-DISCO CENTRAL RADIO","country":"Italy","countryCode":"IT","state":"Roma","category":"music","streamUrl":"https://stream.zeno.fm/jqhhzffjynbuv","codec":"MP3","bitrate":128,"tags":"club dance, clubbing, community radio, dance, dance hits, disco, electronic, euro disco, fm, high quality audio"}},{"type":"Feature","geometry":{"type":"Point","coordinates":[139.2065,36.1568]},"properties":{"id":"51f0066d-6de7-40b5-83a0-f264727f30a4","name":"J-Rock Powerplay(Asia DREAM Radio)","country":"Japan","countryCode":"JP","state":"Japan","category":"music","streamUrl":"https://kathy.torontocast.com:3340/;?shoutcast","codec":"MP3","bitrate":128,"tags":"music, pop"}},{"type":"Feature","geometry":{"type":"Point","coordinates":[-0.6374,51.3477]},"properties":{"id":"9c100db7-ba97-4e6f-821f-dba1ed08ad52","name":"Rinse UK","country":"The United Kingdom Of Great Britain And Northern Ireland","countryCode":"GB","state":"United Kingdom","category":"music","streamUrl":"https://admin.stream.rinse.fm/proxy/rinse_uk/stream","codec":"AAC+","bitrate":128,"tags":"dance music, dubstep, garage, grime, house, jungle, techno, uk funky, uk garage, uk grime"}},{"type":"Feature","geometry":{"type":"Point","coordinates":[99.94791669276093,12.57681412480778]},"properties":{"id":"a75cb53a-cb43-486c-9e58-443fdfaaa081","name":"talay 90.25FM","country":"Thailand","countryCode":"TH","state":"","category":"music","streamUrl":"https://stream.talay.asia/talay","codec":"AAC+","bitrate":96,"tags":""}},{"type":"Feature","geometry":{"type":"Point","coordinates":[103.7145,1.5639]},"properties":{"id":"96141efc-0601-11e8-ae97-52543be04c81","name":"ONE FM","country":"Singapore","countryCode":"SG","state":"Singapore","category":"music","streamUrl":"http://playerservices.streamtheworld.com/api/livestream-redirect/one_FM_913AAC.aac?dist=radiosingaporeapp","codec":"AAC+","bitrate":64,"tags":""}},{"type":"Feature","geometry":{"type":"Point","coordinates":[16.2877707,48.1776994]},"properties":{"id":"63bb901a-e09a-478b-9c5e-b7f6a1f9efc4","name":"ORF Hitradio Ö3","country":"Austria","countryCode":"AT","state":"Vienna","category":"music","streamUrl":"https://ors-sn03.ors-shoutcast.at/oe3-q1a","codec":"MP3","bitrate":128,"tags":"orf, pop"}},{"type":"Feature","geometry":{"type":"Point","coordinates":[0.4663,51.402]},"properties":{"id":"7cc0c486-92cb-4509-9b93-775e41950ed3","name":"Classic FM Movies","country":"The United Kingdom Of Great Britain And Northern Ireland","countryCode":"GB","state":"United Kingdom","category":"music","streamUrl":"https://media-ice.musicradio.com/ClassicFMMoviesMP3","codec":"MP3","bitrate":128,"tags":"classical, film score, movies"}},{"type":"Feature","geometry":{"type":"Point","coordinates":[5.3263,52.4829]},"properties":{"id":"d64cfc38-e7bd-4e37-8e47-472b9ac7a387","name":"Pinguin Classics","country":"The Netherlands","countryCode":"NL","state":"Netherlands","category":"music","streamUrl":"http://streams.pinguinradio.com/PinguinClassics192.mp3","codec":"MP3","bitrate":192,"tags":"alternative"}},{"type":"Feature","geometry":{"type":"Point","coordinates":[-0.6648,52.048]},"properties":{"id":"a740cc4c-9563-4fbe-a13f-e7f9e89b7441","name":"BBC Radio 1 (128k)","country":"The United Kingdom Of Great Britain And Northern Ireland","countryCode":"GB","state":"United Kingdom","category":"news","streamUrl":"http://as-hls-ww-live.akamaized.net/pool_01505109/live/ww/bbc_radio_one/bbc_radio_one.isml/bbc_radio_one-audio%3d128000.norewind.m3u8","codec":"UNKNOWN","bitrate":128,"tags":"pop"}},{"type":"Feature","geometry":{"type":"Point","coordinates":[12.932367324829103,41.81837822191691]},"properties":{"id":"77eaf32d-241f-4f25-b7d6-347783cd4471","name":"NATURE RADIO SLEEP","country":"Italy","countryCode":"IT","state":"","category":"music","streamUrl":"https://az1.mediacp.eu/listen/natureradiosleep/radio.mp3","codec":"MP3","bitrate":128,"tags":"ambient, bird, city, easy listening, forest, italy, meditation, natura, natural, nature"}},{"type":"Feature","geometry":{"type":"Point","coordinates":[121.5194,25.0438]},"properties":{"id":"bf3382fb-d8b8-448c-b69f-35e2e39a4904","name":"佳音電台","country":"Taiwan, Republic Of China","countryCode":"TW","state":"Taipei","category":"music","streamUrl":"https://stream.ginnet.cloud/live0119lo-p4rb/_definst_/fm909/playlist.m3u8","codec":"AAC","bitrate":65,"tags":"chirstian"}},{"type":"Feature","geometry":{"type":"Point","coordinates":[13.385,52.3259]},"properties":{"id":"3d4c97c7-e122-4304-b8c8-52336683bda1","name":"WDR 5","country":"Germany","countryCode":"DE","state":"Nordrhein-Westfalen","category":"talk","streamUrl":"https://wdr-wdr5-live.icecastssl.wdr.de/wdr/wdr5/live/mp3/128/stream.mp3","codec":"MP3","bitrate":128,"tags":"chanson, culture, current focal points, folk, latin, science, sophisticated underground music, soul"}},{"type":"Feature","geometry":{"type":"Point","coordinates":[100.2074,13.878]},"properties":{"id":"89cd3adf-c3a8-4d56-ada6-1d539f5bfad5","name":"JS100","country":"Thailand","countryCode":"TH","state":"Bangkok","category":"traffic-transit","streamUrl":"http://103.246.19.203:8004/stream?type=http&nocache=145","codec":"MP3","bitrate":128,"tags":"traffic, volunteer"}},{"type":"Feature","geometry":{"type":"Point","coordinates":[-0.30785418781954954,51.17877128753123]},"properties":{"id":"8c45fcc8-a9fe-4e07-9a53-67b6a2a1fc76","name":"Intamixx 80s 90s Radio UK","country":"The United Kingdom Of Great Britain And Northern Ireland","countryCode":"GB","state":"London","category":"music","streamUrl":"https://radio.intamixx.uk:8443/radio2","codec":"MP3","bitrate":128,"tags":"80s, 90s, dance, drum and bass, electronic, funk, garage, jungle, mashup, old skool"}},{"type":"Feature","geometry":{"type":"Point","coordinates":[103.79223793745042,1.295374248016841]},"properties":{"id":"eef37dac-e2b2-4f37-bb86-81ac3fe65135","name":"CAPITAL 958","country":"Singapore","countryCode":"SG","state":"","category":"music","streamUrl":"https://playerservices.streamtheworld.com/api/livestream-redirect/CAPITAL958FM_PREM.aac","codec":"AAC+","bitrate":64,"tags":"melisten"}},{"type":"Feature","geometry":{"type":"Point","coordinates":[100.46722412109376,13.73013030785206]},"properties":{"id":"b52fe37c-7991-4453-9838-aa9cd9db0700","name":"ThaiRadio 96.5 thinking","country":"Thailand","countryCode":"TH","state":"","category":"music","streamUrl":"https://live-org-01-cdn.mcot.net/radiocdn_edge/fm965.stream_aac/chunklist.m3u8","codec":"UNKNOWN","bitrate":128,"tags":""}},{"type":"Feature","geometry":{"type":"Point","coordinates":[120.67,24.1275]},"properties":{"id":"278f4665-f188-4fdc-bd83-d199e762efb5","name":"台中歡喜之聲FM105.5","country":"Taiwan, Republic Of China","countryCode":"TW","state":"Taichung","category":"talk","streamUrl":"http://59.125.41.65:8081/","codec":"MP3","bitrate":128,"tags":"talk"}},{"type":"Feature","geometry":{"type":"Point","coordinates":[-77.2758,39.2719]},"properties":{"id":"da2f84d6-edd1-4a87-b83d-39f6b6b3aa55","name":"Chilltrax (USA) HQ 128k AAC+","country":"The United States Of America","countryCode":"US","state":"Miami FL","category":"music","streamUrl":"http://streams.electronicmusicradiogroup.org:9050/","codec":"AAC+","bitrate":128,"tags":"chillout, downtempo, electronica"}},{"type":"Feature","geometry":{"type":"Point","coordinates":[121.5164,25.0374]},"properties":{"id":"f3bc042d-938c-4e63-97c9-9e4ce8ed20b4","name":"中廣新聞網","country":"Taiwan, Republic Of China","countryCode":"TW","state":"Taipei","category":"news","streamUrl":"https://n03.rcs.revma.com/78fm9wyy2tzuv","codec":"AAC","bitrate":128,"tags":"news"}},{"type":"Feature","geometry":{"type":"Point","coordinates":[24.4465,60.1371]},"properties":{"id":"49c5ae2c-6db1-473b-8d03-bc4098ebca78","name":"Kaaos Radio Techno Electro","country":"Finland","countryCode":"FI","state":"Finland","category":"music","streamUrl":"http://stream.kaaosradio.fi:8000/stream2","codec":"MP3","bitrate":128,"tags":""}},{"type":"Feature","geometry":{"type":"Point","coordinates":[10.462401226998631,61.120930879735546]},"properties":{"id":"76e7b809-cebd-11e9-8502-52543be04c81","name":"P8 Pop (MP3 128k)","country":"Norway","countryCode":"NO","state":"Innlandet","category":"music","streamUrl":"https://p8.p4groupaudio.com/P08_MM","codec":"MP3","bitrate":128,"tags":"p4, 80s, 90s, classic hits, oldies"}},{"type":"Feature","geometry":{"type":"Point","coordinates":[103.82003747260612,1.3449463546629483]},"properties":{"id":"8c8b010b-07ec-4c69-a668-3c600d95e9bf","name":"Oli 96.8 FM","country":"Singapore","countryCode":"SG","state":"","category":"music","streamUrl":"https://playerservices.streamtheworld.com/api/livestream-redirect/OLI968FMAAC.aac","codec":"AAC+","bitrate":48,"tags":""}},{"type":"Feature","geometry":{"type":"Point","coordinates":[90.384521484375,23.753532023215765]},"properties":{"id":"58940095-dc8b-477f-a7e1-cbac01932f5c","name":"Mellow Bangla","country":"Bangladesh","countryCode":"BD","state":"","category":"music","streamUrl":"https://radio.mellowbangla.com/stream","codec":"MP3","bitrate":192,"tags":"bangla, bangla fm, bangla music, bangla radio, bangladesh, bengali, bengali music, folk, romantic"}},{"type":"Feature","geometry":{"type":"Point","coordinates":[5.174860954284669,52.22426454366705]},"properties":{"id":"4fd2f9ba-11c0-4022-a274-220f81283b98","name":"538 Non-Stop","country":"The Netherlands","countryCode":"NL","state":"Noord-Holland","category":"music","streamUrl":"http://playerservices.streamtheworld.com/api/livestream-redirect/TLPSTR09.mp3","codec":"MP3","bitrate":128,"tags":"hits, non-stop, top40"}},{"type":"Feature","geometry":{"type":"Point","coordinates":[-121.87685843403946,36.600682171913725]},"properties":{"id":"393224fb-a0a8-4685-ab4e-a5ced5c80d93","name":"SmoothJazz.com 64k aac+","country":"The United States Of America","countryCode":"US","state":"California","category":"music","streamUrl":"https://smoothjazz.cdnstream1.com/2585_64.aac","codec":"AAC+","bitrate":64,"tags":"monterey, smooth jazz"}},{"type":"Feature","geometry":{"type":"Point","coordinates":[-79.42016601562501,43.68798410652186]},"properties":{"id":"75db29d2-9abd-4b2b-b16c-a8decd86a587","name":"SENSUAL LOUNGE RADIO","country":"Canada","countryCode":"CA","state":"","category":"music","streamUrl":"https://kathy.torontocast.com:3590/;?type=http&nocache=1739707069","codec":"MP3","bitrate":320,"tags":"ambient, ambient lounge, canada, chillout, chillout+lounge, deep ambient, easy listening, erotic, jazz, jazz lounge"}},{"type":"Feature","geometry":{"type":"Point","coordinates":[150.8491,-35.528]},"properties":{"id":"94ab6f5f-b684-4ca1-ae5c-c5c868ed20c6","name":"3AW - Melbourne - 693 AM (MP3)","country":"Australia","countryCode":"AU","state":"Melbourne VIC","category":"news","streamUrl":"http://playerservices.streamtheworld.com/api/livestream-redirect/3AW.mp3","codec":"MP3","bitrate":48,"tags":"news, talk radio"}},{"type":"Feature","geometry":{"type":"Point","coordinates":[118.78362178802492,32.043741363157565]},"properties":{"id":"d3eda505-e9d9-4c43-bb42-dae83d9566f6","name":"江苏经典流行音乐广播","country":"China","countryCode":"CN","state":"Jiangsu","category":"music","streamUrl":"https://lhttp.qtfm.cn/live/4938/64k.mp3","codec":"MP3","bitrate":128,"tags":"chinese pop"}},{"type":"Feature","geometry":{"type":"Point","coordinates":[77.1802111,28.6776442]},"properties":{"id":"de7b0868-91ab-4b25-a8dc-9d5f82314212","name":"Radio Udaan","country":"India","countryCode":"IN","state":"Delhi","category":"news","streamUrl":"https://stream.radioudaan.com/listen/radio_udaan/radio.mp3","codec":"MP3","bitrate":256,"tags":"bollywood, culture, hindi, information, infotainment, music, talk"}},{"type":"Feature","geometry":{"type":"Point","coordinates":[-81.77259920463693,27.246817909034835]},"properties":{"id":"dba1b7bc-6b92-409c-a543-8b42eec25636","name":"100 Hip Hop and RNB FM (Official)","country":"The United States Of America","countryCode":"US","state":"Miami, Florida","category":"music","streamUrl":"https://streaming.shoutcast.com/100-hip-hop-and-rnb-fm","codec":"MP3","bitrate":128,"tags":"hip-hop, rap hiphop rnb, ridwan, rnb"}},{"type":"Feature","geometry":{"type":"Point","coordinates":[-78.4504,38.3039]},"properties":{"id":"c16337ec-14be-423d-a9fe-3ec7ed9aa373","name":"自由亚洲","country":"The United States Of America","countryCode":"US","state":"United States","category":"news","streamUrl":"https://stream-283.surfernetwork.com/ub3pfplpqbktv?zt=eyJhbGciOiJIUzI1NiJ9.eyJzdHJlYW0iOiJ1YjNwZnBscHFia3R2IiwiaG9zdCI6InN0cmVhbS0yODMuc3VyZmVybmV0d29yay5jb20iLCJ0bSI6ZmFsc2UsInJ0dGwiOjUsImp0aSI6IlhvNnlfZXAwU1FTdHVSTnlXNS15ZXciLCJpYXQiOjE3ODk0OTk5NzEsImV4cCI6MTc4OTUwMDAzMX0.6_V34_Cb-88_hvEke3Rye3W2COa2CCRGN8fbRFBuhnM","codec":"MP3","bitrate":128,"tags":"information, news"}},{"type":"Feature","geometry":{"type":"Point","coordinates":[120.4594,23.4903]},"properties":{"id":"794526d9-47b3-4313-9475-6dcba1c930ef","name":"嘉義環球廣播","country":"Taiwan, Republic Of China","countryCode":"TW","state":"Chiayi","category":"talk","streamUrl":"http://60.248.53.115:8081/","codec":"MP3","bitrate":128,"tags":"talk"}},{"type":"Feature","geometry":{"type":"Point","coordinates":[19.807110428810123,41.31853896909704]},"properties":{"id":"d074385f-1061-486d-95ab-aeaa51b7778d","name":"Best Pro Electronic","country":"Albania","countryCode":"AL","state":"Tirana","category":"music","streamUrl":"https://az1.sednastream.com/radio/8150/Live?1582297952","codec":"MP3","bitrate":128,"tags":"electronic, tech house, techno"}},{"type":"Feature","geometry":{"type":"Point","coordinates":[-79.45604324340822,46.318899794912994]},"properties":{"id":"336f18d8-6a0d-4422-9e70-785648d6c61f","name":"101.9 ROCK","country":"Canada","countryCode":"CA","state":"Canada","category":"music","streamUrl":"https://rogers-hls.leanstream.co/rogers/nor1019.stream/icy?environment=tunein&args=tunein_01","codec":"AAC","bitrate":198,"tags":"rock"}},{"type":"Feature","geometry":{"type":"Point","coordinates":[32.8159,40.0787]},"properties":{"id":"960e285b-0601-11e8-ae97-52543be04c81","name":"Radyo Trafik 104.2 Ankara","country":"Türkiye","countryCode":"TR","state":"Turkey","category":"traffic-transit","streamUrl":"http://live2.radyotvonline.com:8000/","codec":"AAC+","bitrate":64,"tags":"ankara, traffic, trafik"}},{"type":"Feature","geometry":{"type":"Point","coordinates":[11.2373,60.2076]},"properties":{"id":"be930f76-8b01-4d51-9863-4b5a8c64897a","name":"1-NRK Jazz","country":"Norway","countryCode":"NO","state":"Norway","category":"music","streamUrl":"http://cdn0-47115-liveicecast0.dna.contentdelivery.net/jazz_mp3_h","codec":"MP3","bitrate":192,"tags":"jazz, smooth jazz"}},{"type":"Feature","geometry":{"type":"Point","coordinates":[139.6173,35.6043]},"properties":{"id":"45ea052e-37c2-403e-be57-8bf66daa86af","name":"Real Love Music - Radio Future Funk","country":"Japan","countryCode":"JP","state":"Japan","category":"music","streamUrl":"https://stream-152.zeno.fm/48533y95cnruv?zs=doyTUcjfTvCVtBOS3nlI8g","codec":"MP3","bitrate":128,"tags":"future funk"}},{"type":"Feature","geometry":{"type":"Point","coordinates":[10.9313,59.4571]},"properties":{"id":"ede7b712-b68a-11e8-aaf2-52543be04c81","name":"Metal Express Radio","country":"Norway","countryCode":"NO","state":"Norway","category":"music","streamUrl":"http://s39.myradiostream.com:11590/;","codec":"MP3","bitrate":192,"tags":""}},{"type":"Feature","geometry":{"type":"Point","coordinates":[140.0375,35.1649]},"properties":{"id":"fad42bb6-2865-4854-94a7-96152e881800","name":"FM世田谷","country":"Japan","countryCode":"JP","state":"tokyo","category":"music","streamUrl":"https://fmsetagaya834.out.airtime.pro/fmsetagaya834_a","codec":"MP3","bitrate":128,"tags":"83.4, full service, music"}},{"type":"Feature","geometry":{"type":"Point","coordinates":[-157.8588715195656,21.309385361977068]},"properties":{"id":"faea95b2-cd79-4e9d-9048-016c05039226","name":"94.7 KUMU (128kbps)","country":"The United States Of America","countryCode":"US","state":"Hawaii","category":"music","streamUrl":"https://pacificmedia.cdnstream1.com/2783_128.mp3","codec":"MP3","bitrate":128,"tags":"alternative, ballads, chillout, classic hits, hawaii, hawaiian adult contemporary, hip-hop, honolulu, love songs, rnb"}},{"type":"Feature","geometry":{"type":"Point","coordinates":[120.6216,24.3865]},"properties":{"id":"04b902cd-9f22-4466-892c-3976f7868a71","name":"民本電台-2","country":"Taiwan, Republic Of China","countryCode":"TW","state":"Taiwan","category":"talk","streamUrl":"https://streamak0134.akamaized.net/live0134lh-5gst/_definst_/am855/chunklist.m3u8","codec":"UNKNOWN","bitrate":128,"tags":"talk"}},{"type":"Feature","geometry":{"type":"Point","coordinates":[149.4499,-35.7546]},"properties":{"id":"a9c5e895-0b34-4f17-9147-2b9b9747a124","name":"ABC Radio Australia","country":"Australia","countryCode":"AU","state":"Australia","category":"news","streamUrl":"https://mediaserviceslive.akamaized.net/hls/live/2038266/ramulti/masterhq.m3u8","codec":"AAC","bitrate":115,"tags":"news, talk"}},{"type":"Feature","geometry":{"type":"Point","coordinates":[2.1309,48.4537]},"properties":{"id":"da5f481e-f7d6-49b3-b213-514027740d39","name":"RMC","country":"France","countryCode":"FR","state":"France","category":"news","streamUrl":"https://hls-rmc.nextradiotv.com/no_ssai/128k/media.m3u8","codec":"UNKNOWN","bitrate":128,"tags":"infos, news, talk"}},{"type":"Feature","geometry":{"type":"Point","coordinates":[121.5267,25.0535]},"properties":{"id":"b8932709-f573-4674-b976-09c4ef8aa96a","name":"警察廣播電台 - 台北台","country":"Taiwan, Republic Of China","countryCode":"TW","state":"Taipei","category":"traffic-transit","streamUrl":"http://stream.pbs.gov.tw:1935/live/TPS/playlist.m3u8","codec":"AAC","bitrate":128,"tags":"local news, traffic"}},{"type":"Feature","geometry":{"type":"Point","coordinates":[139.8861,35.454]},"properties":{"id":"ecbcdd6f-ac5f-408f-9d9b-cc979e5344c4","name":"J-Pop Powerplay Kawaii(asia dream radio)","country":"Japan","countryCode":"JP","state":"Japan","category":"music","streamUrl":"https://kathy.torontocast.com:3060/;?shoutcast","codec":"MP3","bitrate":128,"tags":"music, pop"}},{"type":"Feature","geometry":{"type":"Point","coordinates":[10.5579,59.6196]},"properties":{"id":"bb38c058-7757-48e7-a73e-ccdc4fad7d2e","name":"Radio Rock (NO)","country":"Norway","countryCode":"NO","state":"Oslo","category":"music","streamUrl":"https://live-bauerno.sharp-stream.com/radiorock_no_mp3","codec":"MP3","bitrate":128,"tags":"classic rock, pop rock, rock, hard rock, heavy metal"}},{"type":"Feature","geometry":{"type":"Point","coordinates":[5.1688114666297755,52.238893487536245]},"properties":{"id":"4e84e0ca-3f2b-4376-9448-16124ca2c732","name":"NPO 2","country":"The Netherlands","countryCode":"NL","state":"","category":"music","streamUrl":"http://icecast.omroep.nl/radio2-bb-mp3","codec":"MP3","bitrate":192,"tags":""}},{"type":"Feature","geometry":{"type":"Point","coordinates":[120.6558,23.9589]},"properties":{"id":"e0401ca6-9638-11e8-a767-52543be04c81","name":"Phate","country":"Taiwan, Republic Of China","countryCode":"TW","state":"Taiwan","category":"music","streamUrl":"http://phate.io/listen","codec":"MP3","bitrate":192,"tags":""}},{"type":"Feature","geometry":{"type":"Point","coordinates":[-58.420615196228034,-34.60175834494756]},"properties":{"id":"f1b958c4-d1d8-4cc0-b4c3-cc9a3c2e129d","name":"FutuRÖck","country":"Argentina","countryCode":"AR","state":"Ciudad Autonoma de Buenos Aires","category":"music","streamUrl":"https://mdstrm.com/audio/5d9d019112cbbb45d6a50960/live.m3u8","codec":"AAC","bitrate":148,"tags":""}},{"type":"Feature","geometry":{"type":"Point","coordinates":[18.3811,59.5012]},"properties":{"id":"49b761c3-0564-4501-857f-f1ee6831b387","name":"Star FM","country":"Sweden","countryCode":"SE","state":"Sweden","category":"music","streamUrl":"http://fm05-ice.stream.khz.se/fm05_mp3","codec":"MP3","bitrate":128,"tags":""}},{"type":"Feature","geometry":{"type":"Point","coordinates":[-0.4661,51.4211]},"properties":{"id":"e847f0b7-4694-4d96-a56a-3bc9543c5705","name":"Classic FM Essential Classical","country":"The United Kingdom Of Great Britain And Northern Ireland","countryCode":"GB","state":"United Kingdom","category":"music","streamUrl":"https://icecast.thisisdax.com/ClassicFM-M-Essential","codec":"AAC","bitrate":48,"tags":"classical"}},{"type":"Feature","geometry":{"type":"Point","coordinates":[120.6887,24.1328]},"properties":{"id":"fa102bd1-a71d-4048-baad-e173b92ddad0","name":"台中城市廣播","country":"Taiwan, Republic Of China","countryCode":"TW","state":"Taichung","category":"news","streamUrl":"http://fm901.cityfm.tw:8080/901.mp3","codec":"MP3","bitrate":128,"tags":"information, music"}},{"type":"Feature","geometry":{"type":"Point","coordinates":[121.4383,15.1924]},"properties":{"id":"2940f5dc-195e-4547-ab7a-f33ae2f70f41","name":"DZRH","country":"The Philippines","countryCode":"PH","state":"Philippines","category":"music","streamUrl":"https://azura.dzrh.com.ph/listen/dzrh_manila/radio.mp3","codec":"MP3","bitrate":128,"tags":""}},{"type":"Feature","geometry":{"type":"Point","coordinates":[5.162195563316345,52.22406608366762]},"properties":{"id":"f4aea998-df4a-437b-ad2d-d160c821f91b","name":"Radio 10","country":"The Netherlands","countryCode":"NL","state":"","category":"music","streamUrl":"https://playerservices.streamtheworld.com/api/livestream-redirect/RADIO10.mp3?dist=radio10_web&amp;ttag=talpa_consent:0&amp;gdpr=1&amp;gdpr_consent=CPR8CQMPR8CRCADABCNLB7CgAAAAAEJAAAAAAAAMEgKgAVAAuACAAGQARAAmgBPADEAH4AQAAjABXADvAIQARYAjgBOwCsgIpAXmAwQAsJAJAAqACAAGQARAAmABPAHeARwBeY6AWABUAEAAMgAiABMACeAGIAd4BFgCOALzHAAwALgCuAIQUgFgAVABAADIAIgATAAngBiAHeARYAjgC8ygAIAC4BOyQAEAC5KAMAEQAJgAYgB3gEcAXmQgCABMADEAO8AjgYACAK4VADACYARwBeYyAGAEwAjgC8w.YAAAAAAAA4AA","codec":"MP3","bitrate":128,"tags":""}},{"type":"Feature","geometry":{"type":"Point","coordinates":[113.6249,22.2082]},"properties":{"id":"ff98b8d3-f26a-4801-8c02-6759c15f0003","name":"RTHK Radio 4","country":"Hong Kong","countryCode":"HK","state":"Hong Kong","category":"music","streamUrl":"https://rthkradio4-live.akamaized.net/hls/live/2040080/radio4/master.m3u8","codec":"AAC","bitrate":70,"tags":"97.6, 97.6 fm, classical"}},{"type":"Feature","geometry":{"type":"Point","coordinates":[121.492,25.0596]},"properties":{"id":"516662ee-f7db-43a5-a7cf-be537b56f3f1","name":"漢聲調頻","country":"Taiwan, Republic Of China","countryCode":"TW","state":"Taipei","category":"music","streamUrl":"http://202.39.43.67:1935/live/RA000076/chunklist.m3u8","codec":"UNKNOWN","bitrate":128,"tags":""}},{"type":"Feature","geometry":{"type":"Point","coordinates":[120.7626,23.5876]},"properties":{"id":"3b7d5ee7-dbec-46fa-af65-e0d2de535c15","name":"寶島聯播網","country":"Taiwan, Republic Of China","countryCode":"TW","state":"Taiwan","category":"music","streamUrl":"http://125.227.87.206:8000/FM98.5","codec":"MP3","bitrate":64,"tags":""}},{"type":"Feature","geometry":{"type":"Point","coordinates":[4.6529,52.872]},"properties":{"id":"961e3b9a-0601-11e8-ae97-52543be04c81","name":"NPO Radio 2","country":"The Netherlands","countryCode":"NL","state":"Netherlands","category":"music","streamUrl":"http://icecast.omroep.nl/radio2-sb-aac","codec":"AAC","bitrate":32,"tags":""}},{"type":"Feature","geometry":{"type":"Point","coordinates":[-21.9856,63.5789]},"properties":{"id":"d98c5e50-9d73-42b5-b52d-16669e9dbe1a","name":"Rúv rás1","country":"Iceland","countryCode":"IS","state":"Iceland","category":"news","streamUrl":"http://netradio.ruv.is/ras1.aac","codec":"AAC+","bitrate":128,"tags":"culture, news"}},{"type":"Feature","geometry":{"type":"Point","coordinates":[5.0857,51.9401]},"properties":{"id":"005636e9-2142-497b-8f51-606d536fb18a","name":"NPO Radio 2","country":"The Netherlands","countryCode":"NL","state":"Netherlands","category":"music","streamUrl":"https://icecast.omroep.nl/radio2-bb-aac","codec":"AAC","bitrate":64,"tags":""}},{"type":"Feature","geometry":{"type":"Point","coordinates":[139.2204,35.5022]},"properties":{"id":"6d1d23d9-50d9-412d-83e2-d4c087d121d8","name":"Vaporwave","country":"Japan","countryCode":"JP","state":"United States","category":"music","streamUrl":"http://radio.plaza.one/ogg","codec":"OGG","bitrate":64,"tags":"vaporwave"}},{"type":"Feature","geometry":{"type":"Point","coordinates":[-79.42021273096155,43.64649616689477]},"properties":{"id":"7cb8a87f-454d-4b6d-8e09-bd16348e2182","name":"#1 RdMix Love Songs","country":"Canada","countryCode":"CA","state":"Ontario","category":"music","streamUrl":"https://maggie.torontocast.com:2020/stream/rdmixlovesongs","codec":"MP3","bitrate":128,"tags":"00's, 00s, 70's, 70s, 80's, 80s, 90's, 90s, classic hits, decades"}},{"type":"Feature","geometry":{"type":"Point","coordinates":[12.4622,41.8135]},"properties":{"id":"044acc55-255b-4382-af22-ccf28445bb3e","name":"Radio Capital","country":"Italy","countryCode":"IT","state":"Lazio","category":"music","streamUrl":"https://4c4b867c89244861ac216426883d1ad0.msvdn.net/radiocapital/radiocapital/master_ma.m3u8","codec":"AAC+","bitrate":122,"tags":""}},{"type":"Feature","geometry":{"type":"Point","coordinates":[-5.998846292495728,37.406069179302314]},"properties":{"id":"013b6039-7c0b-442e-9617-15c7f068a056","name":"Canal Sur Radio Andalucía","country":"Spain","countryCode":"ES","state":"Andalucía","category":"news","streamUrl":"https://rtva-live-radio.flumotion.com/rtva/csr.mp3","codec":"MP3","bitrate":320,"tags":"local news, talk"}},{"type":"Feature","geometry":{"type":"Point","coordinates":[-77.08817571401597,38.936933316017296]},"properties":{"id":"11c28f97-0177-47d3-bf88-eb24b492c34f","name":"WAMU American University Radio","country":"The United States Of America","countryCode":"US","state":"Washington, DC","category":"news","streamUrl":"https://wamu.cdnstream1.com/wamu.mp3","codec":"MP3","bitrate":96,"tags":"news, public, talk"}},{"type":"Feature","geometry":{"type":"Point","coordinates":[174.81719970703128,-36.87625639620818]},"properties":{"id":"55274882-6130-4c33-bb2b-72012215dca1","name":"The Sound","country":"New Zealand","countryCode":"NZ","state":"","category":"music","streamUrl":"https://digitalstreams.mediaworks.nz/sound_net/playlist.m3u8","codec":"AAC","bitrate":130,"tags":"classic rock"}},{"type":"Feature","geometry":{"type":"Point","coordinates":[13.468301214177504,52.487937585014]},"properties":{"id":"29717342-f376-48a3-93a6-3dae781e6c92","name":"- TOP 100 - DJ Charts - / - REMIX DEEJAY RADIO - CLUB RADIO - HOUSE - EDM - TECHHOUSE - TECHNO - DANCE - TOP100 - TOP40 - RNB - BLACKMUSIC - HIPHOP - URBAN - REGGEATON - MIXTAPE RADIO - RAVE MUSIC -  LIVE DEEJAY RADIO - LIVE EVENTS","country":"Germany","countryCode":"DE","state":"Berlin","category":"music","streamUrl":"https://radio2.breakz.fm/?ref=rb-gpt-t100","codec":"MP3","bitrate":192,"tags":"#top100, - dj charts, 24/7, adult contemporary, club, club dance, dance, edm, events, hits"}},{"type":"Feature","geometry":{"type":"Point","coordinates":[12.8171,41.7748]},"properties":{"id":"580ee01e-e202-4517-a920-7b90506d5949","name":"Discoradio - Il Ritmo della tua città","country":"Italy","countryCode":"IT","state":"Italy","category":"music","streamUrl":"http://icstream.rds.radio/disco","codec":"MP3","bitrate":256,"tags":"dance, pop"}},{"type":"Feature","geometry":{"type":"Point","coordinates":[7.2625,46.9192]},"properties":{"id":"306482ff-7e3b-4918-a683-088165abda7f","name":"Spoon Radio","country":"Switzerland","countryCode":"CH","state":"Switzerland","category":"music","streamUrl":"http://spoonradio.ice.infomaniak.ch/spoonradio-hd.mp3","codec":"MP3","bitrate":192,"tags":"rock"}},{"type":"Feature","geometry":{"type":"Point","coordinates":[121.1134,14.872]},"properties":{"id":"5b822425-43b7-4b0c-b3af-a419ebf4e8b4","name":"Energy FM Naga","country":"The Philippines","countryCode":"PH","state":"Philippines","category":"music","streamUrl":"https://stream.zeno.fm/klewk28qlqquv","codec":"MP3","bitrate":128,"tags":""}},{"type":"Feature","geometry":{"type":"Point","coordinates":[13.332,51.9254]},"properties":{"id":"5cfa5b31-87af-4492-a8fd-507db12dd519","name":"HR Info","country":"Germany","countryCode":"DE","state":"Hessen","category":"music","streamUrl":"https://hlshrinfo.akamaized.net/hls/live/2016539/hrinfo/master.m3u8","codec":"AAC","bitrate":102,"tags":""}},{"type":"Feature","geometry":{"type":"Point","coordinates":[-58.376632332801826,-34.60168681295395]},"properties":{"id":"3934d9f0-7694-4896-bf11-fb19395c7c49","name":"LRA1 Radio Nacional Argentina","country":"Argentina","countryCode":"AR","state":"Ciudad Autonoma de Buenos Aires","category":"news","streamUrl":"https://sa.mp3.icecast.magma.edge-access.net/sc_rad1","codec":"MP3","bitrate":75,"tags":"argentina, buenos aires, ciudad de buenos aires, news, public radio, radio pública, talk"}},{"type":"Feature","geometry":{"type":"Point","coordinates":[13.764,52.4763]},"properties":{"id":"9e535cb5-1bfd-4f83-9c3f-13571d01a487","name":"NDR 2 Hamburg","country":"Germany","countryCode":"DE","state":"Germany","category":"music","streamUrl":"https://icecast.ndr.de/ndr/ndr2/hamburg/mp3/128/stream.mp3?1728423809880&aggregator=web","codec":"MP3","bitrate":128,"tags":"music, pop, rock"}},{"type":"Feature","geometry":{"type":"Point","coordinates":[114.6226,22.1644]},"properties":{"id":"3a5b3c97-1204-4a47-bf97-6bc08eba38b9","name":"RTHK Radio 8 央廣粵港澳大灣區之聲","country":"Hong Kong","countryCode":"HK","state":"Hong Kong","category":"music","streamUrl":"https://rthkradiocmgrgb-live.akamaized.net/hls/live/2046112/radiocmgrgb/master.m3u8","codec":"AAC","bitrate":70,"tags":"102.8, 102.8 fm, public radio"}},{"type":"Feature","geometry":{"type":"Point","coordinates":[121.55610054731372,25.11312786637466]},"properties":{"id":"c18cd9da-3469-4ded-9efe-04aa7d9f2523","name":"牽手之聲網路台","country":"Taiwan, Republic Of China","countryCode":"TW","state":"","category":"music","streamUrl":"http://us3.internet-radio.com:8232/stream","codec":"MP3","bitrate":192,"tags":"internet radio"}},{"type":"Feature","geometry":{"type":"Point","coordinates":[10.462401226998631,61.120930879735546]},"properties":{"id":"7c300ed2-8791-11e9-aa30-52543be04c81","name":"P9 Retro (MP3 128k)","country":"Norway","countryCode":"NO","state":"Innlandet","category":"music","streamUrl":"https://p9.p4groupaudio.com/P09_MH","codec":"MP3","bitrate":192,"tags":"p4, 60s, 70s, 80s, retro"}},{"type":"Feature","geometry":{"type":"Point","coordinates":[127.1259,37.8976]},"properties":{"id":"f9ab75ae-a4ce-440a-8b29-1dab8ba76f5c","name":"TBN 교통방송","country":"The Republic Of Korea","countryCode":"KR","state":"South Korea","category":"news","streamUrl":"http://radio2.tbn.or.kr:1935/gyeongin/myStream/playlist.m3u8","codec":"AAC","bitrate":98,"tags":"news"}},{"type":"Feature","geometry":{"type":"Point","coordinates":[113.9032,21.7501]},"properties":{"id":"adcae25f-4823-4668-87ac-18aadbf02f38","name":"Originalradio","country":"Hong Kong","countryCode":"HK","state":"Hong Kong","category":"music","streamUrl":"https://stream.zeno.fm/rzwzgu0dd8zuv","codec":"MP3","bitrate":128,"tags":"variety"}},{"type":"Feature","geometry":{"type":"Point","coordinates":[-3.9052,39.8641]},"properties":{"id":"34f16bc1-bbe6-43ba-b859-e6f88aa47f9b","name":"Cadena Ser + Madrid","country":"Spain","countryCode":"ES","state":"Spain","category":"music","streamUrl":"https://playerservices.streamtheworld.com/api/livestream-redirect/SER_MAS_MADRID.mp3","codec":"MP3","bitrate":128,"tags":"debates y deportes, noticias"}},{"type":"Feature","geometry":{"type":"Point","coordinates":[11.0557,59.9667]},"properties":{"id":"45e331f5-cebc-11e9-8502-52543be04c81","name":"NRJ Norge","country":"Norway","countryCode":"NO","state":"Oslo","category":"music","streamUrl":"https://live-bauerno.sharp-stream.com/kiss_no_mp3","codec":"MP3","bitrate":128,"tags":"pop, hits, top 40"}},{"type":"Feature","geometry":{"type":"Point","coordinates":[127.2467,37.2908]},"properties":{"id":"10fbdfdd-2a6f-49fb-a035-8963c57f52e8","name":"YTN 라디오","country":"The Republic Of Korea","countryCode":"KR","state":"South Korea","category":"music","streamUrl":"https://radiolive.ytn.co.kr/radio/_definst_/20211118_fmlive/playlist.m3u8","codec":"AAC","bitrate":95,"tags":""}},{"type":"Feature","geometry":{"type":"Point","coordinates":[174.75007742643356,-36.84603710059265]},"properties":{"id":"f17c2043-dff0-4a74-8be1-099064ae2b81","name":"The Rock","country":"New Zealand","countryCode":"NZ","state":"","category":"music","streamUrl":"https://digitalstreams.mediaworks.nz/rock_net/playlist.m3u8","codec":"AAC","bitrate":130,"tags":"rock"}},{"type":"Feature","geometry":{"type":"Point","coordinates":[121.5239,25.0545]},"properties":{"id":"9e31ffb7-8586-425c-b149-fc633a7507cc","name":"台北健康電台","country":"Taiwan, Republic Of China","countryCode":"TW","state":"Taipei","category":"news","streamUrl":"http://fm901.cityfm.tw:8080/901.mp3","codec":"MP3","bitrate":128,"tags":"information, music"}},{"type":"Feature","geometry":{"type":"Point","coordinates":[-22.216,64.5434]},"properties":{"id":"961e9f13-0601-11e8-ae97-52543be04c81","name":"80's Bylgjan","country":"Iceland","countryCode":"IS","state":"Iceland","category":"music","streamUrl":"http://icecast.365net.is:8000/orb80s.aac","codec":"AAC+","bitrate":131,"tags":"80s, local music"}},{"type":"Feature","geometry":{"type":"Point","coordinates":[2.5126,48.6283]},"properties":{"id":"f9ed1fa4-63d7-45a4-bdd6-48c5567f0f6b","name":"Chérie FM","country":"France","countryCode":"FR","state":"Vallée du Rhone","category":"music","streamUrl":"https://cdnradio.streamakaci.com/cheriefm1.mp3","codec":"MP3","bitrate":128,"tags":""}},{"type":"Feature","geometry":{"type":"Point","coordinates":[100.4308,13.6486]},"properties":{"id":"153237c9-f6b1-4079-9a78-8063d7730aaf","name":"101.5 Chula Radio","country":"Thailand","countryCode":"TH","state":"Bangkok","category":"music","streamUrl":"http://radio11.plathong.net:7590/;stream.mp3","codec":"MP3","bitrate":128,"tags":""}},{"type":"Feature","geometry":{"type":"Point","coordinates":[31.01577758789063,-29.798309751967203]},"properties":{"id":"489e2233-2d46-4998-97ed-5708a0b06a7c","name":"Gagasi FM","country":"South Africa","countryCode":"ZA","state":"KwaZulu-Natal","category":"music","streamUrl":"https://streaming.fabrik.fm/gagasi/echocast/audio/low/index.m3u8","codec":"UNKNOWN","bitrate":128,"tags":""}},{"type":"Feature","geometry":{"type":"Point","coordinates":[22.959824502468113,40.60526085001808]},"properties":{"id":"97ec5cf7-5423-4b76-952c-62e9e0c82762","name":"1055 Rock - Thessaloniki","country":"Greece","countryCode":"GR","state":"","category":"music","streamUrl":"https://radio.1055rock.gr:31056/live","codec":"MP3","bitrate":128,"tags":"metal, rock"}},{"type":"Feature","geometry":{"type":"Point","coordinates":[18.865408301353455,-33.932990192175836]},"properties":{"id":"bf31e986-2314-4fd8-b054-6254503dd704","name":"MFM","country":"South Africa","countryCode":"ZA","state":"","category":"music","streamUrl":"https://edge.iono.fm/xice/46_medium.aac","codec":"AAC","bitrate":128,"tags":"maties"}},{"type":"Feature","geometry":{"type":"Point","coordinates":[107.314,-5.9366]},"properties":{"id":"c926b2da-3360-4fc3-8111-1a46e8fc5da5","name":"Kis 95.1 FM","country":"Indonesia","countryCode":"ID","state":"DKI Jakarta","category":"news","streamUrl":"http://103.246.184.62:1935/noice_kisfm/kisfm/chunklist_w1678859544.m3u8","codec":"UNKNOWN","bitrate":128,"tags":"music, news, talk"}},{"type":"Feature","geometry":{"type":"Point","coordinates":[2.6958,48.7343]},"properties":{"id":"02fed767-38db-42d2-8a68-9ad4f6f33a49","name":"France Bleu Haute Normandie","country":"France","countryCode":"FR","state":"Normandie","category":"traffic-transit","streamUrl":"http://icecast.radiofrance.fr/fbhautenormandie-midfi.mp3","codec":"MP3","bitrate":128,"tags":"music, news, traffic, weather"}},{"type":"Feature","geometry":{"type":"Point","coordinates":[120.785,23.5315]},"properties":{"id":"227ebcf0-354a-4e1f-b3ec-a0ab943b3b40","name":"民本電台-1","country":"Taiwan, Republic Of China","countryCode":"TW","state":"Taiwan","category":"talk","streamUrl":"https://streamak0134.akamaized.net/live0134lh-5gst/_definst_/am1296/chunklist.m3u8","codec":"UNKNOWN","bitrate":128,"tags":"talk"}},{"type":"Feature","geometry":{"type":"Point","coordinates":[10.462401226998631,61.120930879735546]},"properties":{"id":"d915596f-84e2-499f-9844-ed7e60c03a93","name":"P7 Klem (AAC HQ)","country":"Norway","countryCode":"NO","state":"Innlandet","category":"music","streamUrl":"https://p7.p4groupaudio.com/P07_AH","codec":"AAC","bitrate":192,"tags":"p4, 80s, 90s, pop, christmas"}},{"type":"Feature","geometry":{"type":"Point","coordinates":[7.4926,47.3831]},"properties":{"id":"cb81fe62-e665-4469-bd2b-92bfad063453","name":"Kontrafunk (AAC 64)","country":"Switzerland","countryCode":"CH","state":"Switzerland","category":"news","streamUrl":"https://s5.radio.co/sca4082ebb/low","codec":"AAC","bitrate":64,"tags":"conservative, news, politics, talk"}},{"type":"Feature","geometry":{"type":"Point","coordinates":[13.0759,52.8054]},"properties":{"id":"4f30d107-82f3-4e4e-99e4-44e05adcb2e9","name":"0R - PIANO JAZZ LOUNGE || Jazz, Piano, Lounge, Smooth, Chill, Relax, Soft, Acoustic, Instrumental, Evening, Romantic, Background, Coffee, Mellow, Elegant","country":"Germany","countryCode":"DE","state":"Hamburg","category":"music","streamUrl":"https://0nlineradio.radioho.st/lounge-piano-jazz-bar?ref=radio-browser26","codec":"MP3","bitrate":192,"tags":"acoustic, ambient, ambient and relaxation music, ambient lounge, classical piano, coffee, easy listening, jazz, jazz lounge, lounge"}},{"type":"Feature","geometry":{"type":"Point","coordinates":[13.222,52.3183]},"properties":{"id":"70094073-a1a6-4c73-b871-6b25dddee813","name":"0R - COFFEE LOUNGE || Background Music, Jazz, Lounge, Chill, Smooth, Acoustic, Soft Pop, Easy Listening, Relax, Cafe, Background, Mellow, Evening, Instrumental, Romantic, Soft Jazz","country":"Germany","countryCode":"DE","state":"North Rhine-Westphalia","category":"music","streamUrl":"https://0nlineradio.radioho.st/lounge-coffee-bar-lounge?ref=radio-browser26","codec":"MP3","bitrate":192,"tags":"ambient, background, chillout+lounge, easy listening, jazz, lounge, lounge music, relax, smooth jazz, smooth lounge"}},{"type":"Feature","geometry":{"type":"Point","coordinates":[174.8557,-41.8853]},"properties":{"id":"d0af46a6-6292-11e9-a622-52543be04c81","name":"RNZ Concert AAC (128kbps)","country":"New Zealand","countryCode":"NZ","state":"Auckland","category":"music","streamUrl":"http://radionz-ice.streamguys.com/Concert_aac128","codec":"AAC","bitrate":128,"tags":"classical, classical music"}},{"type":"Feature","geometry":{"type":"Point","coordinates":[120.6449,24.1479]},"properties":{"id":"a04e099e-c0b7-46f5-b4ad-ed9f669b394d","name":"寶島新聲廣播電台","country":"Taiwan, Republic Of China","countryCode":"TW","state":"Taiwan","category":"music","streamUrl":"http://125.227.87.206:8000/FM98.5","codec":"MP3","bitrate":64,"tags":""}},{"type":"Feature","geometry":{"type":"Point","coordinates":[103.3368,1.4075]},"properties":{"id":"3118adbf-0b7e-11e9-a80b-52543be04c81","name":"938 Now Radio","country":"Singapore","countryCode":"SG","state":"Singapore","category":"music","streamUrl":"http://playerservices.streamtheworld.com/api/livestream-redirect/938NOWAAC.aac","codec":"AAC+","bitrate":48,"tags":""}},{"type":"Feature","geometry":{"type":"Point","coordinates":[139.8419,35.6575]},"properties":{"id":"ee614813-177f-4b83-ae6a-5e5b22d440d1","name":"AshiyaRadio〜アシヤ・ラヂヲ〜","country":"Japan","countryCode":"JP","state":"Japan","category":"music","streamUrl":"https://s3.radio.co/sc8d895604/listen","codec":"AAC","bitrate":192,"tags":"bossa nova, jazz, piano jazz"}},{"type":"Feature","geometry":{"type":"Point","coordinates":[121.3006,24.9745]},"properties":{"id":"b396f10e-3722-4d13-b78d-20db0f72882e","name":"桃園GO GO104.3","country":"Taiwan, Republic Of China","countryCode":"TW","state":"Taoyuan","category":"talk","streamUrl":"https://stream.ginnet.cloud/live0119lo-p4rb/_definst_/fm1043/chunklist_w1108784103.m3u8","codec":"UNKNOWN","bitrate":128,"tags":"music, talk"}},{"type":"Feature","geometry":{"type":"Point","coordinates":[24.157520933023907,56.810151288894936]},"properties":{"id":"fd57ae03-5547-4d41-9540-33059a7a42c5","name":"Nordic Chillout Radio","country":"Latvia","countryCode":"LV","state":"Riga","category":"music","streamUrl":"https://play.radioking.io/nordic-chillout-radio/736489","codec":"AAC+","bitrate":64,"tags":"chillout, downtempo, electronic"}},{"type":"Feature","geometry":{"type":"Point","coordinates":[10.462401226998631,61.120930879735546]},"properties":{"id":"5f7bd883-abc7-11e9-88f4-52543be04c81","name":"P4 Norge (MP3 128k)","country":"Norway","countryCode":"NO","state":"Innlandet","category":"news","streamUrl":"https://p4.p4groupaudio.com/P04_MM","codec":"MP3","bitrate":128,"tags":"p4, hits, music, pop, news"}},{"type":"Feature","geometry":{"type":"Point","coordinates":[12.8184,52.4366]},"properties":{"id":"ffc0d701-f43b-4232-8be6-f7ff72add8ef","name":"Blasmusikradio mit Bernd","country":"Germany","countryCode":"DE","state":"Bayern","category":"music","streamUrl":"https://stream.laut.fm/blasmusikradio_mit_bernd","codec":"MP3","bitrate":128,"tags":"blasmusik, folk, marsch, polka"}},{"type":"Feature","geometry":{"type":"Point","coordinates":[139.5204,35.74]},"properties":{"id":"e4f7dac4-db05-446d-9282-d79a56ce7327","name":"Jazz Sakura","country":"Japan","countryCode":"JP","state":"Japan","category":"music","streamUrl":"https://kathy.torontocast.com:3330/;","codec":"MP3","bitrate":128,"tags":""}},{"type":"Feature","geometry":{"type":"Point","coordinates":[121.5161,25.024]},"properties":{"id":"3c38aabd-887d-4261-8041-00e3d856a67e","name":"人人電台 好事聯播網FM98.9","country":"Taiwan, Republic Of China","countryCode":"TW","state":"Taipei","category":"music","streamUrl":"http://202.39.43.67:1935/live/RA000013/chunklist.m3u8","codec":"UNKNOWN","bitrate":128,"tags":"music"}},{"type":"Feature","geometry":{"type":"Point","coordinates":[-118.2555661,34.0565825]},"properties":{"id":"8a18c2ff-bdb9-4bfc-9707-091c12086fea","name":"Indie X FM","country":"The United States Of America","countryCode":"US","state":"California","category":"music","streamUrl":"https://kathy.torontocast.com:2695/stream","codec":"MP3","bitrate":320,"tags":"alternative rock, alternative wave, classic alternative, edm, indie, indie pop, indie rock, punk"}},{"type":"Feature","geometry":{"type":"Point","coordinates":[-87.62067943760346,41.87609051881783]},"properties":{"id":"2bb9dbf2-15e1-42c5-b876-e7c351d31668","name":"103.5 KISS FM WKSC Chicago","country":"The United States Of America","countryCode":"US","state":"Illinois","category":"music","streamUrl":"http://stream.revma.ihrhls.com/zc849","codec":"AAC","bitrate":128,"tags":"hits, hot adult contemporary, pop, pop music, top40"}},{"type":"Feature","geometry":{"type":"Point","coordinates":[-43.95745217800141,-19.961210131545204]},"properties":{"id":"3998f9ae-ed80-4319-8109-0acb29efb256","name":"BH FM 102,1 MHz ZYC690 (Belo Horizonte - MG)","country":"Brazil","countryCode":"BR","state":"Minas Gerais","category":"music","streamUrl":"https://playerservices.streamtheworld.com/api/livestream-redirect/BHFMAAC.aac","codec":"AAC+","bitrate":128,"tags":"funk, internacional, nacional, pagode, pop, samba, sertanejo"}},{"type":"Feature","geometry":{"type":"Point","coordinates":[17.7549,58.7696]},"properties":{"id":"20aee753-cef5-11e8-a54a-52543be04c81","name":"Stockholm FM 88,0 Sweden","country":"Sweden","countryCode":"SE","state":"Sweden","category":"talk","streamUrl":"http://radiostreamone.mine.nu/18000","codec":"MP3","bitrate":128,"tags":"church, culture, politics, talk, various"}},{"type":"Feature","geometry":{"type":"Point","coordinates":[8.555235564708711,47.41840305627617]},"properties":{"id":"c1d4b62b-cb16-43ca-ae3a-41c2eb31b6e7","name":"Virgin Radio Switzerland","country":"Switzerland","countryCode":"CH","state":"","category":"music","streamUrl":"https://stream.streambase.ch/vrock/mp3-192/direct/","codec":"MP3","bitrate":128,"tags":""}},{"type":"Feature","geometry":{"type":"Point","coordinates":[103.79224330186848,1.2953635219226556]},"properties":{"id":"a0d91c55-3965-4a03-a0b7-2e76c8faa2cd","name":"YES 933","country":"Singapore","countryCode":"SG","state":"","category":"music","streamUrl":"https://playerservices.streamtheworld.com/api/livestream-redirect/YES933_PREM.aac","codec":"AAC+","bitrate":64,"tags":"melisten"}},{"type":"Feature","geometry":{"type":"Point","coordinates":[-122.46498531404131,47.238405793529864]},"properties":{"id":"1d730b8a-49e2-403d-870c-07b1e27be7fd","name":"Jazz24","country":"The United States Of America","countryCode":"US","state":"Tacoma, Washington","category":"music","streamUrl":"https://knkx-live-a.edge.audiocdn.com/6285_256k","codec":"AAC","bitrate":256,"tags":""}},{"type":"Feature","geometry":{"type":"Point","coordinates":[-0.12840270996093753,51.50854213107604]},"properties":{"id":"dec031e0-4419-45d2-9f3e-76e91d876c40","name":"PLANET ROCK: Where Rock Lives","country":"The United Kingdom Of Great Britain And Northern Ireland","countryCode":"GB","state":"London","category":"music","streamUrl":"https://stream-mz.hellorayo.co.uk/planetrock.aac?direct=true&aw_0_1st.playerid=BMUK_Airable&aw_0_1st.skey=6778249992","codec":"AAC+","bitrate":47,"tags":"bauer radio, classic rock, dab, digital radio, england, europe, hard rock, heavy rock, london, moi merino"}},{"type":"Feature","geometry":{"type":"Point","coordinates":[2.350584018599769,48.848195661777304]},"properties":{"id":"53adaf12-1dd1-4700-852b-f55da044ee7f","name":"Rire et Chansons Canulars","country":"France","countryCode":"FR","state":"","category":"music","streamUrl":"https://streaming.nrjaudio.fm/ouwgjmsk6j4d?aw_0_1st.station=Rire-Chansons-CANULARS&origine=mytuner","codec":"MP3","bitrate":128,"tags":"comedy"}},{"type":"Feature","geometry":{"type":"Point","coordinates":[6.957092285156251,50.94043090224256]},"properties":{"id":"b2cbd1fd-275d-432a-8b20-37dcb3572315","name":"1LIVE","country":"Germany","countryCode":"DE","state":"North Rhine-Westphalia","category":"music","streamUrl":"https://wdr-1live-live.icecastssl.wdr.de/wdr/1live/live/mp3/128/stream.mp3","codec":"MP3","bitrate":128,"tags":"ard, pop, public radio, rock, wdr"}},{"type":"Feature","geometry":{"type":"Point","coordinates":[120.5467,23.8421]},"properties":{"id":"48a90040-a11d-459c-85e0-866b2f4e94dc","name":"警察廣播電台 - 全國治安交通網","country":"Taiwan, Republic Of China","countryCode":"TW","state":"Taiwan","category":"public-safety","streamUrl":"http://stream.pbs.gov.tw:1935/live/mp3:PBS/playlist.m3u8","codec":"AAC","bitrate":128,"tags":"local news, traffic"}},{"type":"Feature","geometry":{"type":"Point","coordinates":[13.282518641304549,52.485570091580215]},"properties":{"id":"3f4be720-c996-439f-be3b-cce594ea2852","name":"0R - MUSIC FOR SLEEP || Sleep, Relax, Calm, Meditation, Nature, Ambient, Soft Music, Piano, Deep Sleep, Peaceful, Chill, Background, Slow, Gentle, Instrumental","country":"Germany","countryCode":"DE","state":"Berlin","category":"music","streamUrl":"https://0nlineradio.radioho.st/classical-classical-music-for-sleep?ref=radio-browser26","codec":"MP3","bitrate":192,"tags":"ambient, background, calm, chillout, classical, easy listening, nature, relax, sleep, slow"}},{"type":"Feature","geometry":{"type":"Point","coordinates":[-111.71035766601564,40.26944915512784]},"properties":{"id":"3c2da98e-b7b7-4192-8ca4-3a625a301629","name":"50's Science Fiction KOTR","country":"The United States Of America","countryCode":"US","state":"","category":"music","streamUrl":"https://stream.kf7k.com/listen/scifi/radio.mp3","codec":"MP3","bitrate":64,"tags":"old time radio, otr"}},{"type":"Feature","geometry":{"type":"Point","coordinates":[-0.9841710729329513,37.601959384969646]},"properties":{"id":"18fa9cbc-1199-4aa4-8a98-d3bbc5d41e95","name":"COPE Cartagena","country":"Spain","countryCode":"ES","state":"Región de Murcia","category":"news","streamUrl":"http://wecast13-h-cloud.flumotion.com/copesedes/cartagena.mp3","codec":"MP3","bitrate":96,"tags":"culture, news, religion"}},{"type":"Feature","geometry":{"type":"Point","coordinates":[114.180908203125,22.319589442833923]},"properties":{"id":"c174f4fc-6bca-4389-a8f0-a97badd2374a","name":"香港新城电台财经台","country":"Hong Kong","countryCode":"HK","state":"Hong Kong","category":"talk","streamUrl":"https://1716664847.rsc.cdn77.org/1716664847/tracks-a1/mono.ts.m3u8","codec":"UNKNOWN","bitrate":128,"tags":"culture, economics"}},{"type":"Feature","geometry":{"type":"Point","coordinates":[114.453,22.8397]},"properties":{"id":"b52583a4-0da1-4c32-b917-a229f9d3a122","name":"RTHK Radio 1","country":"Hong Kong","countryCode":"HK","state":"Hong Kong","category":"news","streamUrl":"https://rthkradio1-live.akamaized.net/hls/live/2035313/radio1/master.m3u8","codec":"AAC","bitrate":70,"tags":"news, public radio"}},{"type":"Feature","geometry":{"type":"Point","coordinates":[-90.703125,38.49315491793096]},"properties":{"id":"cbd8974a-b3ef-4272-9f6d-370a48c0d1c8","name":"70s 80s Hits","country":"The United States Of America","countryCode":"US","state":"","category":"music","streamUrl":"https://azuracast.streams.gr/listen/oldieswebradio/hits70s80sradio.mp3?","codec":"MP3","bitrate":128,"tags":"hits 70s 80s"}},{"type":"Feature","geometry":{"type":"Point","coordinates":[-86.13398260401213,39.56123549157733]},"properties":{"id":"5fe9f5f0-b5a0-4ef4-9a2b-704718eabb37","name":"Old Time Radio USA","country":"The United States Of America","countryCode":"US","state":"IN","category":"music","streamUrl":"https://ais-sa3.cdnstream1.com/2607_128.mp3","codec":"MP3","bitrate":128,"tags":"old time radio, oldies, otr"}},{"type":"Feature","geometry":{"type":"Point","coordinates":[18.059187233448032,59.309904959381754]},"properties":{"id":"0d3a2fd0-4c71-46ee-8700-2686fb699307","name":"RIX FM 106,7","country":"Sweden","countryCode":"SE","state":"Stockholm","category":"music","streamUrl":"https://fm01-ice.stream.khz.se/fm01_mp3","codec":"MP3","bitrate":128,"tags":"pop"}},{"type":"Feature","geometry":{"type":"Point","coordinates":[-97.7420997619629,30.273230934914785]},"properties":{"id":"54e9be2f-8705-4841-a672-7effedcaf4d4","name":"Hot Tejano (Austin) - Online - www.hottejano.com - hottejano.com LLC - Austin, Texas","country":"The United States Of America","countryCode":"US","state":"Texas","category":"music","streamUrl":"https://ithaca.cdnstream.com/1113_96","codec":"MP3","bitrate":128,"tags":"austin, country, country music, entretenimiento, estación, inglés, moi merino, music, música, música en español e inglés"}},{"type":"Feature","geometry":{"type":"Point","coordinates":[13.0484,52.0462]},"properties":{"id":"a1dbd7d6-d0c7-4479-b91e-e44b64718d65","name":"BR Heimat","country":"Germany","countryCode":"DE","state":"Bayern","category":"music","streamUrl":"https://dispatcher.rndfnk.com/br/brheimat/live/mp3/mid","codec":"MP3","bitrate":128,"tags":"folk"}},{"type":"Feature","geometry":{"type":"Point","coordinates":[9.378698428447525,47.43117336603521]},"properties":{"id":"3786ca1c-bcbd-4c90-8ce2-6e363756b320","name":"RADIO FM1","country":"Switzerland","countryCode":"CH","state":"Sankt Gallen","category":"music","streamUrl":"https://chmedia.streamabc.net/79-fm1-mp3-192-7523806?sABC=6499oos8%230%230016or1p1r381r4485n244q3016qs660%23qverpg&aw_0_1st.playerid=direct&amsparams=playerid:direct;skey:1687796728","codec":"MP3","bitrate":128,"tags":"rock pop"}},{"type":"Feature","geometry":{"type":"Point","coordinates":[13.0792,41.5106]},"properties":{"id":"e45d7550-a70d-4ec3-b2fe-6669913041fa","name":"Rai Isoradio","country":"Italy","countryCode":"IT","state":"Italy","category":"traffic-transit","streamUrl":"http://icestreaming.rai.it/6.mp3","codec":"MP3","bitrate":256,"tags":"news, traffic"}},{"type":"Feature","geometry":{"type":"Point","coordinates":[77.0015,28.0166]},"properties":{"id":"8d500dcb-6352-4009-aae2-5a095021ff2a","name":"Nostalgic Bollywood 90s","country":"India","countryCode":"IN","state":"India","category":"music","streamUrl":"https://www.desizoneradio.com/relay3","codec":"MP3","bitrate":128,"tags":"90s, bollywood, hindi, india, music"}},{"type":"Feature","geometry":{"type":"Point","coordinates":[-21.3649,63.8333]},"properties":{"id":"961e8c73-0601-11e8-ae97-52543be04c81","name":"X977","country":"Iceland","countryCode":"IS","state":"Iceland","category":"music","streamUrl":"http://icecast.365net.is:8000/orbXid.aac","codec":"AAC+","bitrate":130,"tags":"local music, rock"}},{"type":"Feature","geometry":{"type":"Point","coordinates":[114.0533,21.7284]},"properties":{"id":"3e7ad9d1-17e6-4b74-a5b7-9d5654c20d3c","name":"RTHK Radio 6 央廣香港之聲","country":"Hong Kong","countryCode":"HK","state":"Hong Kong","category":"music","streamUrl":"https://rthkradiocnrhk-live.akamaized.net/hls/live/2046111/radiocnrhk/master.m3u8","codec":"AAC","bitrate":70,"tags":"public radio"}},{"type":"Feature","geometry":{"type":"Point","coordinates":[7.5951,47.2794]},"properties":{"id":"7fa043b5-6a69-40ce-abaa-2274634484bc","name":"Radio Pilatus","country":"Switzerland","countryCode":"CH","state":"Switzerland","category":"music","streamUrl":"https://stream.streambase.ch/radiopilatus/mp3-192/chmedia/","codec":"MP3","bitrate":128,"tags":""}},{"type":"Feature","geometry":{"type":"Point","coordinates":[120.3217,22.6381]},"properties":{"id":"a945e7f7-0122-4bc0-8868-c6ae162c66ea","name":"好事聯播網 高雄港都","country":"Taiwan, Republic Of China","countryCode":"TW","state":"Kaohsiung","category":"music","streamUrl":"http://202.39.43.67:1935/live/RA000012/chunklist.m3u8","codec":"UNKNOWN","bitrate":128,"tags":"music"}},{"type":"Feature","geometry":{"type":"Point","coordinates":[174.1957,-41.4644]},"properties":{"id":"74ee4b8c-1c55-4a2f-8fa6-2d6136e6fb8f","name":"The Breeze 93.4","country":"New Zealand","countryCode":"NZ","state":"Auckland","category":"music","streamUrl":"https://mediaworks.streamguys1.com/breeze-akl-high_icy","codec":"AAC","bitrate":131,"tags":""}},{"type":"Feature","geometry":{"type":"Point","coordinates":[121.2437,15.1319]},"properties":{"id":"f9efce30-a2d5-4375-8539-c3d138b1e6cc","name":"Emotions","country":"The Philippines","countryCode":"PH","state":"Philippines","category":"music","streamUrl":"https://stream.zeno.fm/03v7z8edgphvv.mp3","codec":"MP3","bitrate":128,"tags":"classics, love songs"}},{"type":"Feature","geometry":{"type":"Point","coordinates":[121.5543,14.1212]},"properties":{"id":"f4305944-ac27-4b1e-981d-744d509220c0","name":"Easy Rock Manila","country":"The Philippines","countryCode":"PH","state":"Philippines","category":"music","streamUrl":"https://azura.easyrock.com.ph/listen/easy_rock_manila/radio.mp3","codec":"MP3","bitrate":128,"tags":""}},{"type":"Feature","geometry":{"type":"Point","coordinates":[10.735953301191332,59.937604933828034]},"properties":{"id":"15602868-d226-472c-aba3-c7ee9e4a86b4","name":"Radio Vinyl Oslo","country":"Norway","countryCode":"NO","state":"","category":"music","streamUrl":"http://live-bauerno.sharp-stream.com/vinyl_no_mp3","codec":"MP3","bitrate":128,"tags":"info"}},{"type":"Feature","geometry":{"type":"Point","coordinates":[139.4976,35.3655]},"properties":{"id":"0eed3332-c2b2-4eda-9d0c-897322162663","name":"NHKワールド・ラジオ日本","country":"Japan","countryCode":"JP","state":"tokyo","category":"news","streamUrl":"https://masterpl.hls.nhkworld.jp/hls/r1/live/master.m3u8","codec":"AAC+","bitrate":96,"tags":"international"}},{"type":"Feature","geometry":{"type":"Point","coordinates":[-42.97851562500001,-21.491407966408463]},"properties":{"id":"4317dca3-9e67-4226-82a8-8f650ba50219","name":"Rádio FM O Dia 99.7 FM","country":"Brazil","countryCode":"BR","state":"Rio de Janeiro","category":"music","streamUrl":"https://wz7.servidoresbrasil.com:8274/stream","codec":"AAC+","bitrate":128,"tags":"popular, samba pagode"}},{"type":"Feature","geometry":{"type":"Point","coordinates":[-118.46719086170198,34.03060952722377]},"properties":{"id":"325a61dc-fe34-48c6-ae82-1467b710f07b","name":"KCRW 88.9 FM - Live","country":"The United States Of America","countryCode":"US","state":"California","category":"news","streamUrl":"https://streams.kcrw.com/kcrw_mp3?aw_0_1st.playerid=radio-browser.info","codec":"MP3","bitrate":192,"tags":"culture, live, music, news, npr, public radio, santa monica, santa monica college, various"}},{"type":"Feature","geometry":{"type":"Point","coordinates":[24.92578312754631,60.23980983862846]},"properties":{"id":"ab909bf6-16f9-4066-b000-9b0b1bb5cd9c","name":"Tick Tock Radio - 1950","country":"Finland","countryCode":"FI","state":"","category":"music","streamUrl":"https://streaming.ticktock.radio/tt/1950/icecast.audio","codec":"MP3","bitrate":128,"tags":"1950"}},{"type":"Feature","geometry":{"type":"Point","coordinates":[-21.914978027343754,64.09860708598023]},"properties":{"id":"0ec0f183-4681-478f-b507-cb4ca6333541","name":"Rás2","country":"Iceland","countryCode":"IS","state":"","category":"music","streamUrl":"http://netradio.ruv.is/ras2.aac","codec":"AAC+","bitrate":128,"tags":""}},{"type":"Feature","geometry":{"type":"Point","coordinates":[139.74609375000003,35.44277092585766]},"properties":{"id":"e0f2f4cb-d4c3-48ee-8668-333329e158e0","name":"Japan Hits - asia DREAM radio","country":"Japan","countryCode":"JP","state":"","category":"music","streamUrl":"http://quincy.torontocast.com:2020/stream.mp3","codec":"MP3","bitrate":128,"tags":"j-pop, japanese, japanese idols, jpop"}},{"type":"Feature","geometry":{"type":"Point","coordinates":[5.17516728416617,52.224302736473845]},"properties":{"id":"f0ab0c5c-7125-476c-97a4-2eabc14f5f05","name":"538 Radio","country":"The Netherlands","countryCode":"NL","state":"","category":"music","streamUrl":"https://playerservices.streamtheworld.com/api/livestream-redirect/RADIO538.mp3","codec":"MP3","bitrate":128,"tags":""}},{"type":"Feature","geometry":{"type":"Point","coordinates":[-43.95654827356339,-19.94400925567898]},"properties":{"id":"2eb41659-1b7c-43e5-9b98-36634086a73c","name":"Radio Jovem Pan 99.1 FM Belo Horizonte","country":"Brazil","countryCode":"BR","state":"Minas Gerais","category":"music","streamUrl":"https://8062.brasilstream.com.br//stream?origem=jovem_pan_site","codec":"AAC","bitrate":64,"tags":"90s, pop, rock"}},{"type":"Feature","geometry":{"type":"Point","coordinates":[100.7957,13.293]},"properties":{"id":"e165cba5-0b19-4318-8d45-0d497ac3bfef","name":"91.5 FM Panzer Radio Station","country":"Thailand","countryCode":"TH","state":"Thailand","category":"music","streamUrl":"http://radio.servradio.com:9398/;stream.mp3","codec":"MP3","bitrate":192,"tags":""}},{"type":"Feature","geometry":{"type":"Point","coordinates":[127.2359,37.0276]},"properties":{"id":"8dc941a6-c866-4552-9fea-541c137cfb5d","name":"kbs해피fm","country":"The Republic Of Korea","countryCode":"KR","state":"South Korea","category":"music","streamUrl":"https://2radio-bora.gscdn.kbs.co.kr/2radio-bora-02/2radio-bora-02_hd.m3u8?Policy=eyJTdGF0ZW1lbnQiOlt7IlJlc291cmNlIjoiaHR0cHM6Ly8ycmFkaW8tYm9yYS5nc2Nkbi5rYnMuY28ua3IvMnJhZGlvLWJvcmEtMDIvKiIsIkNvbmRpdGlvbiI6eyJEYXRlTGVzc1RoYW4iOnsiQVdTOkVwb2NoVGltZSI6MTc4OTY4NDc2Mn19fV19&Key-Pair-Id=APKAICDSGT3Y7IXGJ3TA&Signature=mN5qC7vfc~oBF2lvYY0NPh9Hkv5jzT4T~gMMEA4Tc6dOIi76XX5eYHUoDI38HzKe9nddlN~FRPr056Lg6WaieSx7to2ON6uBDN737Q1IDOPPK8qPLeHwqgvwt-ntmJjXtGVFV9ZncyKEszbwwCNnoOeUpGQSGAWSWAq-CTM-oqJ3Izbca2j9ImdGYTyCGs-hHchlkDM~U6KgnGM-Lr8yTIvSCz5qPdQ0SKvQqUDjkjO7YJ6dJ4b9~mqHapyhgXH7nKEkfeq-QjnKVmVrq~9CxW-tm5VYYZdjzyuM3AXflz3BOAD50ln4dBpsj9wGHHbEBC-B1o40wB6Q~8AR7cQvzg__","codec":"UNKNOWN","bitrate":128,"tags":"country"}},{"type":"Feature","geometry":{"type":"Point","coordinates":[12.6459,41.7221]},"properties":{"id":"0c6860fd-dfec-469d-9ef7-48711c43d465","name":"Radio Bruno Pentasport Fiorentina","country":"Italy","countryCode":"IT","state":"Toscana","category":"music","streamUrl":"https://stream3.xdevel.com/audio6s975355-281/stream/icecast.audio","codec":"AAC+","bitrate":128,"tags":""}},{"type":"Feature","geometry":{"type":"Point","coordinates":[114.2934,22.5681]},"properties":{"id":"ce998ec3-59e1-49d7-8476-f32d4d3b5d41","name":"CNR-14 香港之声","country":"Hong Kong","countryCode":"HK","state":"Hong Kong","category":"news","streamUrl":"http://ngcdn002.cnr.cn/live/xgzs/index.m3u8","codec":"UNKNOWN","bitrate":128,"tags":"information"}},{"type":"Feature","geometry":{"type":"Point","coordinates":[121.00514979995812,14.576433331786038]},"properties":{"id":"e47c0813-93e0-45e7-9d82-d68bffff3032","name":"101.7 Your Love FM","country":"The Philippines","countryCode":"PH","state":"NCR","category":"music","streamUrl":"https://radio.1017yourlovefm.com/listen/sanibpwersa/radio.mp3","codec":"MP3","bitrate":128,"tags":""}},{"type":"Feature","geometry":{"type":"Point","coordinates":[2.3068,48.9872]},"properties":{"id":"74884688-e3a7-41f8-8105-bc249a37963e","name":"Yumi Co. Radio","country":"France","countryCode":"FR","state":"France","category":"music","streamUrl":"https://yumicoradio.net/stream","codec":"MP3","bitrate":256,"tags":"anime groove, animegroove, city pop, citypop, future funk, futurefunk, japan, japanese, nu disco, nudisco"}},{"type":"Feature","geometry":{"type":"Point","coordinates":[127.4635,37.6988]},"properties":{"id":"ba90ebe7-18a1-4014-b6a8-e7a8212e4e36","name":"평양FM","country":"The Republic Of Korea","countryCode":"KR","state":"South Korea","category":"news","streamUrl":"https://listen7.myradio24.com/69366","codec":"MP3","bitrate":128,"tags":"105.2, 105.2 fm, music, news"}},{"type":"Feature","geometry":{"type":"Point","coordinates":[2.7532,49.2305]},"properties":{"id":"0ee0fb71-e19d-475b-9135-b914d0d6e4cf","name":"RTL2","country":"France","countryCode":"FR","state":"France","category":"music","streamUrl":"http://icecast.rtl2.fr/rtl2-1-44-128?listen=webCwsBCggNCQgLDQUGBAcGBg","codec":"MP3","bitrate":128,"tags":"pop"}},{"type":"Feature","geometry":{"type":"Point","coordinates":[2.6831,49.3362]},"properties":{"id":"e1d428c9-6896-4b27-ae75-e00e69e0ca7d","name":"FM 80 FUNKY MUSIC","country":"France","countryCode":"FR","state":"Provence-Alpes-Côte d'Azur, Cannes","category":"music","streamUrl":"https://listen.radioking.com/radio/467555/stream/523739","codec":"MP3","bitrate":192,"tags":"80's, disco, funk, oldies, pop, soul"}},{"type":"Feature","geometry":{"type":"Point","coordinates":[139.5642,35.3214]},"properties":{"id":"f96b2ae2-fe8c-4248-a92d-3c86ebc8f50c","name":"yamanakako from Fuji Iyashinomori Woodland Study Center, The University of Tokyo Forests (Yamanakako, Yamanashi)","country":"Japan","countryCode":"JP","state":"tokyo","category":"music","streamUrl":"http://mp3s.nc.u-tokyo.ac.jp/Fuji_CyberForest.mp3","codec":"MP3","bitrate":185,"tags":"relax"}},{"type":"Feature","geometry":{"type":"Point","coordinates":[11.992435455322266,57.715108641509296]},"properties":{"id":"78563d75-79f2-4c67-a80d-291891e2fb88","name":"Bandit Metal","country":"Sweden","countryCode":"SE","state":"","category":"music","streamUrl":"https://wr03-ice.stream.khz.se/wr03_mp3","codec":"MP3","bitrate":128,"tags":"death metal, hard rock, metal"}},{"type":"Feature","geometry":{"type":"Point","coordinates":[104.465389251709,0.9087543914832968]},"properties":{"id":"2af1f7b5-5974-4374-8082-a101e6d9e225","name":"RRI Pro 1 Tanjungpinang","country":"Indonesia","countryCode":"ID","state":"","category":"weather","streamUrl":"https://stream-node2.rri.co.id/streaming/21/9221/rritjpinangpro1.mp3","codec":"AAC+","bitrate":64,"tags":"local music, local news, local weather, music, news, talk show radio"}},{"type":"Feature","geometry":{"type":"Point","coordinates":[113.6581,22.101]},"properties":{"id":"fd88f043-118a-4b6f-8b1d-2a4cce984f06","name":"La French Radio Honk-Kong et Macao","country":"Hong Kong","countryCode":"HK","state":"Hong Kong","category":"music","streamUrl":"https://listen.radioking.com/radio/333865/stream/382282","codec":"MP3","bitrate":128,"tags":""}},{"type":"Feature","geometry":{"type":"Point","coordinates":[121.5406,25.0257]},"properties":{"id":"14cf2016-7ac7-482c-8573-49ceaf25c277","name":"九八新聞台","country":"Taiwan, Republic Of China","countryCode":"TW","state":"Taipei","category":"news","streamUrl":"https://n17a-eu.rcs.revma.com/pntx1639ntzuv","codec":"AAC","bitrate":128,"tags":"news"}},{"type":"Feature","geometry":{"type":"Point","coordinates":[120.4517,24.9872]},"properties":{"id":"a03b8f93-540f-47d0-aa20-152b949b389f","name":"Needs Radio 全球華語廣播網","country":"Taiwan, Republic Of China","countryCode":"TW","state":"Taiwan","category":"talk","streamUrl":"https://cdn280.ccdntech.com/live-http/_definst_/vod280_Live/needs/chunklist.m3u8","codec":"UNKNOWN","bitrate":128,"tags":"arts, culture, public radio"}},{"type":"Feature","geometry":{"type":"Point","coordinates":[121.187,23.5359]},"properties":{"id":"5fc79d64-1690-46e5-aa91-94fc0c3d193e","name":"台海之聲","country":"Taiwan, Republic Of China","countryCode":"TW","state":"Taiwan","category":"music","streamUrl":"https://satellitepull.cnr.cn/live/wxzhzs/playlist.m3u8?wsSession=c650605f64c6488d38b66982-174761774475052&wsIPSercert=270c8446fe14303f2433a2f164ccd9e5","codec":"UNKNOWN","bitrate":128,"tags":"full service"}},{"type":"Feature","geometry":{"type":"Point","coordinates":[77.54541882208173,28.47366580537504]},"properties":{"id":"cd269772-d488-4285-a646-3f739039ae5e","name":"Suno Sharda - 90.8FM","country":"India","countryCode":"IN","state":"Uttar Pradesh","category":"talk","streamUrl":"https://streamasiacdn.atc-labs.com/shardaradio.aac","codec":"AAC+","bitrate":64,"tags":"added by shivam, hindi, noida, talk"}},{"type":"Feature","geometry":{"type":"Point","coordinates":[24.5934,60.2721]},"properties":{"id":"96275f12-0601-11e8-ae97-52543be04c81","name":"Kaaosradio - 24h","country":"Finland","countryCode":"FI","state":"Finland","category":"music","streamUrl":"http://stream.kaaosradio.fi:8000/stream","codec":"MP3","bitrate":128,"tags":"electronic, hardcore, techno"}},{"type":"Feature","geometry":{"type":"Point","coordinates":[114.474,22.3692]},"properties":{"id":"3f82d490-0bf2-41bd-8c69-00f4fe8580e7","name":"Metro Plus 1044 AM","country":"Hong Kong","countryCode":"HK","state":"Hong Kong, SAR of China","category":"news","streamUrl":"http://162.220.162.10:8011/stream","codec":"MP3","bitrate":128,"tags":"music, news"}},{"type":"Feature","geometry":{"type":"Point","coordinates":[107.0513,-6.2637]},"properties":{"id":"6bd67acb-e99e-4673-8270-19d55935be2a","name":"Mosh Head Black Metal ID","country":"Indonesia","countryCode":"ID","state":"Yogyakarta","category":"music","streamUrl":"https://moshhead-blackmetal.stream.laut.fm/moshhead-blackmetal","codec":"MP3","bitrate":128,"tags":"black metal, death metal, heavy metal"}},{"type":"Feature","geometry":{"type":"Point","coordinates":[-95.34622192382812,29.7590499535585]},"properties":{"id":"b01369dd-2147-425e-a7a5-bf52f096f3fa","name":"Sangeet Radio FM 95.1 AM 1460 Houston, TX, US","country":"The United States Of America","countryCode":"US","state":"Texas","category":"talk","streamUrl":"https://ice8.securenetsystems.net/SGTRADIO","codec":"AAC+","bitrate":32,"tags":"hindi, music, sangeet radio fm 95.1 am 1460 houston, talks, tx, urdu, us, usa"}},{"type":"Feature","geometry":{"type":"Point","coordinates":[120.2762,22.6201]},"properties":{"id":"9b614adf-04e1-4a2e-b23c-2bf5ed16a694","name":"下港之聲FM90.5","country":"Taiwan, Republic Of China","countryCode":"TW","state":"Kaohsiung","category":"talk","streamUrl":"http://59.120.255.155:8081/","codec":"MP3","bitrate":128,"tags":"talk"}},{"type":"Feature","geometry":{"type":"Point","coordinates":[17.8945,59.7352]},"properties":{"id":"1e6e8797-ca3e-41d2-881b-56fa455f3ee1","name":"Sveriges Radio P1","country":"Sweden","countryCode":"SE","state":"Västra Götaland","category":"news","streamUrl":"https://live1.sr.se/p1-aac-32","codec":"AAC","bitrate":32,"tags":"news talk music"}},{"type":"Feature","geometry":{"type":"Point","coordinates":[0.4284,51.4453]},"properties":{"id":"07afab0b-d31a-4a1a-9e32-cc7f5bfbd53f","name":"Crime Incorporated - Pumpkin FM","country":"The United Kingdom Of Great Britain And Northern Ireland","countryCode":"GB","state":"London, England","category":"public-safety","streamUrl":"https://cast2.asurahosting.com/proxy/crimeinc/stream","codec":"MP3","bitrate":64,"tags":"crime, detective, mystery, old time radio, police, suspense"}},{"type":"Feature","geometry":{"type":"Point","coordinates":[139.43847656250003,35.35321610123823]},"properties":{"id":"a36cb1a5-f9b5-4739-a86a-987d256b7d0e","name":"J-Club Club Bandstand","country":"Japan","countryCode":"JP","state":"","category":"music","streamUrl":"https://cast1.torontocast.com:2060/;.mp3","codec":"MP3","bitrate":128,"tags":"1930s, 1940s, big band, jazz, swing"}},{"type":"Feature","geometry":{"type":"Point","coordinates":[-0.1043701171875,51.513870548723986]},"properties":{"id":"9d029cf2-bff5-4382-ad56-cabb568b84b4","name":"BBC Radio 5 Live (UK-HLS-Akamai)","country":"The United Kingdom Of Great Britain And Northern Ireland","countryCode":"GB","state":"","category":"news","streamUrl":"http://a.files.bbci.co.uk/ms6/live/3441A116-B12E-4D2F-ACA8-C1984642FA4B/audio/simulcast/hls/uk/audio_syndication_high_sbr_v1/ak/bbc_radio_five_live.m3u8","codec":"AAC","bitrate":339,"tags":""}},{"type":"Feature","geometry":{"type":"Point","coordinates":[113.6001,21.7704]},"properties":{"id":"1875ea38-6f79-4277-b4d5-8db900077100","name":"RTHK Radio 3","country":"Hong Kong","countryCode":"HK","state":"Hong Kong","category":"news","streamUrl":"https://rthkradio3-live.akamaized.net/hls/live/2040079/radio3/master.m3u8","codec":"AAC","bitrate":70,"tags":"english, information, news"}},{"type":"Feature","geometry":{"type":"Point","coordinates":[31.2357,30.0444]},"properties":{"id":"41e19a4b-c517-486b-a111-6b3472eee741","name":"OM Kalthom أم كلثوم","country":"Egypt","countryCode":"EG","state":"","category":"music","streamUrl":"https://stream.zeno.fm/zsgrfxg71s8uv","codec":"MP3","bitrate":128,"tags":"arabic, classics, music, oriental"}},{"type":"Feature","geometry":{"type":"Point","coordinates":[-99.13358688354492,19.43349589121079]},"properties":{"id":"510506e7-6bc0-4b91-b6a1-fc024ccad1a8","name":"SMOOTH JAZZ: Sax, piano, guitarra y voz: cool jazz","country":"Mexico","countryCode":"MX","state":"Ciudad de México","category":"music","streamUrl":"https://playerservices.streamtheworld.com/api/livestream-redirect/ACIR22_s01AAC.aac","codec":"AAC+","bitrate":48,"tags":"acir, acir online, américa, cdmx, ciudad de méxico, cool jazz, entretenimiento, español, estación, grupo acir"}},{"type":"Feature","geometry":{"type":"Point","coordinates":[139.44156646728518,35.32179239235145]},"properties":{"id":"121df42c-e7a1-4a57-ab0b-a5149ae3956f","name":"Shonan Beach FM 78.9 湘南ビーチ","country":"Japan","countryCode":"JP","state":"","category":"music","streamUrl":"http://shonanbeachfm.out.airtime.pro:8000/shonanbeachfm_a","codec":"MP3","bitrate":128,"tags":"jazz"}},{"type":"Feature","geometry":{"type":"Point","coordinates":[174.3683,-41.5319]},"properties":{"id":"4bcd4860-b8b6-4dc7-834c-d0dce43e9291","name":"3ABN Christian Radio","country":"New Zealand","countryCode":"NZ","state":"Christchurch","category":"music","streamUrl":"https://stream.3abnaustralia.org.au:8443/stream","codec":"AAC+","bitrate":56,"tags":"bible teaching, christian, music"}},{"type":"Feature","geometry":{"type":"Point","coordinates":[-65.07408142089845,-85.01911790297841]},"properties":{"id":"f288200c-0093-4a5f-8aac-9e043879b7d9","name":"Radio Humilite","country":"Haiti","countryCode":"HT","state":"carrefour","category":"news","streamUrl":"https://stream-204.surfernetwork.com/qhlllaz21cmuv?zt=eyJhbGciOiJIUzI1NiJ9.eyJzdHJlYW0iOiJxaGxsbGF6MjFjbXV2IiwiaG9zdCI6InN0cmVhbS0yMDQuc3VyZmVybmV0d29yay5jb20iLCJ0bSI6ZmFsc2UsInJ0dGwiOjUsImp0aSI6Ilg5NDBlVkZhU2NxQXZ0R0NxSmUtWEEiLCJpYXQiOjE3ODk1Mzg0OTMsImV4cCI6MTc4OTUzODU1M30.7XG2oFrVQOAX0prn6-1xn4hErU0ZfTobEj5du_rXaA8","codec":"MP3","bitrate":128,"tags":"cultural news, gospel music, sports news"}},{"type":"Feature","geometry":{"type":"Point","coordinates":[4.402635790952025,50.85325707417748]},"properties":{"id":"40386f09-7c9b-470e-b6df-03b4a1f30f70","name":"De Tijdloze","country":"Belgium","countryCode":"BE","state":"Brussels","category":"music","streamUrl":"http://icecast.vrtcdn.be/stubru_tijdloze-high.mp3","codec":"MP3","bitrate":128,"tags":"alternative indie rock, metal, vrt"}},{"type":"Feature","geometry":{"type":"Point","coordinates":[11.64776813577383,48.12775420910939]},"properties":{"id":"d06dd5cb-97f4-48f6-8146-ec89e7b94cc0","name":"-- # TOP 100 CHARTS --- DJ MIXES -- Pop, Rock, Dance, House, Techno, Trance, Electro, Hip-Hop, Rap, RnB, Reggaeton, Latin, Jazz, Blues, Soul, Funk, Metal, Indie, Alternative, Chillout, Lounge, Ambient, Classical, Acoustic, Party, Hits, Charts, Oldies, 80s, 90s, EDM, Club, Deep House, Tropical, Mood, Love Songs, Workout, Relax","country":"Germany","countryCode":"DE","state":"Bavaria","category":"music","streamUrl":"https://breakz-high.rautemusik.fm/?ref=rb-djclubcharts0326","codec":"MP3","bitrate":192,"tags":"charts, chillout, edm, edm festival, house, lifestyle, lounge, non-stop music, party, party hits"}},{"type":"Feature","geometry":{"type":"Point","coordinates":[151.19590759277347,-33.86840228432006]},"properties":{"id":"ebb7df21-bfd3-4dba-851f-ad2acc7234bc","name":"2SM SRN Sydney","country":"Australia","countryCode":"AU","state":"","category":"news","streamUrl":"https://cast4.asurahosting.com/proxy/2sm1269/stream","codec":"AAC+","bitrate":32,"tags":"news talk, sport, talkback"}},{"type":"Feature","geometry":{"type":"Point","coordinates":[121.0891,24.5012]},"properties":{"id":"528cb5db-a6b3-4abb-bf7f-d1ed99cb2a5d","name":"美聲廣播電臺","country":"Taiwan, Republic Of China","countryCode":"TW","state":"Taiwan","category":"talk","streamUrl":"http://1.34.23.16:8080/broadwavehigh.mp3","codec":"MP3","bitrate":128,"tags":"talk"}},{"type":"Feature","geometry":{"type":"Point","coordinates":[-95.2135705947876,18.447757680617418]},"properties":{"id":"f46f0540-0409-494d-934b-646323e472b2","name":"La Ke Buena San Andrés Tuxtla - 103.9 FM - XHDQ-FM - San Andrés Tuxtla, Veracruz","country":"Mexico","countryCode":"MX","state":"Veracruz","category":"music","streamUrl":"https://streaming.servicioswebmx.com/8146/stream","codec":"MP3","bitrate":128,"tags":"103.9 fm, cuatro media, estación, fm, grupera, grupero, la ke buena, latinoamérica, mexican music, moi merino"}},{"type":"Feature","geometry":{"type":"Point","coordinates":[21.4763,52.1515]},"properties":{"id":"912cadec-4484-4b09-8d71-9e3e45c8826b","name":"VOX DJ Mix","country":"Poland","countryCode":"PL","state":"Poland","category":"music","streamUrl":"http://waw.ic.smcdn.pl/6020-1.mp3","codec":"MP3","bitrate":128,"tags":""}},{"type":"Feature","geometry":{"type":"Point","coordinates":[114.5678,22.0285]},"properties":{"id":"7c426f02-1c08-409c-8068-3a0d82bb1ea3","name":"ZENO FM 良友同行频道","country":"Hong Kong","countryCode":"HK","state":"Hong Kong","category":"music","streamUrl":"https://stream.zeno.fm/2uvcyzjw38ivv","codec":"MP3","bitrate":128,"tags":"religion"}},{"type":"Feature","geometry":{"type":"Point","coordinates":[7.897193297010576,47.31999741830057]},"properties":{"id":"3bb2d57f-f7a6-49e7-afb5-89daf251de9d","name":"RADIO ARGOVIA","country":"Switzerland","countryCode":"CH","state":"Aargau","category":"music","streamUrl":"https://stream.streambase.ch/argovia/mp3-192/direct/","codec":"MP3","bitrate":128,"tags":""}},{"type":"Feature","geometry":{"type":"Point","coordinates":[24.5003,60.5873]},"properties":{"id":"367c1fbe-1fe8-49cb-9655-8908aa308510","name":"LBC","country":"Finland","countryCode":"FI","state":"Finland","category":"talk","streamUrl":"http://ice-sov.musicradio.com/LBCLondon","codec":"AAC","bitrate":48,"tags":"talk"}},{"type":"Feature","geometry":{"type":"Point","coordinates":[174.8291,-41.6518]},"properties":{"id":"2ef52514-f78f-483e-94b6-7b7a11d8808a","name":"RNZ National AAC (128kbps)","country":"New Zealand","countryCode":"NZ","state":"Auckland","category":"news","streamUrl":"http://radionz-ice.streamguys.com/National_aac128","codec":"AAC","bitrate":128,"tags":"features, national affairs, news"}},{"type":"Feature","geometry":{"type":"Point","coordinates":[100.6554,14.32]},"properties":{"id":"d54c5fa1-b129-410a-8eac-c76ec6daa734","name":"FM 93.50 MHz บ้านใหม่ เรดิโอ","country":"Thailand","countryCode":"TH","state":"Thailand","category":"music","streamUrl":"https://radio10.plathong.net/7590/;stream.mp3","codec":"MP3","bitrate":128,"tags":"music"}},{"type":"Feature","geometry":{"type":"Point","coordinates":[127.48809816548602,36.63579090259921]},"properties":{"id":"3a6cf532-d730-4b92-91bf-f3d5434a2159","name":"MBC충북 표준FM","country":"The Republic Of Korea","countryCode":"KR","state":"cheongju","category":"music","streamUrl":"http://211.33.246.4:32954/radio_stfm/myStream.sdp/chunklist_w392819215.m3u8","codec":"UNKNOWN","bitrate":128,"tags":""}},{"type":"Feature","geometry":{"type":"Point","coordinates":[174.2842,-41.0869]},"properties":{"id":"dbc8afb2-b62d-4e2f-8620-b81fab471288","name":"Newstalk ZB","country":"New Zealand","countryCode":"NZ","state":"New Zealand","category":"news","streamUrl":"https://playerservices.streamtheworld.com/api/livestream-redirect/NZME_01AAC.m3u8?aw_0_1st.playerid=iHeartRadioWebPlayer&aw_0_1st.skey=9631949606&clientType=web&companionAds=false&deviceName=web-desktop&dist=iheart&host=webapp.NZ&listenerId=&playedFrom=157&pname=live_profile&profileId=9631949606&stationid=6187&terminalId=162&territory=NZ","codec":"AAC+","bitrate":64,"tags":"legacy media, talkback hosts"}},{"type":"Feature","geometry":{"type":"Point","coordinates":[18.3402,59.0134]},"properties":{"id":"fa0f560a-e7f4-4918-b02d-d61a740b075e","name":"Soul Classics","country":"Sweden","countryCode":"SE","state":"Sweden","category":"music","streamUrl":"https://wr08-ice.stream.khz.se/wr08_mp3","codec":"MP3","bitrate":128,"tags":"classic soul"}},{"type":"Feature","geometry":{"type":"Point","coordinates":[-21.6201,64.6195]},"properties":{"id":"223a427e-2661-41c0-a40a-7d15fdca9da4","name":"80´s Flash Back","country":"Iceland","countryCode":"IS","state":"Iceland","category":"music","streamUrl":"http://ice-11.spilarinn.is/80flashback","codec":"MP3","bitrate":128,"tags":"80´s pop"}},{"type":"Feature","geometry":{"type":"Point","coordinates":[121.5272,25.0619]},"properties":{"id":"93a9c4da-0149-44ad-b433-ca4bbdb71d52","name":"漢聲中波","country":"Taiwan, Republic Of China","countryCode":"TW","state":"Taipei","category":"music","streamUrl":"http://202.39.43.67:1935/live/RA000074/chunklist.m3u8","codec":"UNKNOWN","bitrate":128,"tags":""}},{"type":"Feature","geometry":{"type":"Point","coordinates":[120.6972,24.1383]},"properties":{"id":"18ece015-83f6-4caa-958c-adfb30b53e58","name":"台中古典音樂台","country":"Taiwan, Republic Of China","countryCode":"TW","state":"Taichung","category":"music","streamUrl":"http://onair.family977.com.tw:8000/live.mp3","codec":"MP3","bitrate":192,"tags":""}},{"type":"Feature","geometry":{"type":"Point","coordinates":[12.96405641972581,42.41048253709]},"properties":{"id":"57c2fbb7-4f55-4857-8cb0-876f07809a38","name":"Radio Bruno - Made in Italy","country":"Italy","countryCode":"IT","state":"","category":"music","streamUrl":"https://stream2.xdevel.com/audio1s975355-54/stream/icecast.audio","codec":"AAC+","bitrate":128,"tags":"italian pop"}},{"type":"Feature","geometry":{"type":"Point","coordinates":[33.1338,39.6748]},"properties":{"id":"e97c64f6-04c9-4268-a18f-e77fd6ce1416","name":"Aşk FM","country":"Türkiye","countryCode":"TR","state":"Ankara","category":"music","streamUrl":"http://yayin.asymedya.com:8020/;","codec":"AAC+","bitrate":32,"tags":"pop music"}},{"type":"Feature","geometry":{"type":"Point","coordinates":[139.7872,35.8142]},"properties":{"id":"f10bb488-9f8d-40da-9f7d-f4fa63191c68","name":"AFN GO TOKYO","country":"Japan","countryCode":"JP","state":"tokyo","category":"music","streamUrl":"http://13743.live.streamtheworld.com:3690/AFNP_TKO_SC","codec":"MP3","bitrate":96,"tags":"military"}},{"type":"Feature","geometry":{"type":"Point","coordinates":[0.3458,52.0548]},"properties":{"id":"a1b40e7a-94fe-4199-bd8f-31a7ed074a53","name":"BBC Radio One","country":"The United Kingdom Of Great Britain And Northern Ireland","countryCode":"GB","state":"United Kingdom","category":"news","streamUrl":"https://a.files.bbci.co.uk/ms6/live/3441A116-B12E-4D2F-ACA8-C1984642FA4B/audio/simulcast/hls/nonuk/audio_syndication_low_sbr_v1/aks/bbc_radio_one.m3u8","codec":"AAC+","bitrate":101,"tags":""}},{"type":"Feature","geometry":{"type":"Point","coordinates":[139.2075,35.1274]},"properties":{"id":"df402746-9d27-4b53-8d07-ab4634ac8b66","name":"大富ラジオ","country":"Japan","countryCode":"JP","state":"Japan","category":"music","streamUrl":"https://stream.zeno.fm/oaxp6mswcqltv","codec":"MP3","bitrate":128,"tags":""}},{"type":"Feature","geometry":{"type":"Point","coordinates":[11.985883140228808,57.71398474622874]},"properties":{"id":"003dea75-02eb-40c2-8a92-5150a709b74d","name":"Sveriges Radio P4 Göteborg","country":"Sweden","countryCode":"SE","state":"","category":"music","streamUrl":"https://live1.sr.se/p4gbg-aac-320","codec":"AAC","bitrate":312,"tags":"local radio, music"}},{"type":"Feature","geometry":{"type":"Point","coordinates":[77.04670150212483,21.365786625801537]},"properties":{"id":"d3e8d3a0-d54e-4ae4-b8dc-45d57ad99074","name":"Radio 24","country":"India","countryCode":"IN","state":"Maharashtra","category":"music","streamUrl":"https://s7.everestcast.com:1155/stream","codec":"MP3","bitrate":128,"tags":"bollywood, bollywood music, hindi bollywood"}},{"type":"Feature","geometry":{"type":"Point","coordinates":[12.43408799171448,41.77402818899893]},"properties":{"id":"d7a0a800-b461-44f0-a444-058e10f27e7c","name":"RADIO DIMENSIONE RELAX","country":"Italy","countryCode":"IT","state":"","category":"music","streamUrl":"https://az1.mediacp.eu/listen/radiodimensionerelax/radio.mp3","codec":"MP3","bitrate":128,"tags":"ambient, ambient and relaxation music, ambient lounge, ambiental, chillout, chillout+lounge, deep ambient, italian music, jazz, lounge"}},{"type":"Feature","geometry":{"type":"Point","coordinates":[24.941689968109134,60.171163466501895]},"properties":{"id":"1917621f-352f-4589-8e4d-74c0402cd11b","name":"NRJ","country":"Finland","countryCode":"FI","state":"Uusimaa","category":"music","streamUrl":"https://stream-redirect.bauermedia.fi/nrj/nrj_64.aac?aw_0_1st.bauer_loggedin=false&aw_0_1st.playerid=BMUK_tunein","codec":"AAC","bitrate":64,"tags":"pop"}},{"type":"Feature","geometry":{"type":"Point","coordinates":[100.0521,13.1762]},"properties":{"id":"06ed0e2b-41b5-4d08-8854-fcb339d25a35","name":"FM 91","country":"Thailand","countryCode":"TH","state":"Thailand","category":"music","streamUrl":"https://www.fm91bkk.com:8900/;stream.mp3","codec":"MP3","bitrate":320,"tags":""}},{"type":"Feature","geometry":{"type":"Point","coordinates":[174.7673492676169,-36.87788876938578]},"properties":{"id":"bc9ac88d-9af6-4564-9cb4-57edf4d36865","name":"The Rock - NZ's #1 rock radio station","country":"New Zealand","countryCode":"NZ","state":"Auckland","category":"music","streamUrl":"https://digitalstreams.mediaworks.nz/rock_net_icy","codec":"AAC","bitrate":129,"tags":"alternative rock, classic rock, hard rock, pop rock, rock, soft rock"}},{"type":"Feature","geometry":{"type":"Point","coordinates":[24.3546,59.7549]},"properties":{"id":"cfb85c6c-76b4-11ea-b1cf-52543be04c81","name":"Radio Helsinki 98,5 Mhz","country":"Finland","countryCode":"FI","state":"Finland","category":"music","streamUrl":"https://stream.radiohelsinki.fi/stream","codec":"MP3","bitrate":256,"tags":""}},{"type":"Feature","geometry":{"type":"Point","coordinates":[-74.7715,47.1566]},"properties":{"id":"35fa9c1c-4f62-4cdc-93fc-b895f6f91b73","name":"加拿大中文电台FM94.7","country":"Canada","countryCode":"CA","state":"Calgary","category":"music","streamUrl":"https://5b2959fe11444.streamlock.net/radio/fm947.stream/playlist.m3u8","codec":"AAC","bitrate":51,"tags":"full service"}},{"type":"Feature","geometry":{"type":"Point","coordinates":[76.2386,11.2855]},"properties":{"id":"15d870bb-86aa-4f97-8360-b586f71886d4","name":"Radio Digital Malayali","country":"India","countryCode":"IN","state":"kerala","category":"music","streamUrl":"https://radio.digitalmalayali.in/listen/stream/radio.mp3","codec":"MP3","bitrate":128,"tags":"bollywood, hindi, indian, kollywood, lo-fi, lofi, malayalam, mollywood, tamil"}},{"type":"Feature","geometry":{"type":"Point","coordinates":[18.015351891517643,59.32715197400692]},"properties":{"id":"0772676d-9fe4-4945-b63f-3e88e5aeb374","name":"Mix Megapol 104,3","country":"Sweden","countryCode":"SE","state":"Stockholm","category":"music","streamUrl":"https://live-bauerse-fm.sharp-stream.com/mixmegapol_instream_se_mp3","codec":"MP3","bitrate":128,"tags":"pop"}},{"type":"Feature","geometry":{"type":"Point","coordinates":[-81.57863616943361,41.28026561530337]},"properties":{"id":"bd5229cc-0649-436b-a271-a194c84dafe7","name":"WTAM 1100 - Cleveland, Ohio","country":"The United States Of America","countryCode":"US","state":"Ohio","category":"news","streamUrl":"https://stream.revma.ihrhls.com/zc1749","codec":"AAC","bitrate":128,"tags":"local news, local talk, news, news talk, talk, talk radio"}},{"type":"Feature","geometry":{"type":"Point","coordinates":[139.80937242507937,35.765196631213904]},"properties":{"id":"fdffc27f-a096-4be8-b3bf-2c51a943a1d1","name":"Gotanno FM 89.2","country":"Japan","countryCode":"JP","state":"Tokyo","category":"music","streamUrl":"https://radio.gotanno.love/;","codec":"MP3","bitrate":128,"tags":"indie pop, jpop"}},{"type":"Feature","geometry":{"type":"Point","coordinates":[-0.12831687927246097,51.507755836232896]},"properties":{"id":"f7fd408e-02a5-49a1-8c03-078727e97e8f","name":"BBC RADIO 1 - The biggest new pop and all-day vibes","country":"The United Kingdom Of Great Britain And Northern Ireland","countryCode":"GB","state":"London","category":"news","streamUrl":"http://a.files.bbci.co.uk/ms6/live/3441A116-B12E-4D2F-ACA8-C1984642FA4B/audio/simulcast/hls/nonuk/pc_hd_abr_v2/cf/bbc_radio_one.m3u8","codec":"AAC+","bitrate":101,"tags":"97.1 fm, 99.7 fm, bbc, bbc radio 1, dab, england, entertainment, entretenimiento, estación, europa"}},{"type":"Feature","geometry":{"type":"Point","coordinates":[13.403,51.9336]},"properties":{"id":"8cda8d0d-6166-4881-b9e3-db0994ce23be","name":"0R - DEEP HOUSE || Chillout, Ambient House, Chill, Lounge, Electronic, Dance, Smooth, Vocal, Club, Night, Party, Groove, Melodic, Summer, Beat","country":"Germany","countryCode":"DE","state":"Berlin-Brandenburg","category":"music","streamUrl":"https://0nlineradio.radioho.st/technolovers-deep-house?ref=radio-browser26","codec":"MP3","bitrate":192,"tags":"ambient, club house, deep house, easy listening, electro house, electronic, house, ibiza, soulful house, summer"}},{"type":"Feature","geometry":{"type":"Point","coordinates":[18.6003,59.4774]},"properties":{"id":"d1c40bbb-618a-11e8-b15b-52543be04c81","name":"SceneSat Radio (AAC+ mobile)","country":"Sweden","countryCode":"SE","state":"Sweden","category":"music","streamUrl":"https://streams.scenesat.com/main/mobile.aac","codec":"AAC","bitrate":128,"tags":"demoscene"}},{"type":"Feature","geometry":{"type":"Point","coordinates":[106.929931640625,-6.582419037959305]},"properties":{"id":"36db69aa-2a1a-4d74-b9de-bf0edfe7159e","name":"Mettaswara Dangdut","country":"Indonesia","countryCode":"ID","state":"","category":"music","streamUrl":"https://mettaswara.com:8700/d4d","codec":"AAC","bitrate":64,"tags":""}},{"type":"Feature","geometry":{"type":"Point","coordinates":[120.6834,14.6075]},"properties":{"id":"0839fc8f-00d6-40ec-8d52-f9f82e217852","name":"Hope FM Kenya","country":"The Philippines","countryCode":"PH","state":"Philippines","category":"music","streamUrl":"https://a5.asurahosting.com:7530/radio.mp3","codec":"MP3","bitrate":128,"tags":""}},{"type":"Feature","geometry":{"type":"Point","coordinates":[114.169921875,22.248428704383624]},"properties":{"id":"98f1beba-b3eb-43d9-81f9-8bb09098f184","name":"香港電台第一台","country":"Hong Kong","countryCode":"HK","state":"Hong Kong","category":"news","streamUrl":"https://rthkradio1-live.akamaized.net/hls/live/2035313/radio1/index_64_a.m3u8","codec":"UNKNOWN","bitrate":128,"tags":"information, news"}},{"type":"Feature","geometry":{"type":"Point","coordinates":[-22.2111,64.1267]},"properties":{"id":"9624075b-0601-11e8-ae97-52543be04c81","name":"Trolli FM 103.7 Siglufjordu","country":"Iceland","countryCode":"IS","state":"Iceland","category":"music","streamUrl":"http://live.trolli.is:8200/;","codec":"MP3","bitrate":256,"tags":"adult contemporary, siglufjordu, top 40"}},{"type":"Feature","geometry":{"type":"Point","coordinates":[120.5061,22.6894]},"properties":{"id":"7a54e715-467f-47c1-8785-b812719170d2","name":"屏東大武山廣播","country":"Taiwan, Republic Of China","countryCode":"TW","state":"Pingtung","category":"talk","streamUrl":"http://59.120.255.171:8081/","codec":"MP3","bitrate":128,"tags":"talk"}},{"type":"Feature","geometry":{"type":"Point","coordinates":[103.7922513484955,1.2953635219226556]},"properties":{"id":"aba522d0-e676-4098-b051-87e1db850716","name":"CLASS 95","country":"Singapore","countryCode":"SG","state":"","category":"music","streamUrl":"https://playerservices.streamtheworld.com/api/livestream-redirect/CLASS95_PREM.aac","codec":"AAC+","bitrate":64,"tags":"melisten"}},{"type":"Feature","geometry":{"type":"Point","coordinates":[2.6367187500000004,43.775060351224695]},"properties":{"id":"766f2be3-676f-40af-80e7-eab16f0da225","name":"Made in 80","country":"France","countryCode":"FR","state":"Grand Est","category":"music","streamUrl":"https://madein80.leswebradios.fr/","codec":"MP3","bitrate":192,"tags":"1980s hits, 80's, 80s, the best of 80's"}},{"type":"Feature","geometry":{"type":"Point","coordinates":[126.5164,37.6341]},"properties":{"id":"00f532d5-7b4b-4f6f-8195-bef905df50ab","name":"Arirang Radio","country":"The Republic Of Korea","countryCode":"KR","state":"South Korea","category":"music","streamUrl":"http://amdlive.ctnd.com.edgesuite.net/arirang_3ch/smil:arirang_3ch.smil/chunklist_b3256000_sleng.m3u8","codec":"UNKNOWN","bitrate":128,"tags":""}},{"type":"Feature","geometry":{"type":"Point","coordinates":[-93.22375774383544,36.64696375874787]},"properties":{"id":"f4896119-5e73-42be-8c07-bc1e7e79e815","name":"HPR1: Traditional Classic Country","country":"The United States Of America","countryCode":"US","state":"","category":"music","streamUrl":"https://us2.maindigitalstream.com/ssl/7713","codec":"MP3","bitrate":128,"tags":"country"}},{"type":"Feature","geometry":{"type":"Point","coordinates":[2.862,48.3614]},"properties":{"id":"963b7e6f-0601-11e8-ae97-52543be04c81","name":"Bretagne 5","country":"France","countryCode":"FR","state":"Bretagne","category":"weather","streamUrl":"http://bretagne5.streamakaci.com/bretagne5.mp3","codec":"MP3","bitrate":192,"tags":"local news, local weather, music, news, regional radio"}},{"type":"Feature","geometry":{"type":"Point","coordinates":[-5.995016098022461,37.388403885612206]},"properties":{"id":"01dd57ed-db38-4b33-bd4e-7a5ee8bcfe50","name":"Cadena SER Sevilla","country":"Spain","countryCode":"ES","state":"Sevilla","category":"news","streamUrl":"https://playerservices.streamtheworld.com/api/livestream-redirect/SER_SEVILLA.mp3","codec":"MP3","bitrate":128,"tags":"local news, news, news talk, news talk music"}},{"type":"Feature","geometry":{"type":"Point","coordinates":[114.169921875,22.248428704383624]},"properties":{"id":"c11e8296-758d-4ece-a891-cad8236f8c09","name":"香港新城电台知讯台","country":"Hong Kong","countryCode":"HK","state":"Hong Kong","category":"news","streamUrl":"https://1603884249.rsc.cdn77.org/1603884249/index.m3u8","codec":"AAC","bitrate":100,"tags":"culture, music, news, news talk"}},{"type":"Feature","geometry":{"type":"Point","coordinates":[24.94150757789612,60.17062162658905]},"properties":{"id":"dfecd929-2688-4107-90b4-766a0e0cb663","name":"Nostalgia","country":"Finland","countryCode":"FI","state":"Uusimaa","category":"music","streamUrl":"https://stream-redirect.bauermedia.fi/nostalgia/nostalgia_64.aac?aw_0_1st.bauer_loggedin=false&aw_0_1st.playerid=BMUK_tunein","codec":"AAC","bitrate":64,"tags":"nostalgia"}},{"type":"Feature","geometry":{"type":"Point","coordinates":[12.0557,41.5581]},"properties":{"id":"caf01ffe-e18a-4158-bf9e-e947aa50d2b9","name":"Romantica Radio (RomanticaRadio Web)","country":"Italy","countryCode":"IT","state":"Italy","category":"music","streamUrl":"https://vetrina.multi-radio.com/romanticaradio","codec":"AAC+","bitrate":64,"tags":"60's, 60s, 64 kbps, 64 kbps aac+, 64kbps, 70's, 70s, 80's, 80s, 90's"}},{"type":"Feature","geometry":{"type":"Point","coordinates":[13.4342,52.3361]},"properties":{"id":"eac50ec2-a5ec-4600-a863-3116f40bcc41","name":"N-JOY","country":"Germany","countryCode":"DE","state":"Germany","category":"talk","streamUrl":"https://icecast.ndr.de/ndr/njoy/live/mp3/128/stream.mp3","codec":"MP3","bitrate":128,"tags":"music, pop, talk, youth"}},{"type":"Feature","geometry":{"type":"Point","coordinates":[-0.2984,51.4535]},"properties":{"id":"5df5fc8a-3259-4d29-988d-814ab6332ece","name":"Gen X Radio","country":"The United Kingdom Of Great Britain And Northern Ireland","countryCode":"GB","state":"Suffolk","category":"weather","streamUrl":"https://s2.radio.co/sf25229e16/listen","codec":"AAC","bitrate":320,"tags":"00s, 10s, 20s, 60s, 70s, 80s, 90s, adult contemporary, classic hits, hits"}},{"type":"Feature","geometry":{"type":"Point","coordinates":[114.188348204086,22.278851738415295]},"properties":{"id":"9b2430c5-afb8-4d83-8d95-ce695267c565","name":"Ifeng","country":"Hong Kong","countryCode":"HK","state":"","category":"news","streamUrl":"http://playtv-live.ifeng.com/live/06OLEEWQKN4_audio.m3u8","codec":"UNKNOWN","bitrate":128,"tags":"news"}},{"type":"Feature","geometry":{"type":"Point","coordinates":[2.3502491159305716,48.84828089405296]},"properties":{"id":"64179b77-7c6f-4e74-af5b-4bf3b5a1265a","name":"Rire et Chansons Sketches","country":"France","countryCode":"FR","state":"","category":"music","streamUrl":"https://streaming.nrjaudio.fm/ou8oqegk7oiu?aw_0_1st.station=Rire-Chansons-SKETCHES&origine=mytuner","codec":"MP3","bitrate":128,"tags":"comedy"}},{"type":"Feature","geometry":{"type":"Point","coordinates":[6.707213746229292,51.15250449806227]},"properties":{"id":"2f6269a1-dee4-4c13-994a-2b10803d5eec","name":"0R - 80s || 80s Pop, 80s Hits, Synthpop, New Wave, Dance, Disco, Pop Classics, Retro, Teen Pop, Funk, Pop Rock, Chart Hits, 80s Dance, Nostalgic, Hit Songs","country":"Germany","countryCode":"DE","state":"North Rhine-Westphalia","category":"music","streamUrl":"https://0nlineradio.radioho.st/0r-80s?ref=radio-browser26","codec":"MP3","bitrate":192,"tags":"#80s, 1980s, 80er, 80s, classic hits, goldies, hits, old time radio, oldies, pop"}},{"type":"Feature","geometry":{"type":"Point","coordinates":[117.4024176155373,32.69816836947057]},"properties":{"id":"b09047c9-8d8c-4a68-aee0-c04aa22944c1","name":"Fm891线上音乐台","country":"China","countryCode":"CN","state":"","category":"music","streamUrl":"https://lhttp.qtfm.cn/live/20500215/64k.mp3","codec":"MP3","bitrate":128,"tags":"internet radio, music, pop music"}},{"type":"Feature","geometry":{"type":"Point","coordinates":[8.0343,47.49]},"properties":{"id":"f0df6e39-68b5-4026-9d83-51af63ddfdc6","name":"UZIC.CH :: TECHNO - MINIMAL :: best of electronic with techno minimal electro house and progressive","country":"Switzerland","countryCode":"CH","state":"Switzerland","category":"music","streamUrl":"https://uzic.ice.infomaniak.ch/uzic-128.aac","codec":"AAC+","bitrate":128,"tags":"electro, house, minimal techno, progressive house, techno"}},{"type":"Feature","geometry":{"type":"Point","coordinates":[112.69454008901576,-7.275075579346632]},"properties":{"id":"16ac2603-7a40-4cd7-a6de-c01fd481559a","name":"Gen 103.1 FM Surabaya New","country":"Indonesia","countryCode":"ID","state":"Surabaya","category":"talk","streamUrl":"http://103.246.184.62:1935/noice_genfmsby/gensbyic.stream/playlist.m3u8","codec":"AAC","bitrate":43,"tags":"music, pop, talk"}},{"type":"Feature","geometry":{"type":"Point","coordinates":[121.2842,14.0436]},"properties":{"id":"b1701098-8044-4c86-bb46-881c2a0ce1bd","name":"ABS-CBN All Radio 101.9 FM","country":"The Philippines","countryCode":"PH","state":"Quezon City","category":"news","streamUrl":"http://209.126.124.126:8872/stream","codec":"AAC+","bitrate":64,"tags":"music, news, talk"}},{"type":"Feature","geometry":{"type":"Point","coordinates":[-80.6017674460188,27.98171891564362]},"properties":{"id":"32f62475-8900-4364-9fee-d1909f06ae2d","name":"Gamesboro Radio - Video Game Music 24/7","country":"Austria","countryCode":"AT","state":"Burgenland","category":"music","streamUrl":"https://radio.gamesboro.org/listen/gamesboro_radio/radio.mp3","codec":"MP3","bitrate":128,"tags":"chiptune, game, nintendo, playstation, sega, video game music, xbox"}},{"type":"Feature","geometry":{"type":"Point","coordinates":[121.5055,25.0284]},"properties":{"id":"c82665f5-e3b2-4ffe-aac4-9d2677c53fbb","name":"中廣音樂網","country":"Taiwan, Republic Of China","countryCode":"TW","state":"Taipei","category":"music","streamUrl":"https://n03.rcs.revma.com/ndk05tyy2tzuv","codec":"AAC","bitrate":128,"tags":"internet radio, music"}},{"type":"Feature","geometry":{"type":"Point","coordinates":[-74.00545120239259,40.71285390479267]},"properties":{"id":"f604751e-e902-4e6e-9996-9d2c974d450f","name":"Q104.3 New York's Classic Rock","country":"The United States Of America","countryCode":"US","state":"New York City, New York","category":"music","streamUrl":"https://stream.revma.ihrhls.com/zc1465","codec":"AAC","bitrate":128,"tags":"classic rock, new york's classic rock"}},{"type":"Feature","geometry":{"type":"Point","coordinates":[7.31,47.4184]},"properties":{"id":"890b3eb9-4018-4c41-95ea-146cc5201745","name":"Radio SRF 3","country":"Switzerland","countryCode":"CH","state":"Switzerland","category":"music","streamUrl":"https://stream.srg-ssr.ch/m/drs3/aacp_96","codec":"AAC","bitrate":88,"tags":"entertainment, pop, rock"}},{"type":"Feature","geometry":{"type":"Point","coordinates":[-77.9058,38.4876]},"properties":{"id":"e5505903-9fe8-4e60-9f36-5170fbf2d638","name":"KFBK \"News Radio 93.1 & 1530\" Sacramento, CA","country":"The United States Of America","countryCode":"US","state":"California","category":"traffic-transit","streamUrl":"http://stream.revma.ihrhls.com/zc217","codec":"AAC","bitrate":128,"tags":"iheart, local news weather, sacramento, stockton, talk radio, traffic"}},{"type":"Feature","geometry":{"type":"Point","coordinates":[9.265862703323366,45.52363364805057]},"properties":{"id":"3f49bd02-5f8b-468b-88b0-c7bcdfd8291a","name":"RTL 102.5 Disco","country":"Italy","countryCode":"IT","state":"Milano","category":"music","streamUrl":"https://dd782ed59e2a4e86aabf6fc508674b59.msvdn.net/live/S51100361/Sz3kCA55PrRh/playlist_audio.m3u8","codec":"AAC","bitrate":192,"tags":"club, dance, electronic dance music, eurodance, house"}},{"type":"Feature","geometry":{"type":"Point","coordinates":[10.462401226998631,61.120930879735546]},"properties":{"id":"a1e0f382-13c0-4946-b749-c8d6fb052678","name":"P11 Dance (AAC HQ)","country":"Norway","countryCode":"NO","state":"Innlandet","category":"music","streamUrl":"https://p11.p4groupaudio.com/P11_AH","codec":"AAC","bitrate":192,"tags":"p4, dance"}},{"type":"Feature","geometry":{"type":"Point","coordinates":[10.462401226998631,61.120930879735546]},"properties":{"id":"497cedaf-bd4f-11e9-acb2-52543be04c81","name":"P5 Hits (MP3 128k)","country":"Norway","countryCode":"NO","state":"Innlandet","category":"music","streamUrl":"https://p5.p4groupaudio.com/P05_MM","codec":"MP3","bitrate":128,"tags":"p4, hits, pop"}},{"type":"Feature","geometry":{"type":"Point","coordinates":[24.94128227233887,60.17104172424049]},"properties":{"id":"85166474-fa4a-4063-acd2-4990c1644810","name":"Radio Nova","country":"Finland","countryCode":"FI","state":"Uusimaa","category":"music","streamUrl":"https://stream-redirect.bauermedia.fi/radionova/radionova_64.aac?aw_0_1st.bauer_loggedin=false&aw_0_1st.playerid=BMUK_tunein","codec":"AAC","bitrate":64,"tags":"pop"}},{"type":"Feature","geometry":{"type":"Point","coordinates":[-3.3545,40.7012]},"properties":{"id":"3ca6ceb6-c394-4b44-b151-6f5add5cd100","name":"Cadena Ser +","country":"Spain","countryCode":"ES","state":"Spain","category":"music","streamUrl":"https://27953.live.streamtheworld.com/CADENASER_ALT1AAC.aac","codec":"AAC+","bitrate":56,"tags":"debates y deportes, noticias"}},{"type":"Feature","geometry":{"type":"Point","coordinates":[11.9542,42.1096]},"properties":{"id":"c787b546-f486-4df6-8c5c-344c9bb8b9f5","name":"Radio Volami nel Cuore","country":"Italy","countryCode":"IT","state":"Italy","category":"music","streamUrl":"https://rci.canaleitalia.tv:8009/;","codec":"AAC","bitrate":128,"tags":"60's, 60s, 70's, 70s, 80's, 80s, 90's, 90s, classic hits, classic rock"}},{"type":"Feature","geometry":{"type":"Point","coordinates":[12.6777,41.3154]},"properties":{"id":"4a6651f6-095b-4ab5-94d9-613562ed7f09","name":"Radio Cuore","country":"Italy","countryCode":"IT","state":"Italy","category":"music","streamUrl":"https://stream10.xdevel.com/audio32s975552-1839/stream/icecast.audio","codec":"MP3","bitrate":128,"tags":"italian music, italian pop, musica italiana"}},{"type":"Feature","geometry":{"type":"Point","coordinates":[18.5069,59.2821]},"properties":{"id":"287a4851-de0c-4184-8255-b435d6b62e0b","name":"Sveriges Radio - P2 Klassiskt","country":"Sweden","countryCode":"SE","state":"Sweden","category":"music","streamUrl":"https://live1.sr.se/p2-aac-320","codec":"AAC","bitrate":312,"tags":""}},{"type":"Feature","geometry":{"type":"Point","coordinates":[-78.3267,36.9912]},"properties":{"id":"644ac8ae-0ab4-41df-9a89-593e2493a2aa","name":"KIIS FM 102.7","country":"The United States Of America","countryCode":"US","state":"California","category":"music","streamUrl":"https://stream.revma.ihrhls.com/zc185","codec":"AAC","bitrate":128,"tags":""}},{"type":"Feature","geometry":{"type":"Point","coordinates":[10.740079879760744,59.91327938264513]},"properties":{"id":"17be0284-0ab4-453f-9e98-f674df46a919","name":"NRK P3","country":"Norway","countryCode":"NO","state":"","category":"music","streamUrl":"https://cdn0-47115-liveicecast0.dna.contentdelivery.net/p3_mp3_h","codec":"MP3","bitrate":192,"tags":""}},{"type":"Feature","geometry":{"type":"Point","coordinates":[4.42227065563202,51.212696647853434]},"properties":{"id":"7bfe222c-6b98-4aec-8550-93c491bb2d1f","name":"Willy","country":"Belgium","countryCode":"BE","state":"Vlaanderen","category":"music","streamUrl":"https://streams.radio.dpgmedia.cloud/redirect/willy_be/aac","codec":"AAC+","bitrate":96,"tags":"rock"}},{"type":"Feature","geometry":{"type":"Point","coordinates":[17.9475,59.3458]},"properties":{"id":"97b6d543-896d-4361-bc34-5d1c8a19a4bc","name":"Sveriges Radio P2 flac","country":"Sweden","countryCode":"SE","state":"Sweden","category":"music","streamUrl":"https://edge1.sr.se/p2-flac","codec":"OGG","bitrate":128,"tags":"classical music, folk, jazz"}},{"type":"Feature","geometry":{"type":"Point","coordinates":[-98.9873,19.4492]},"properties":{"id":"21df351a-9eac-45e2-a83a-f6709da6d6e0","name":"BEATLES RADIO","country":"Mexico","countryCode":"MX","state":"Mexico","category":"music","streamUrl":"http://stream.zeno.fm/e4auhdgm6cquv","codec":"MP3","bitrate":128,"tags":"classic rock, the beatles"}},{"type":"Feature","geometry":{"type":"Point","coordinates":[1.3842773437500002,38.92122252967601]},"properties":{"id":"a3d45eec-8fb2-4e8a-8925-057d04576925","name":"Ibiza X Radio","country":"Spain","countryCode":"ES","state":"","category":"music","streamUrl":"https://stream.radiojar.com/p1f2vpv37reuv","codec":"AAC","bitrate":128,"tags":"dance, dance anthems, deep house, edm, electronica, house, ibiza classics, melodic techno, trance"}},{"type":"Feature","geometry":{"type":"Point","coordinates":[140.0101,35.092]},"properties":{"id":"e219fec2-ee95-4c12-86fb-34142143f562","name":"Gensokyo Radio (Original)","country":"Japan","countryCode":"JP","state":"Japan","category":"music","streamUrl":"https://stream.gensokyoradio.net/1","codec":"MP3","bitrate":128,"tags":""}},{"type":"Feature","geometry":{"type":"Point","coordinates":[151.4887,-32.1121]},"properties":{"id":"5ca4267a-2783-4b77-b521-a4936f00191e","name":"ABC Classic 2 HLS","country":"Australia","countryCode":"AU","state":"Australia","category":"music","streamUrl":"https://mediaserviceslive.akamaized.net/hls/live/2038317/classic2/index.m3u8","codec":"AAC","bitrate":252,"tags":"abc, classical, public radio"}},{"type":"Feature","geometry":{"type":"Point","coordinates":[-83.00033569335939,42.356938477255326]},"properties":{"id":"49ad5236-61ab-4c07-b4b6-a8da11bffe83","name":"80s Drive","country":"The United States Of America","countryCode":"US","state":"Detroit","category":"music","streamUrl":"https://samcloud.spacial.com/api/listen?sid=111415&m=sc&rid=293634&t=ssl?&80sradio128mp3stereo44","codec":"MP3","bitrate":128,"tags":"#80s, 1980, 1980s, 80, 80's, 80er, 80s, 80s live radio, 80s radio, 80s rock"}},{"type":"Feature","geometry":{"type":"Point","coordinates":[2.1302,49.364]},"properties":{"id":"dad680e2-76eb-4f26-adaf-c955e727663e","name":"Radio FG 98.2","country":"France","countryCode":"FR","state":"Ile de France","category":"music","streamUrl":"http://radiofg.impek.com/fg","codec":"MP3","bitrate":128,"tags":""}},{"type":"Feature","geometry":{"type":"Point","coordinates":[1.9083,49.4055]},"properties":{"id":"85d291dc-58af-45bd-a1eb-9560fb18cd41","name":"M Radio","country":"France","countryCode":"FR","state":"France","category":"music","streamUrl":"http://mfm.ice.infomaniak.ch/mfm-128.mp3","codec":"MP3","bitrate":128,"tags":""}},{"type":"Feature","geometry":{"type":"Point","coordinates":[30.498046875000004,50.171268760512056]},"properties":{"id":"a39688fa-2959-4b0c-8bf7-8cf0bc9dd108","name":"Lounge FM","country":"Ukraine","countryCode":"UA","state":"Kiev","category":"music","streamUrl":"https://cast.mediaonline.net.ua/loungefm320","codec":"MP3","bitrate":320,"tags":"chillout, lounge"}},{"type":"Feature","geometry":{"type":"Point","coordinates":[106.7966902256012,-6.28073736455765]},"properties":{"id":"3c71fe54-9bd4-43dc-85d2-cff2d2269a5e","name":"Delta FM","country":"Indonesia","countryCode":"ID","state":"Jakarta","category":"music","streamUrl":"https://stream.rcs.revma.com/k02rmq48kxcwv","codec":"AAC","bitrate":128,"tags":"hits"}},{"type":"Feature","geometry":{"type":"Point","coordinates":[4.482,51.2416]},"properties":{"id":"fd2b3609-d95a-4e6a-aa50-e040e9836cf6","name":"StuBru","country":"Belgium","countryCode":"BE","state":"Brussels","category":"music","streamUrl":"http://icecast.vrtcdn.be/stubru-high.mp3","codec":"MP3","bitrate":128,"tags":""}},{"type":"Feature","geometry":{"type":"Point","coordinates":[-99.1322135925293,19.43349589121079]},"properties":{"id":"04d0c498-c6c9-4365-8212-9ad29e6e09c1","name":"MIX: 80's, 90's y Más","country":"Mexico","countryCode":"MX","state":"Ciudad de México","category":"music","streamUrl":"https://23023.live.streamtheworld.com:443/XHDFMFMAAC.aac","codec":"AAC+","bitrate":48,"tags":"106.5 fm, 2000s, 2010s, 70s, 80s, 80s 90s y más, 90s, 90s y más, acir, acir online"}},{"type":"Feature","geometry":{"type":"Point","coordinates":[-58.42886298894883,-34.58545451940064]},"properties":{"id":"ca61e243-0120-4da2-94fb-7386667f3c1e","name":"AM710 - Radio 10 (El sonido de la realidad)","country":"Argentina","countryCode":"AR","state":"Ciudad autonoma de Buenos Aires","category":"news","streamUrl":"https://radio10.stweb.tv/radio10/live/playlist.m3u8","codec":"AAC","bitrate":65,"tags":"news, noticias"}},{"type":"Feature","geometry":{"type":"Point","coordinates":[120.5053,22.6963]},"properties":{"id":"86378b8d-8780-45e6-922c-b8b1297237a8","name":"潮州之聲","country":"Taiwan, Republic Of China","countryCode":"TW","state":"Pingtung","category":"talk","streamUrl":"http://59.120.255.170:8081/","codec":"MP3","bitrate":128,"tags":"talk"}},{"type":"Feature","geometry":{"type":"Point","coordinates":[100.48095703125,13.71820694676256]},"properties":{"id":"c764e9db-1d62-47fb-bb10-bcf132702499","name":"COOL Fahrenheit 93 FM","country":"Thailand","countryCode":"TH","state":"Bangkok","category":"music","streamUrl":"https://coolism-web.cdn.byteark.com/;stream/1","codec":"MP3","bitrate":128,"tags":"adult contemporary, easy listening, thai, thailand"}},{"type":"Feature","geometry":{"type":"Point","coordinates":[-48.24200599536487,-18.928111723678253]},"properties":{"id":"4c51a2e0-b7b5-45bd-ba54-6ec2ec9743f4","name":"VIOLA VIVA CAIPIRA","country":"Brazil","countryCode":"BR","state":"MG","category":"music","streamUrl":"https://centova.euroti.com.br:20055/stream","codec":"MP3","bitrate":128,"tags":"caipira"}},{"type":"Feature","geometry":{"type":"Point","coordinates":[120.9681,23.6821]},"properties":{"id":"50a7e8d6-1e03-4384-908f-5305e83eff65","name":"金聲廣播電台","country":"Taiwan, Republic Of China","countryCode":"TW","state":"Taiwan","category":"news","streamUrl":"http://60.249.186.105:9000/;","codec":"MP3","bitrate":80,"tags":"music, news"}},{"type":"Feature","geometry":{"type":"Point","coordinates":[103.79224866628648,1.2953581588755374]},"properties":{"id":"f699e43f-b717-41d1-8d05-b5e07506a2d0","name":"WARNA 942","country":"Singapore","countryCode":"SG","state":"","category":"music","streamUrl":"https://playerservices.streamtheworld.com/api/livestream-redirect/WARNA942FM_PREM.aac","codec":"AAC+","bitrate":64,"tags":"melisten"}},{"type":"Feature","geometry":{"type":"Point","coordinates":[-77.2431,39.1262]},"properties":{"id":"29f12cf8-fddc-481e-b7f2-d849e041daf7","name":"Jazz 24","country":"The United States Of America","countryCode":"US","state":"United States","category":"music","streamUrl":"https://knkx-live-a.edge.audiocdn.com/6285_256k","codec":"AAC","bitrate":256,"tags":""}},{"type":"Feature","geometry":{"type":"Point","coordinates":[10.749928951263428,59.911658001682795]},"properties":{"id":"80b3c98b-8a97-4b78-a53e-3e018ebea04c","name":"Radio Norge","country":"Norway","countryCode":"NO","state":"Oslo","category":"music","streamUrl":"https://live-bauerno.sharp-stream.com/radionorge_no_mp3","codec":"MP3","bitrate":128,"tags":""}},{"type":"Feature","geometry":{"type":"Point","coordinates":[103.79224866628648,1.2953635219226556]},"properties":{"id":"b81bb1bf-879e-4e04-83f2-b04d824c378b","name":"GOLD 905","country":"Singapore","countryCode":"SG","state":"","category":"music","streamUrl":"https://playerservices.streamtheworld.com/api/livestream-redirect/GOLD905_PREM.aac","codec":"AAC+","bitrate":64,"tags":"melisten"}},{"type":"Feature","geometry":{"type":"Point","coordinates":[121.50758833617697,25.03603646467649]},"properties":{"id":"f7a5c94a-c966-4e7f-932f-31d2020f9032","name":"警察廣播電臺 - 全國治安交通網 FM 104.9","country":"Taiwan, Republic Of China","countryCode":"TW","state":"","category":"public-safety","streamUrl":"https://stream.pbs.gov.tw/live/PBS/playlist.m3u8","codec":"AAC","bitrate":128,"tags":"emergency & public safety, government, local traffic & weather, news, traffic, weather"}},{"type":"Feature","geometry":{"type":"Point","coordinates":[12.3845,42.3469]},"properties":{"id":"6623c04a-8c8d-4ef7-aa6a-d14361fbb0be","name":"Virgin Radio Italy","country":"Italy","countryCode":"IT","state":"Italy","category":"music","streamUrl":"https://icy.unitedradio.it/Virgin.mp3","codec":"MP3","bitrate":128,"tags":"alternative rock, classic rock, indie rock, pop rock, punk rock, rock, soft rock"}},{"type":"Feature","geometry":{"type":"Point","coordinates":[-0.2842167721368827,28.029318596256335]},"properties":{"id":"26f17374-21a8-4170-aeba-eecaf503f7f8","name":"Radio Adrar","country":"Algeria","countryCode":"DZ","state":"","category":"news","streamUrl":"https://radioadrar.ice.infomaniak.ch/adrar.mp3","codec":"AAC","bitrate":128,"tags":"local news, local radio"}},{"type":"Feature","geometry":{"type":"Point","coordinates":[150.5354,-32.491]},"properties":{"id":"2ad6f6a0-977f-47fa-9a65-dc9016e602e5","name":"ABC Classic HLS","country":"Australia","countryCode":"AU","state":"Australia","category":"music","streamUrl":"https://mediaserviceslive.akamaized.net/hls/live/2038316/classicfmnsw/index.m3u8","codec":"AAC","bitrate":252,"tags":"abc, classical, public radio"}},{"type":"Feature","geometry":{"type":"Point","coordinates":[81.9616997681367,27.1341401480979]},"properties":{"id":"47bd7147-2726-4183-837c-07e4fc7f43eb","name":"Radio Gyansthali 89.6 FM","country":"India","countryCode":"IN","state":"Uttar Pradesh","category":"music","streamUrl":"https://streamasiacdn.atc-labs.com/gyansthali.aac","codec":"AAC+","bitrate":96,"tags":"added by shivam, bollywood, community radio, music"}},{"type":"Feature","geometry":{"type":"Point","coordinates":[127.48260504333302,36.632484927923606]},"properties":{"id":"db7b598f-2428-4b7f-bae3-677091ab4648","name":"MBC충북 FM4U","country":"The Republic Of Korea","countryCode":"KR","state":"cheongju","category":"music","streamUrl":"http://211.33.246.4:32954/radio_fm/myStream.sdp/chunklist_w348337231.m3u8","codec":"UNKNOWN","bitrate":128,"tags":""}},{"type":"Feature","geometry":{"type":"Point","coordinates":[114.2584,22.2372]},"properties":{"id":"da5d55db-a24f-4914-90dc-89ab26120df7","name":"深圳音樂廣播","country":"Hong Kong","countryCode":"HK","state":"Hong Kong","category":"music","streamUrl":"http://ls.qingting.fm/live/1271.m3u8","codec":"UNKNOWN","bitrate":128,"tags":"music"}},{"type":"Feature","geometry":{"type":"Point","coordinates":[13.5229,52.4079]},"properties":{"id":"7213ce93-3ded-4b0e-ab89-ef789d066e23","name":"* 70s || Oldies, 70er, Disco, Funk, Soul, Classic Pop, Retro, Kultsongs, Evergreens, Vinyl Vibes, Groovy, Feel Good, Nostalgie, Zeitlos, Charts","country":"Germany","countryCode":"DE","state":"North Rhine-Westphalia","category":"music","streamUrl":"https://0nlineradio.radioho.st/0r-70s?ref=rb26","codec":"MP3","bitrate":192,"tags":"1970s, 70, 70 80 hits, 70's, 70er, 70s, 70s disco, classic hits 60s 70a 80s, golden music, goldies"}},{"type":"Feature","geometry":{"type":"Point","coordinates":[174.75006401538852,-36.846016494844946]},"properties":{"id":"2e1c8d8a-605a-4b18-bfe2-751a3648713d","name":"The Edge","country":"New Zealand","countryCode":"NZ","state":"","category":"music","streamUrl":"https://digitalstreams.mediaworks.nz/edge_net/playlist.m3u8","codec":"AAC","bitrate":130,"tags":""}},{"type":"Feature","geometry":{"type":"Point","coordinates":[9.17461979951882,48.77215018962352]},"properties":{"id":"4e948485-984b-4ec3-9983-16e5d83c4b85","name":"bigFM Deutschland","country":"Germany","countryCode":"DE","state":"Baden-Württemberg","category":"weather","streamUrl":"https://stream.bigfm.de/deutschland/mp3-128/radio-browser","codec":"MP3","bitrate":128,"tags":"charts, hip-hop, hits, nachrichten, news, pop, top40, urban, verkehr, weather"}},{"type":"Feature","geometry":{"type":"Point","coordinates":[51.517643445646186,35.75038602035287]},"properties":{"id":"2903ee19-f222-43d0-8681-feac7dbea026","name":"uploadkon","country":"Islamic Republic Of Iran","countryCode":"IR","state":"Tehran","category":"music","streamUrl":"https://uploadkon.ir/uploads/eb9812_26Highrise-grab-diva.mp3","codec":"MP3","bitrate":128,"tags":""}},{"type":"Feature","geometry":{"type":"Point","coordinates":[-99.13212776184083,19.433533832191916]},"properties":{"id":"0f5f1741-70a5-4075-8995-836d059fff8e","name":"ROCK EN ESPAÑOL: Rock de México, España y Argentina","country":"Mexico","countryCode":"MX","state":"Ciudad de México","category":"music","streamUrl":"https://16643.live.streamtheworld.com:443/ACIR20_S01AAC.aac","codec":"AAC+","bitrate":48,"tags":"80s, 80s en español, 90s, acir, acir online, américa, cdmx, ciudad de méxico, clásicos, clásicos en español"}},{"type":"Feature","geometry":{"type":"Point","coordinates":[10.810546875000002,59.907361187996464]},"properties":{"id":"ebc6ab9f-57be-4ee8-9209-327ee71c7a86","name":"Nrk P1 Stor-Oslo","country":"Norway","countryCode":"NO","state":"OSLO","category":"music","streamUrl":"https://cdn0-47115-liveicecast0.dna.contentdelivery.net/p1_mp3_h","codec":"MP3","bitrate":192,"tags":""}},{"type":"Feature","geometry":{"type":"Point","coordinates":[120.5019,22.6755]},"properties":{"id":"20126f50-f822-4b08-916d-a19fd572b02d","name":"屏東之聲廣播電台FM92.5","country":"Taiwan, Republic Of China","countryCode":"TW","state":"Pingtung","category":"talk","streamUrl":"http://59.120.255.169:8081/","codec":"MP3","bitrate":128,"tags":"talk"}},{"type":"Feature","geometry":{"type":"Point","coordinates":[32.4092,40.2653]},"properties":{"id":"837f9f9d-dcae-44a9-acc8-9bd6be8de720","name":"Best FM","country":"Türkiye","countryCode":"TR","state":"Turkey","category":"music","streamUrl":"https://ssldyg.radyotvonline.com/best/bestfm.stream/playlist.m3u8","codec":"AAC","bitrate":128,"tags":""}},{"type":"Feature","geometry":{"type":"Point","coordinates":[121.1099,24.4756]},"properties":{"id":"8609e7be-7f65-4971-b2a8-50db23b36dc7","name":"海峽之聲廣播電台","country":"Taiwan, Republic Of China","countryCode":"TW","state":"Taiwan","category":"news","streamUrl":"http://ls.qingting.fm/live/1744.m3u8","codec":"UNKNOWN","bitrate":128,"tags":"information, news"}},{"type":"Feature","geometry":{"type":"Point","coordinates":[121.5345,25.0312]},"properties":{"id":"c96c5fd7-87f3-46fb-9a92-1500fabafc24","name":"中廣流行網","country":"Taiwan, Republic Of China","countryCode":"TW","state":"Taipei","category":"music","streamUrl":"https://n03.rcs.revma.com/aw9uqyxy2tzuv","codec":"AAC","bitrate":128,"tags":"music"}},{"type":"Feature","geometry":{"type":"Point","coordinates":[135.09929001331332,48.49580388018493]},"properties":{"id":"2784dd11-fa5a-450e-93a6-6d246504c8ee","name":"Breaking Bass Air","country":"The Russian Federation","countryCode":"RU","state":"Khabarovsk","category":"music","streamUrl":"https://aircast.breaking-bass.ru:8443/air","codec":"MP3","bitrate":320,"tags":"atmospheric, darkstep, dnb, dram&bass, drumandbass, hardstep, intelligent, jazzstep, jumpup, jungle"}},{"type":"Feature","geometry":{"type":"Point","coordinates":[-0.5904,51.8979]},"properties":{"id":"11d4d77d-603c-43b5-b9a3-9f7deb75c8da","name":"Capital XTRA","country":"The United Kingdom Of Great Britain And Northern Ireland","countryCode":"GB","state":"United Kingdom","category":"music","streamUrl":"http://media-the.musicradio.com/CapitalXTRALondonMP3","codec":"MP3","bitrate":128,"tags":""}},{"type":"Feature","geometry":{"type":"Point","coordinates":[18.6657,59.7712]},"properties":{"id":"5c85225c-75b9-4452-b3e0-998a2bf80532","name":"Northern Metal Radio Extreme","country":"Sweden","countryCode":"SE","state":"Sweden","category":"music","streamUrl":"https://s2.free-shoutcast.com/stream/18092","codec":"MP3","bitrate":320,"tags":""}},{"type":"Feature","geometry":{"type":"Point","coordinates":[103.7461,1.5902]},"properties":{"id":"d6d9f4a7-1422-4183-9fea-2b4d2ee99a5b","name":"Warna","country":"Singapore","countryCode":"SG","state":"Singapore","category":"music","streamUrl":"http://playerservices.streamtheworld.com/api/livestream-redirect/WARNA942FMAAC.aac","codec":"AAC+","bitrate":48,"tags":""}},{"type":"Feature","geometry":{"type":"Point","coordinates":[174.2194,-41.2482]},"properties":{"id":"2fa6da4e-e494-4a5f-a29a-bf94bd77c864","name":"The Hits","country":"New Zealand","countryCode":"NZ","state":"Auckland","category":"music","streamUrl":"https://playerservices.streamtheworld.com/api/livestream-redirect/NZME_71AAC.m3u8?aw_0_1st.playerid=iHeartRadioWebPlayer&aw_0_1st.skey=9774168307&clientType=web&companionAds=false&deviceName=web-desktop&dist=iheart&host=webapp.NZ&listenerId=&playedFrom=157&pname=live_profile&profileId=9774168307&stationid=6204&terminalId=162&territory=NZ","codec":"AAC+","bitrate":64,"tags":"contemporary hits"}},{"type":"Feature","geometry":{"type":"Point","coordinates":[121.3402,15.0914]},"properties":{"id":"69ad1d66-f789-402f-8d9e-9a7ae14ce93f","name":"Love Radio Manila","country":"The Philippines","countryCode":"PH","state":"Philippines","category":"music","streamUrl":"https://azura.loveradio.com.ph/listen/love_radio_manila/radio.mp3","codec":"MP3","bitrate":128,"tags":""}},{"type":"Feature","geometry":{"type":"Point","coordinates":[-121.286316,37.809784]},"properties":{"id":"9d6d9530-ce29-45f5-af50-8f052716544e","name":"SomaFM SF Police Scanner","country":"The United States Of America","countryCode":"US","state":"San Francisco CA","category":"public-safety","streamUrl":"https://ice2.somafm.com/scanner-128-mp3","codec":"MP3","bitrate":128,"tags":"police scanner"}},{"type":"Feature","geometry":{"type":"Point","coordinates":[77.23406487368138,28.61602733974114]},"properties":{"id":"1b2d7f06-8011-46e0-b0bf-b6efaffae9f8","name":"HARMAN BEATS","country":"India","countryCode":"IN","state":"Delhi","category":"music","streamUrl":"https://stream.zeno.fm/jmi0hwxrgmauv","codec":"MP3","bitrate":128,"tags":"bollywood, hindi bollywood"}},{"type":"Feature","geometry":{"type":"Point","coordinates":[-22.4227,63.8119]},"properties":{"id":"961e9e40-0601-11e8-ae97-52543be04c81","name":"Visir \"FM957\" 95.7 Reykjavik","country":"Iceland","countryCode":"IS","state":"Iceland","category":"music","streamUrl":"http://icecast.365net.is:8000/orbFm957.aac","codec":"AAC+","bitrate":131,"tags":"local music, pop, reykjavik"}},{"type":"Feature","geometry":{"type":"Point","coordinates":[99.9915,14.1686]},"properties":{"id":"6ef7f7ad-3d00-4230-9197-f06b0f1e4166","name":"Smooth 105.5 (RStream)","country":"Thailand","countryCode":"TH","state":"Bangkok","category":"music","streamUrl":"http://rstream.mcot.net:8000/fm1055","codec":"MP3","bitrate":185,"tags":"1980's, 1990's, bossa, international hits, jazz, soundtracks"}},{"type":"Feature","geometry":{"type":"Point","coordinates":[-58.4205,-34.2934]},"properties":{"id":"8c8e803d-8ba4-40b3-a638-cd8fc89b731e","name":"Radio Universidad - FM93.5 La Tecno (UTN Tierra del Fuego)","country":"Argentina","countryCode":"AR","state":"Tierra del Fuego","category":"music","streamUrl":"http://streamall.alsolnet.com/latecno","codec":"AAC","bitrate":32,"tags":"magazines, radio universitaria"}},{"type":"Feature","geometry":{"type":"Point","coordinates":[13.7174,52.9678]},"properties":{"id":"49902d2d-672d-4130-b42a-90592d0460c5","name":"0R - LO-FI || LoFi, Chill, Study, Hip Hop, Relax, Background, Calm, Instrumental, Smooth, Beats, Coffee, Work, Focus, Soft, Chillhop","country":"Germany","countryCode":"DE","state":"Berlin","category":"music","streamUrl":"https://0nlineradio.radioho.st/0r-lo-fi?ref=radio-browser26","codec":"MP3","bitrate":192,"tags":"calm, chill, easy listening, easy music, learn, lo-fi, lofi, lofi hip hop, lofi study beats, smooth"}},{"type":"Feature","geometry":{"type":"Point","coordinates":[2.2374343872070317,48.83297967460744]},"properties":{"id":"e3ecb332-be77-4641-9b52-39cb4e79e042","name":"Radio Orient","country":"France","countryCode":"FR","state":"","category":"news","streamUrl":"https://stream.rcs.revma.com/7hnrkawf4p8uv.mp3","codec":"MP3","bitrate":128,"tags":"arabic music, islam, news, paris, radio maghreb"}},{"type":"Feature","geometry":{"type":"Point","coordinates":[10.383925437927248,63.45320990191825]},"properties":{"id":"534cdc5e-70a3-469c-a0c8-1da1643432d4","name":"NRK Nyheter","country":"Norway","countryCode":"NO","state":"","category":"news","streamUrl":"https://cdn0-47115-liveicecast0.dna.contentdelivery.net/nyheter_aac_h","codec":"AAC+","bitrate":158,"tags":"news"}},{"type":"Feature","geometry":{"type":"Point","coordinates":[151.20740890502933,-33.87059148680871]},"properties":{"id":"f3046015-246d-4175-ad7f-718a0cc8a393","name":"triple j (NSW)","country":"Australia","countryCode":"AU","state":"","category":"music","streamUrl":"https://mediaserviceslive.akamaized.net/hls/live/2038308/triplejnsw/master.m3u8","codec":"AAC","bitrate":252,"tags":"dance, hip-hop, metal, pop, rock"}},{"type":"Feature","geometry":{"type":"Point","coordinates":[-82.54096984863283,35.581200944312805]},"properties":{"id":"80c9611b-4195-4116-a547-94051966742f","name":"99.9 Kiss Country","country":"The United States Of America","countryCode":"US","state":"North Carolina","category":"music","streamUrl":"https://stream.revma.ihrhls.com/zc1577","codec":"AAC","bitrate":128,"tags":"country"}},{"type":"Feature","geometry":{"type":"Point","coordinates":[15.985794178783625,45.81052938387316]},"properties":{"id":"f3d4ad2c-7252-4447-9cf4-fc4543ec54c6","name":"Yammat FM","country":"Croatia","countryCode":"HR","state":"","category":"music","streamUrl":"https://stream.yammat.fm/radio/8000/yammat.mp3","codec":"AAC","bitrate":320,"tags":"alternative, dance, disco, experimental, funk, gospel, hip-hop, house, indie, punk"}},{"type":"Feature","geometry":{"type":"Point","coordinates":[24.7515,60.5431]},"properties":{"id":"0d188bee-e18e-46be-8840-8f5a79ec2313","name":"Yle Radio Suomi, Oulu Radio","country":"Finland","countryCode":"FI","state":"Finland","category":"talk","streamUrl":"http://icecast.live.yle.fi/radio/YleOulu/icecast.audio","codec":"AAC+","bitrate":128,"tags":"talk & speech"}},{"type":"Feature","geometry":{"type":"Point","coordinates":[18.059155046939853,59.30991043531771]},"properties":{"id":"d1620588-c6f3-4e40-a828-a0fd3f945c07","name":"RIX FM","country":"Sweden","countryCode":"SE","state":"Stockholm","category":"music","streamUrl":"https://fm01-ice.stream.khz.se/fm01_mp3","codec":"MP3","bitrate":128,"tags":"pop"}},{"type":"Feature","geometry":{"type":"Point","coordinates":[-8.395909667015077,43.37095786022645]},"properties":{"id":"27d6243a-b636-4aa4-a121-065a88c730fa","name":"COPE A CORUÑA","country":"Spain","countryCode":"ES","state":"La Coruña","category":"music","streamUrl":"https://wecast-bl01.flumotion.com/copesedes/lacoruna.mp3","codec":"MP3","bitrate":96,"tags":""}},{"type":"Feature","geometry":{"type":"Point","coordinates":[78.0406780135166,20.67698939404027]},"properties":{"id":"4083ff49-bbd7-40c9-9e7d-50630a0e583d","name":"HARMAN BEASTS","country":"India","countryCode":"IN","state":"","category":"music","streamUrl":"https://stream.zeno.fm/jmi0hwxrgmauv","codec":"MP3","bitrate":128,"tags":"hindi bollywood"}},{"type":"Feature","geometry":{"type":"Point","coordinates":[16.333923339843754,48.20551330179207]},"properties":{"id":"aac6a88d-ddf1-45f4-8377-3426337c6a6e","name":"ORF Hitradio Ö3","country":"Austria","countryCode":"AT","state":"Vienna","category":"music","streamUrl":"https://orf-live.ors-shoutcast.at/oe3-q2a","codec":"MP3","bitrate":192,"tags":"pop, pop music"}},{"type":"Feature","geometry":{"type":"Point","coordinates":[100.3507,13.8665]},"properties":{"id":"d660e4c5-f676-422d-b535-b12691cc56b6","name":"Fabulous 103","country":"Thailand","countryCode":"TH","state":"Pattaya","category":"weather","streamUrl":"https://fabulous.thailandstreaming.net/fabulous.mp3","codec":"MP3","bitrate":128,"tags":"electronic, folk, local news, local weather"}},{"type":"Feature","geometry":{"type":"Point","coordinates":[135.50172060728076,34.6391674026098]},"properties":{"id":"1bca74bf-82e7-4631-87b6-1e96be3bae43","name":"SOUND UP STATION NFRS","country":"Japan","countryCode":"JP","state":"Osaka","category":"music","streamUrl":"https://stream2.rcast.net/70945","codec":"MP3","bitrate":96,"tags":"indie, jpop"}},{"type":"Feature","geometry":{"type":"Point","coordinates":[11.118164062500002,60.08316712042611]},"properties":{"id":"02dc8fb4-b5cd-425d-ae6a-2053e210e7af","name":"NRK MP3","country":"Norway","countryCode":"NO","state":"","category":"music","streamUrl":"https://cdn0-47115-liveicecast0.dna.contentdelivery.net/mp3_mp3_h","codec":"MP3","bitrate":192,"tags":""}},{"type":"Feature","geometry":{"type":"Point","coordinates":[139.3555,35.3869]},"properties":{"id":"9d4aa07b-f080-4d6c-87e8-15c080c72dd2","name":"Miku Radio","country":"Japan","countryCode":"JP","state":"Japan","category":"music","streamUrl":"https://miku.fm/listen/miku/flac","codec":"OGG","bitrate":128,"tags":""}},{"type":"Feature","geometry":{"type":"Point","coordinates":[121.4948,25.042]},"properties":{"id":"e4c1345b-a989-40d7-9401-19f7da9d3d48","name":"中國華藝廣播公司 AM873","country":"Taiwan, Republic Of China","countryCode":"TW","state":"Taipei","category":"news","streamUrl":"https://lhttp-hw.qtfm.cn/live/20500139/64k.mp3","codec":"MP3","bitrate":128,"tags":"information, music"}},{"type":"Feature","geometry":{"type":"Point","coordinates":[120.6369,23.6577]},"properties":{"id":"be11dee8-9ce2-4ff9-90c8-2ac8e4e36a56","name":"A-Line Radio","country":"Taiwan, Republic Of China","countryCode":"TW","state":"Taiwan","category":"music","streamUrl":"http://202.39.43.67:1935/live/RA000001/chunklist.m3u8","codec":"UNKNOWN","bitrate":128,"tags":"internet radio, music"}},{"type":"Feature","geometry":{"type":"Point","coordinates":[-86.59492492675783,34.76052991992354]},"properties":{"id":"4112e70e-bc46-462a-8d83-2ca8aca61947","name":"100.3 The River - WQRV - Meridianville/Huntsville, AL","country":"The United States Of America","countryCode":"US","state":"","category":"music","streamUrl":"https://stream.revma.ihrhls.com/zc21","codec":"AAC","bitrate":128,"tags":"classic hits"}},{"type":"Feature","geometry":{"type":"Point","coordinates":[151.18505708634035,-33.8200131927063]},"properties":{"id":"b10801ac-9691-4f9f-84de-fdc6829a6daf","name":"ABC 702kHz AM Sydney NSW Local Radio 20220701","country":"Australia","countryCode":"AU","state":"Sydney NSW","category":"weather","streamUrl":"https://mediaserviceslive.akamaized.net/hls/live/2038302/localsydney/masterhq.m3u8","codec":"AAC","bitrate":115,"tags":"contemporary, current affairs, local radio, news, weather"}},{"type":"Feature","geometry":{"type":"Point","coordinates":[175.22,-41.5363]},"properties":{"id":"1bd2a096-3167-43b3-a030-69b43780577d","name":"Magic FM","country":"New Zealand","countryCode":"NZ","state":"Auckland","category":"music","streamUrl":"https://mediaworks.streamguys1.com/magic_net_icy","codec":"AAC","bitrate":132,"tags":"the songs you love"}},{"type":"Feature","geometry":{"type":"Point","coordinates":[120.6864,24.1433]},"properties":{"id":"78d040bb-ebee-48b7-bb87-78a22c1e4d4a","name":"大千電台","country":"Taiwan, Republic Of China","countryCode":"TW","state":"Taichung","category":"music","streamUrl":"http://taiwan-radio.tw:8000/ML.FM97.1","codec":"MP3","bitrate":128,"tags":""}},{"type":"Feature","geometry":{"type":"Point","coordinates":[-0.1284885406494141,51.50818320836177]},"properties":{"id":"53733e08-7728-40ee-b968-59e71f0281b6","name":"KISSTORY: Non-Stop Old Skool & Anthems","country":"The United Kingdom Of Great Britain And Northern Ireland","countryCode":"GB","state":"London","category":"music","streamUrl":"https://live-bauerkiss.sharp-stream.com/kisstory.aac?direct=true&aw_0_1st.playerid=BMUK_Airable&aw_0_1st.skey=6778249992","codec":"AAC+","bitrate":47,"tags":"anthems, bauer radio, classics, dance anthems, dance classics, england, europa, inglaterra, kiss, kiss fm"}},{"type":"Feature","geometry":{"type":"Point","coordinates":[112.79498638235964,-7.262218696628073]},"properties":{"id":"94dcc433-668c-424b-b260-4f075a8765ff","name":"CLASSY NetRadio","country":"Indonesia","countryCode":"ID","state":"Jawa Timur","category":"music","streamUrl":"https://streaming.classynetradio.com:8000/classySD","codec":"AAC","bitrate":80,"tags":"adult contemporary, easy listening, pop, smooth jazz"}},{"type":"Feature","geometry":{"type":"Point","coordinates":[13.0169,51.957]},"properties":{"id":"6f4b6359-24af-411b-add3-402761ec7557","name":"* COUNTRY || Country Pop, Country Rock, Nashville, Americana, Folk, Southern Rock, Roadtrip, Storytelling, Acoustic, Feel Good, Heartland, Modern Country, Classic Country, Chill, Roots","country":"Germany","countryCode":"DE","state":"North Rhine-Westphalia","category":"music","streamUrl":"https://0nlineradio.radioho.st/0r-country?ref=rb26","codec":"MP3","bitrate":192,"tags":"alternative country, blues rock, classic country, classic rock, contemporary country, country, country blues, country music, country pop, country rock"}},{"type":"Feature","geometry":{"type":"Point","coordinates":[-21.733,64.338]},"properties":{"id":"961a98e2-0601-11e8-ae97-52543be04c81","name":"Gull Bylgjan 90.9 Reykjavik","country":"Iceland","countryCode":"IS","state":"Iceland","category":"music","streamUrl":"http://icecast.365net.is:8000/orbGullBylgjan.aac","codec":"AAC+","bitrate":130,"tags":"classic rock, local music, reykjavik"}},{"type":"Feature","geometry":{"type":"Point","coordinates":[104.46559309959412,0.9087629736690032]},"properties":{"id":"ae4c8f66-8e32-4ec9-b004-8f03a663db73","name":"RRI Pro 1 Tanjungpinang","country":"Indonesia","countryCode":"ID","state":"","category":"weather","streamUrl":"https://stream-node2.rri.co.id/streaming/21/9221/rritjpinangpro4.mp3","codec":"AAC+","bitrate":64,"tags":"local music, local news, local weather, music, news, pop music, talk show radio"}},{"type":"Feature","geometry":{"type":"Point","coordinates":[121.05061143636703,14.576355613611168]},"properties":{"id":"29d089db-7676-4f24-b16b-f5cdc5b9c07e","name":"Mellow 94.7 BFM","country":"The Philippines","countryCode":"PH","state":"Metro Manila","category":"music","streamUrl":"https://streamer.radio.co/sec36cd5f1/listen","codec":"MP3","bitrate":96,"tags":"adult contemporary, soft adult contemporary"}},{"type":"Feature","geometry":{"type":"Point","coordinates":[120.6287,23.9088]},"properties":{"id":"43892763-bca1-49a5-9d64-11410c37bdbc","name":"世新廣播電台-1","country":"Taiwan, Republic Of China","countryCode":"TW","state":"Taiwan","category":"music","streamUrl":"https://stream.ginnet.cloud/live0115lo-89xv/_definst_/fm881/playlist.m3u8","codec":"MP3","bitrate":191,"tags":"education, educational"}},{"type":"Feature","geometry":{"type":"Point","coordinates":[0.2117,51.9914]},"properties":{"id":"42679ed6-49cb-428e-9b74-94af62ad8a0a","name":"Heart FM","country":"The United Kingdom Of Great Britain And Northern Ireland","countryCode":"GB","state":"London","category":"music","streamUrl":"https://media-ssl.musicradio.com/HeartUK","codec":"AAC","bitrate":48,"tags":""}},{"type":"Feature","geometry":{"type":"Point","coordinates":[120.9639,24.8167]},"properties":{"id":"74cf8b19-bc5b-4ae8-9e47-62fbcb21014d","name":"竹塹廣播電台","country":"Taiwan, Republic Of China","countryCode":"TW","state":"Hsinchu","category":"talk","streamUrl":"http://211.72.230.118:8081/","codec":"MP3","bitrate":128,"tags":"music, talk"}},{"type":"Feature","geometry":{"type":"Point","coordinates":[121.1442,23.5861]},"properties":{"id":"397481b9-2120-4445-8368-3d3dccd4fda6","name":"城市廣播網-城市廣播","country":"Taiwan, Republic Of China","countryCode":"TW","state":"Taiwan","category":"music","streamUrl":"http://fm929.cityfm.tw:8080/929.mp3","codec":"MP3","bitrate":128,"tags":""}},{"type":"Feature","geometry":{"type":"Point","coordinates":[0.1602,51.6556]},"properties":{"id":"942218e4-32f2-4131-8a73-e3432a8cf4d0","name":"Absolute Radio","country":"The United Kingdom Of Great Britain And Northern Ireland","countryCode":"GB","state":"United Kingdom","category":"music","streamUrl":"http://stream-ar.planetradio.co.uk/absoluteradiohigh.aac??direct=true&aw_0_1st.playerid=BMUK_Airable&aw_0_1st.skey=6778249992&aw_0_1st.bauer_loggedin=true%20#EXTINF:0,Absolute%2080s","codec":"AAC","bitrate":128,"tags":"adult contemporary"}},{"type":"Feature","geometry":{"type":"Point","coordinates":[4.7413,52.7904]},"properties":{"id":"aaa01e21-7df4-4735-b1b3-ebcce5d22c2b","name":"Q-Music","country":"The Netherlands","countryCode":"NL","state":"Netherlands","category":"music","streamUrl":"https://icecast-qmusicnl-cdp.triple-it.nl/Qmusic_nl_live_high.aac?aw_0_1st.playerId=redirect","codec":"AAC+","bitrate":95,"tags":""}},{"type":"Feature","geometry":{"type":"Point","coordinates":[174.5981,-41.0077]},"properties":{"id":"8d5a16cc-b77d-41e9-9257-21cb894beaba","name":"Radio Robotic","country":"New Zealand","countryCode":"NZ","state":"Hamilton","category":"music","streamUrl":"https://stream.zeno.fm/rhscse2a41zuv","codec":"AAC","bitrate":128,"tags":"alternative, indie"}},{"type":"Feature","geometry":{"type":"Point","coordinates":[174.596,-40.95]},"properties":{"id":"69b26bba-7b57-46c8-91f2-032febb52473","name":"Magic","country":"New Zealand","countryCode":"NZ","state":"Auckland","category":"music","streamUrl":"https://digitalstreams.mediaworks.nz/mmusic_net/playlist.m3u8","codec":"AAC","bitrate":130,"tags":"oldies"}},{"type":"Feature","geometry":{"type":"Point","coordinates":[121.5367,25.0618]},"properties":{"id":"2f72f08a-1ed8-45ed-bc1d-53d08fc9cbb4","name":"台灣廣播 台北一台","country":"Taiwan, Republic Of China","countryCode":"TW","state":"Taipei","category":"music","streamUrl":"http://test.taiwan-radio.tw:8000/TP.AM1323","codec":"MP3","bitrate":48,"tags":""}},{"type":"Feature","geometry":{"type":"Point","coordinates":[31.2357,30.0444]},"properties":{"id":"580ef7ef-3ebe-45fd-8c90-25e365c64bc3","name":"Abdel Halim Hafez عبدالحليم حافظ","country":"Egypt","countryCode":"EG","state":"","category":"music","streamUrl":"https://stream.zeno.fm/8a4eqkd0pnhvv","codec":"AAC","bitrate":128,"tags":"arabic, classics, music, oriental"}},{"type":"Feature","geometry":{"type":"Point","coordinates":[-75.5132,39.9857]},"properties":{"id":"58aa2d3d-77be-4b16-bb70-71caf25d810d","name":"Channel 955","country":"The United States Of America","countryCode":"US","state":"Detroit MI","category":"music","streamUrl":"https://stream.revma.ihrhls.com/zc1145","codec":"AAC","bitrate":128,"tags":"pop, top 40"}},{"type":"Feature","geometry":{"type":"Point","coordinates":[25.2855,60.2765]},"properties":{"id":"b302c01c-2a1b-4c8c-9440-ac3d6226c668","name":"Kasari","country":"Finland","countryCode":"FI","state":"Finland","category":"music","streamUrl":"https://stream-redirect.bauermedia.fi/kasari/kasari_64.aac?aw_0_1st.bauer_loggedin=false&aw_0_1st.playerid=BMUK_tunein","codec":"AAC","bitrate":63,"tags":"decades"}},{"type":"Feature","geometry":{"type":"Point","coordinates":[114.1885566712604,22.27840540901435]},"properties":{"id":"148bfb6d-e45e-4877-88eb-d8f3e3a7ad7d","name":"Ifeng (Phoenix)","country":"Hong Kong","countryCode":"HK","state":"","category":"news","streamUrl":"http://playtv-live.ifeng.com/live/06OLEEWQKN4_audio.m3u8","codec":"UNKNOWN","bitrate":128,"tags":"news"}},{"type":"Feature","geometry":{"type":"Point","coordinates":[-81.69931411743164,41.38009718938236]},"properties":{"id":"1668d514-0b53-4008-b724-c9504c2bfe76","name":"100.7 WMMS - Cleveland, Ohio","country":"The United States Of America","countryCode":"US","state":"Ohio","category":"talk","streamUrl":"https://stream.revma.ihrhls.com/zc1741","codec":"AAC","bitrate":128,"tags":"alternative rock, hard rock, rock, talk"}},{"type":"Feature","geometry":{"type":"Point","coordinates":[150.51978293898543,-24.395231605835814]},"properties":{"id":"a00fbcc2-d8e8-40df-a840-e7716a36882d","name":"Biloela 4BRZ 89.7MHz FM The Breeze Central Queensland","country":"Australia","countryCode":"AU","state":"Biloela Queensland","category":"weather","streamUrl":"https://s8.yesstreaming.net:17065/BrzCNQ","codec":"AAC","bitrate":64,"tags":"ballads, country, news, old skool, soft rock, weather"}},{"type":"Feature","geometry":{"type":"Point","coordinates":[24.922485351562504,60.20407260434599]},"properties":{"id":"7ee5f5ca-0bd0-4e53-b09a-aa5fe630ed73","name":"HitMix","country":"Finland","countryCode":"FI","state":"","category":"music","streamUrl":"https://aud-stream-hitmix.nm-elemental.nelonenmedia.fi/playlist-256000.m3u8","codec":"UNKNOWN","bitrate":128,"tags":""}},{"type":"Feature","geometry":{"type":"Point","coordinates":[120.9656,24.8076]},"properties":{"id":"550d2edb-c9cc-4449-bb5f-b117b8b58376","name":"新竹好聽廣播電台","country":"Taiwan, Republic Of China","countryCode":"TW","state":"Hsinchu","category":"music","streamUrl":"http://202.39.43.67:1935/live/RA000124/chunklist.m3u8","codec":"UNKNOWN","bitrate":128,"tags":"music"}},{"type":"Feature","geometry":{"type":"Point","coordinates":[-97.75565097112124,30.226959318372035]},"properties":{"id":"95a0d825-58c3-44b7-8bb0-f304f1b573f1","name":"96.7 KISS FM - KHFI-FM Austin","country":"The United States Of America","countryCode":"US","state":"Austin TX","category":"music","streamUrl":"https://stream.revma.ihrhls.com/zc2173","codec":"AAC","bitrate":128,"tags":"pop, top 40"}},{"type":"Feature","geometry":{"type":"Point","coordinates":[-0.5674,51.6975]},"properties":{"id":"7050ec65-0f86-4600-be8c-d88399f4e2cd","name":"BBC Radio 4","country":"The United Kingdom Of Great Britain And Northern Ireland","countryCode":"GB","state":"United Kingdom","category":"news","streamUrl":"http://as-hls-ww-live.akamaized.net/pool_55057080/live/ww/bbc_radio_fourfm/bbc_radio_fourfm.isml/bbc_radio_fourfm-audio=128000.norewind.m3u8","codec":"UNKNOWN","bitrate":128,"tags":"comedy, drama, news, talk"}},{"type":"Feature","geometry":{"type":"Point","coordinates":[10.2608,59.9162]},"properties":{"id":"c1368af2-ceb8-11e9-8502-52543be04c81","name":"Radio Nova","country":"Norway","countryCode":"NO","state":"Oslo","category":"music","streamUrl":"http://stream.radionova.no/mp3","codec":"MP3","bitrate":256,"tags":""}},{"type":"Feature","geometry":{"type":"Point","coordinates":[100.4094,13.7755]},"properties":{"id":"fb93be0b-d1c6-42aa-9e3e-fd2f418b7ef9","name":"วิทยุวัดนายโรง","country":"Thailand","countryCode":"TH","state":"Thailand","category":"music","streamUrl":"http://103.7.56.219:4106/","codec":"MP3","bitrate":64,"tags":"fm 94.75"}},{"type":"Feature","geometry":{"type":"Point","coordinates":[10.384569168090822,63.45194398794613]},"properties":{"id":"cb065d86-e365-4c6a-9c36-99746a6e705d","name":"NRK P2 aac_h","country":"Norway","countryCode":"NO","state":"","category":"music","streamUrl":"https://cdn0-47115-liveicecast0.dna.contentdelivery.net/p2_aac_h","codec":"AAC+","bitrate":159,"tags":""}},{"type":"Feature","geometry":{"type":"Point","coordinates":[-57.81005859375001,-51.721583890010585]},"properties":{"id":"97887f52-540f-409e-a625-967e4698d829","name":"Falklands Radio 530 Stanley","country":"The Falkland Islands Malvinas","countryCode":"FK","state":"","category":"weather","streamUrl":"https://streaming.broadcastradio.com:8332/flklnd","codec":"MP3","bitrate":128,"tags":"bbc news, local news weather, music"}},{"type":"Feature","geometry":{"type":"Point","coordinates":[77.0073,28.7268]},"properties":{"id":"459908f6-58d2-438a-ac40-dbac3af8e0b6","name":"Radio Gaana","country":"India","countryCode":"IN","state":"India","category":"music","streamUrl":"https://sp14.instainternet.com/8044/stream","codec":"AAC+","bitrate":104,"tags":"90s, retro, romantic"}},{"type":"Feature","geometry":{"type":"Point","coordinates":[-113.47229003906251,53.52006353159592]},"properties":{"id":"e9e2c2ac-1916-4f2e-a7ba-a3669bea3bcd","name":"CBC Radio One Edmonton","country":"Canada","countryCode":"CA","state":"Alberta","category":"news","streamUrl":"https://22983.live.streamtheworld.com/CBXAM_CBC_SC","codec":"MP3","bitrate":128,"tags":"cbc, features, news, public radio"}},{"type":"Feature","geometry":{"type":"Point","coordinates":[100.2712,13.6273]},"properties":{"id":"86468748-3045-4b88-97ef-e6d266c901f5","name":"Radio Samui Online","country":"Thailand","countryCode":"TH","state":"Samui","category":"music","streamUrl":"https://stream.mixadance.fm/radiosamui","codec":"AAC","bitrate":128,"tags":"chillout, deep house, jazz, lounge music, organic house, progressive house, relax"}},{"type":"Feature","geometry":{"type":"Point","coordinates":[120.6711,24.1233]},"properties":{"id":"89f2570a-f65a-4a7f-8918-c12e37fd25e2","name":"飛碟聯播網 台中真善美","country":"Taiwan, Republic Of China","countryCode":"TW","state":"Taichung","category":"music","streamUrl":"http://cast.uforadio.com.tw:8000/tai-stream","codec":"AAC","bitrate":64,"tags":""}},{"type":"Feature","geometry":{"type":"Point","coordinates":[-21.90259306150723,64.14003957306845]},"properties":{"id":"4123d652-36c9-41fd-b780-238cd3717f43","name":"Útvarp Saga","country":"Iceland","countryCode":"IS","state":"","category":"news","streamUrl":"https://stream.utvarpsaga.is/Hljodver","codec":"MP3","bitrate":192,"tags":"news talk, talk & speech, talk radio"}},{"type":"Feature","geometry":{"type":"Point","coordinates":[126.6368,37.5463]},"properties":{"id":"0fc7173f-5106-4c47-9156-621124fb0803","name":"SBS Love FM","country":"The Republic Of Korea","countryCode":"KR","state":"South Korea","category":"music","streamUrl":"https://radiolive.sbs.co.kr/lovepc/lovefm.stream/playlist.m3u8?token=eyJ0eXAiOiJKV1QiLCJhbGciOiJIUzI1NiJ9.eyJleHAiOjE3ODk2MDY4MTEsInBhdGgiOiIvbG92ZWZtLnN0cmVhbSIsImR1cmF0aW9uIjotMSwidW5vIjoiYTVlZjMyNjYtNDBjNC00NDZhLTkzOGQtNzlhMzYzZGVlYjgzIiwiaWF0IjoxNzg5NTYzNjExfQ.jBdWniJKRN3p3rLlcG4kq1ywl-y7ZNu4CzivFzzhj_k","codec":"AAC","bitrate":145,"tags":"kpop"}},{"type":"Feature","geometry":{"type":"Point","coordinates":[120.6483,24.152]},"properties":{"id":"ef129d58-ac72-4e69-a1ae-2cb896611d3c","name":"太陽電台","country":"Taiwan, Republic Of China","countryCode":"TW","state":"Taichung","category":"music","streamUrl":"http://211.20.119.102:8081/","codec":"MP3","bitrate":128,"tags":""}},{"type":"Feature","geometry":{"type":"Point","coordinates":[104.1454,0.8888]},"properties":{"id":"67c8fa3a-f3a1-4906-981a-c975bad0b08f","name":"Ufm 1003","country":"Singapore","countryCode":"SG","state":"Singapore","category":"music","streamUrl":"http://28093.live.streamtheworld.com/UFM_1003AAC.aac","codec":"AAC+","bitrate":64,"tags":""}},{"type":"Feature","geometry":{"type":"Point","coordinates":[23.628080526503624,46.773496848889735]},"properties":{"id":"5e063320-07d6-4d99-a434-f34e7e2a7431","name":"Pescobar Radio","country":"Romania","countryCode":"RO","state":"Cluj","category":"music","streamUrl":"https://listen.radioking.com/radio/701141/stream/766385","codec":"MP3","bitrate":128,"tags":"afro house, chill, dance, deep, deep house, electronic, house, relax"}},{"type":"Feature","geometry":{"type":"Point","coordinates":[77.2987,28.234]},"properties":{"id":"0206f5d4-90d3-4cdf-9d04-a3ff0ec1a5da","name":"RadioNev (24x Hits Music Station)","country":"India","countryCode":"IN","state":"Punjab","category":"music","streamUrl":"https://a7.asurahosting.com:8140/radio.mp3","codec":"MP3","bitrate":192,"tags":"90s, forever, hits, pop music, rock"}},{"type":"Feature","geometry":{"type":"Point","coordinates":[139.0863,36.1282]},"properties":{"id":"12ac30d1-1900-4edc-baef-7c027232ee64","name":"J-Rock PowerPlay","country":"Japan","countryCode":"JP","state":"Japan","category":"music","streamUrl":"https://kathy.torontocast.com:3340/stream","codec":"MP3","bitrate":128,"tags":""}},{"type":"Feature","geometry":{"type":"Point","coordinates":[152.2618,-33.2669]},"properties":{"id":"3f048f57-51db-4954-88b2-740c8cbcb3c5","name":"Fox 101.9","country":"Australia","countryCode":"AU","state":"Victoria","category":"music","streamUrl":"https://legacy.scahw.com.au/3fox_128","codec":"AAC","bitrate":130,"tags":""}},{"type":"Feature","geometry":{"type":"Point","coordinates":[120.2252,23.019]},"properties":{"id":"af7cf56a-a366-47fc-bbb4-e6c4bd5b2ec6","name":"城市廣播網-台南知音","country":"Taiwan, Republic Of China","countryCode":"TW","state":"Tainan","category":"music","streamUrl":"http://fm971.cityfm.tw:8080/971.mp3","codec":"MP3","bitrate":128,"tags":""}},{"type":"Feature","geometry":{"type":"Point","coordinates":[2.2901,48.9732]},"properties":{"id":"226396d3-6335-4d39-89fc-f1564d6f3ad7","name":"NRJ Paris","country":"France","countryCode":"FR","state":"France","category":"music","streamUrl":"https://streaming.nrjaudio.fm/ou5k6tirv93h","codec":"MP3","bitrate":128,"tags":""}},{"type":"Feature","geometry":{"type":"Point","coordinates":[139.2232,35.3812]},"properties":{"id":"f72771a3-cf3a-4cc5-af91-2493ca31c54d","name":"J-Pop Sakura (asia DREAM radio)","country":"Japan","countryCode":"JP","state":"Japan","category":"music","streamUrl":"https://quincy.torontocast.com:2070/stream.mp3","codec":"MP3","bitrate":128,"tags":"j-pop, japanese, jpop, oldies"}},{"type":"Feature","geometry":{"type":"Point","coordinates":[-58.40332031250001,-34.626286656752846]},"properties":{"id":"ffd131d8-acf9-4190-b6f4-b377624878e1","name":"La 2x4","country":"Argentina","countryCode":"AR","state":"Ciudad Autonoma de Buenos Aires","category":"music","streamUrl":"https://media.radios.ar:9270/","codec":"AAC+","bitrate":128,"tags":"tango"}},{"type":"Feature","geometry":{"type":"Point","coordinates":[77.244,28.3014]},"properties":{"id":"db96d521-d1cf-4ce0-8044-e67566361400","name":"Radio Hotstar","country":"India","countryCode":"IN","state":"India","category":"music","streamUrl":"https://leo.streamerr.co/8004/stream","codec":"MP3","bitrate":128,"tags":"90s, love"}},{"type":"Feature","geometry":{"type":"Point","coordinates":[-66.04137129895214,18.394078972668588]},"properties":{"id":"53dd3239-5823-45cd-b36f-d3d837bcf8bd","name":"WAPA RADIO","country":"Puerto Rico","countryCode":"PR","state":"","category":"music","streamUrl":"https://livestreamcdn.net:2000/stream/waparadio","codec":"MP3","bitrate":128,"tags":""}},{"type":"Feature","geometry":{"type":"Point","coordinates":[139.3169,35.3755]},"properties":{"id":"57cf528a-02be-4805-a510-6d05bb0ff996","name":"REPLAY NEWS - 日本語 5分ごとのニュースラジオ","country":"Japan","countryCode":"JP","state":"Osaka","category":"news","streamUrl":"https://replaynewsja.ice.infomaniak.ch/replaynewsja-128.mp3","codec":"MP3","bitrate":128,"tags":"information, news"}},{"type":"Feature","geometry":{"type":"Point","coordinates":[-0.12814521789550784,51.50818320836177]},"properties":{"id":"5d50b9af-852d-43eb-89dd-b9b934e3f551","name":"CAPITAL DANCE: The UK's Official Dance Station","country":"The United Kingdom Of Great Britain And Northern Ireland","countryCode":"GB","state":"London","category":"music","streamUrl":"https://media-ssl.musicradio.com/CapitalDance","codec":"AAC","bitrate":48,"tags":"capital, capital dance, dab+, dance, dance music, edm, electronic dance music, england, entertainment, europe"}},{"type":"Feature","geometry":{"type":"Point","coordinates":[106.79454445838928,-6.208131484296583]},"properties":{"id":"6233fefa-714e-444c-bc76-065d440c8082","name":"Sonora FM 92 Jakarta","country":"Indonesia","countryCode":"ID","state":"Jakarta","category":"traffic-transit","streamUrl":"https://sonora-radio.arenastreaming.com/8130/stream","codec":"MP3","bitrate":128,"tags":"music, news, traffic"}},{"type":"Feature","geometry":{"type":"Point","coordinates":[12.385254101827742,41.94314974485175]},"properties":{"id":"a698b709-786a-42e4-8bea-3d3499db7422","name":"ItaliaRadio (MRG.fm)","country":"Italy","countryCode":"IT","state":"Roma","category":"music","streamUrl":"http://listen.mrg.fm:8120/stream","codec":"MP3","bitrate":128,"tags":"classic italian pop, italian, italian music, italian pop, italo disco, italy, musica italiana"}},{"type":"Feature","geometry":{"type":"Point","coordinates":[-1.7063606077545626,48.10736898066374]},"properties":{"id":"c2bad206-b3ca-49a8-bfd6-a3b1ea275b09","name":"Radio La Belle Aventure","country":"France","countryCode":"FR","state":"","category":"music","streamUrl":"https://flux.radiolabelleaventure.com/listen/radio_la_belle_aventure/radio.mp3","codec":"MP3","bitrate":192,"tags":"chanson française, eclectic, oldies, pop, radio libre, rock, sanspub"}},{"type":"Feature","geometry":{"type":"Point","coordinates":[-22.411,63.973]},"properties":{"id":"961e9bb2-0601-11e8-ae97-52543be04c81","name":"Létt Bylgjan","country":"Iceland","countryCode":"IS","state":"Iceland","category":"music","streamUrl":"http://icecast.365net.is:8000/orbLettBylgjan.aac","codec":"AAC+","bitrate":99,"tags":"easy listening, local music"}},{"type":"Feature","geometry":{"type":"Point","coordinates":[-78.67009162902833,35.78761164966146]},"properties":{"id":"6819ff68-0ddb-44fb-a3c6-3ed1c7fe0e4b","name":"WKNC 88.1 HD1","country":"The United States Of America","countryCode":"US","state":"North Carolina","category":"music","streamUrl":"https://streaming.live365.com/a45877","codec":"MP3","bitrate":192,"tags":"blues, classical, college radio, indie, jazz, local music, post-rock, rap, rhythm and blues, rock"}},{"type":"Feature","geometry":{"type":"Point","coordinates":[142.40737435827572,44.179146306794635]},"properties":{"id":"443a5e7e-4392-4930-bbed-10b9af54e32e","name":"羊飼いラジオ Hitsujikai Radio","country":"Japan","countryCode":"JP","state":"Hokaido","category":"music","streamUrl":"https://streaming.radio.co/se4a8e6a93/listen","codec":"MP3","bitrate":128,"tags":"christian, classical, soft"}},{"type":"Feature","geometry":{"type":"Point","coordinates":[139.424,35.351]},"properties":{"id":"405566fa-dd30-437e-b20b-934fcdbe768f","name":"Kamakura FM","country":"Japan","countryCode":"JP","state":"Japan","category":"music","streamUrl":"https://stream.laut.fm/kamakura","codec":"MP3","bitrate":128,"tags":""}},{"type":"Feature","geometry":{"type":"Point","coordinates":[25.75881958007813,62.24419377138263]},"properties":{"id":"894979fa-cd9e-4d5e-bd01-548eb71f5c20","name":"YLE radio Suomi, Jyväskylä","country":"Finland","countryCode":"FI","state":"Keski-Suomi","category":"music","streamUrl":"https://icecast.live.yle.fi/radio/YleJKL/icecast.audio","codec":"AAC+","bitrate":128,"tags":""}},{"type":"Feature","geometry":{"type":"Point","coordinates":[17.5231,59.0223]},"properties":{"id":"80d51b29-02d0-48e6-a1b5-a613daa79a3c","name":"Radio Rivendell","country":"Sweden","countryCode":"SE","state":"Sweden","category":"music","streamUrl":"https://play.radiorivendell.com/radio/8000/radio.mp3","codec":"MP3","bitrate":128,"tags":"fantasy"}},{"type":"Feature","geometry":{"type":"Point","coordinates":[127.02635049819948,37.34842330424091]},"properties":{"id":"c60ab0ce-723c-43a9-85a4-ff544710f27f","name":"OBS 라디오","country":"The Republic Of Korea","countryCode":"KR","state":"Gyeonggi","category":"music","streamUrl":"https://vod3.obs.co.kr:444/live/obsstream1/radio.stream/playlist.m3u8","codec":"AAC","bitrate":144,"tags":""}},{"type":"Feature","geometry":{"type":"Point","coordinates":[174.3819,-41.0634]},"properties":{"id":"143e3091-129f-44f7-9d9f-615bf19a7896","name":"Humm Radio","country":"New Zealand","countryCode":"NZ","state":"Auckland","category":"music","streamUrl":"https://mediaworks.streamguys1.com/humm_net_icy","codec":"AAC","bitrate":127,"tags":"bollywood hits, indian radio"}},{"type":"Feature","geometry":{"type":"Point","coordinates":[121.5294,25.0371]},"properties":{"id":"c9acf570-8018-473e-a345-97a1cd294619","name":"城市廣播網-台北健康","country":"Taiwan, Republic Of China","countryCode":"TW","state":"Taipei","category":"music","streamUrl":"http://fm901.cityfm.tw:8080/901.mp3","codec":"MP3","bitrate":128,"tags":""}},{"type":"Feature","geometry":{"type":"Point","coordinates":[31.2357,30.0444]},"properties":{"id":"d792c407-26af-4bd4-9ad5-6a9c23c704f7","name":"OM Kalthom","country":"Egypt","countryCode":"EG","state":"","category":"music","streamUrl":"https://stream.zeno.fm/zsgrfxg71s8uv","codec":"MP3","bitrate":128,"tags":"arabic, classics, music, oriental"}},{"type":"Feature","geometry":{"type":"Point","coordinates":[-1.7068672239147855,52.278521745331425]},"properties":{"id":"1bfae443-4fa5-45ed-92a5-8aecd6a70756","name":"Greatest Hits Radio","country":"The United Kingdom Of Great Britain And Northern Ireland","countryCode":"GB","state":"West Midlands","category":"music","streamUrl":"https://stream-mz.hellorayo.co.uk/net2westmidlands.aac?aw_0_1st.skey=1602676850&direct=true&rp_source=1","codec":"AAC+","bitrate":47,"tags":""}},{"type":"Feature","geometry":{"type":"Point","coordinates":[120.8191,24.5618]},"properties":{"id":"bc812df5-feb1-420a-a0c7-530b828de163","name":"苗栗正義電台","country":"Taiwan, Republic Of China","countryCode":"TW","state":"Miaoli","category":"news","streamUrl":"http://211.20.119.103:8081/","codec":"MP3","bitrate":128,"tags":"88.9, 88.9 fm, information, music"}},{"type":"Feature","geometry":{"type":"Point","coordinates":[-0.1261711120605469,51.508478693778756]},"properties":{"id":"70df08a8-d166-4acf-8c09-079b4374e1ba","name":"BBC RADIO 1 DANCE: The biggest current, future and classic dance vibes","country":"The United Kingdom Of Great Britain And Northern Ireland","countryCode":"GB","state":"London","category":"news","streamUrl":"http://151.80.56.90:8090/bbc_radio_one_dance.aac","codec":"AAC","bitrate":128,"tags":"bbc, bbc radio 1, bbc radio 1 dance, club dance, dab+, dance, dance music, edm, electronic dance music, england"}},{"type":"Feature","geometry":{"type":"Point","coordinates":[139.5592,35.4323]},"properties":{"id":"0bca37e5-153c-40fa-a26f-b52d46523b72","name":"Otaku Music Radio","country":"Japan","countryCode":"JP","state":"Japan","category":"music","streamUrl":"https://kathy.torontocast.com:2880/;?type=http&nocache=1606748882","codec":"MP3","bitrate":192,"tags":""}},{"type":"Feature","geometry":{"type":"Point","coordinates":[18.101949691772464,59.33482591295532]},"properties":{"id":"95019533-f24b-4eb2-ba07-2ccdf1ea683e","name":"Sveriges Radio P1","country":"Sweden","countryCode":"SE","state":"National, Sweden","category":"news","streamUrl":"https://live1.sr.se/p1-mp3-96","codec":"MP3","bitrate":98,"tags":"culture, news, talk"}},{"type":"Feature","geometry":{"type":"Point","coordinates":[121.609,23.995]},"properties":{"id":"ddf57d7f-e140-4f8d-b3c3-4932563c9ff0","name":"好事聯播網 蓮花電台","country":"Taiwan, Republic Of China","countryCode":"TW","state":"Hualien","category":"music","streamUrl":"http://202.39.43.67:1935/live/RA000011/chunklist.m3u8","codec":"UNKNOWN","bitrate":128,"tags":"music"}},{"type":"Feature","geometry":{"type":"Point","coordinates":[17.929687500000004,59.35111568253323]},"properties":{"id":"12824d18-3891-402f-b7a9-b8d75bfe3b99","name":"Bandit Ballads","country":"Sweden","countryCode":"SE","state":"","category":"music","streamUrl":"https://wr21-ice.stream.khz.se/wr21_aac","codec":"AAC+","bitrate":96,"tags":"ballads, rock"}},{"type":"Feature","geometry":{"type":"Point","coordinates":[103.84862065315248,1.343114003868461]},"properties":{"id":"e7b4d0c0-6516-4e75-841d-427489eaa9fa","name":"Kiss92","country":"Singapore","countryCode":"SG","state":"","category":"music","streamUrl":"https://playerservices.streamtheworld.com/api/livestream-redirect/KISS_92_SC","codec":"MP3","bitrate":96,"tags":"pop music"}},{"type":"Feature","geometry":{"type":"Point","coordinates":[-97.73638397455215,30.28859606390695]},"properties":{"id":"15df1c87-b96e-4496-99ed-6513bb9ceacc","name":"Travis County Police","country":"The United States Of America","countryCode":"US","state":"","category":"public-safety","streamUrl":"http://audio1.radioreference.com/907330774","codec":"MP3","bitrate":16,"tags":"austin, police, travis county"}},{"type":"Feature","geometry":{"type":"Point","coordinates":[120.6604,24.3897]},"properties":{"id":"98e6c0ab-2458-4eb0-8400-c41b525441a7","name":"https://www.csbc.com.tw","country":"Taiwan, Republic Of China","countryCode":"TW","state":"Taiwan","category":"music","streamUrl":"https://flv.ccdntech.com/live/_definst_/mp4:vod117_Live/live1/playlist.m3u8","codec":"AAC","bitrate":66,"tags":""}},{"type":"Feature","geometry":{"type":"Point","coordinates":[17.6392,59.4362]},"properties":{"id":"f65bbc32-439d-447a-aba4-d83c144cdad3","name":"SLAY Radio [aac]","country":"Sweden","countryCode":"SE","state":"Sweden","category":"music","streamUrl":"http://relay1.slayradio.org:8300/","codec":"AAC+","bitrate":128,"tags":"c64, electronic, remixes"}},{"type":"Feature","geometry":{"type":"Point","coordinates":[-21.9144,63.8828]},"properties":{"id":"365a410b-cd82-4410-b351-6f443c3e8c1e","name":"Flashback 60s","country":"Iceland","countryCode":"IS","state":"Iceland","category":"music","streamUrl":"https://ice-11.spilarinn.is/60flashback","codec":"MP3","bitrate":128,"tags":""}},{"type":"Feature","geometry":{"type":"Point","coordinates":[18.42630386352539,-33.925196468348354]},"properties":{"id":"b291f81b-288c-4f78-9953-06aed3277af4","name":"Cape Talk 567","country":"South Africa","countryCode":"ZA","state":"","category":"talk","streamUrl":"https://27863.live.streamtheworld.com/CAPE_TALKAAC_SC?dist=CapeTalkWeb&pname=TDSdk","codec":"AAC+","bitrate":32,"tags":"adult contemporary, south africa, talk"}},{"type":"Feature","geometry":{"type":"Point","coordinates":[-98.85183557868004,71.666379238368]},"properties":{"id":"66774584-9661-44f7-b82f-411e5e6ced3e","name":"Exclusively Buddy Holly","country":"Canada","countryCode":"CA","state":"","category":"music","streamUrl":"https://streaming.exclusive.radio/er/buddyholly/icecast.audio","codec":"MP3","bitrate":128,"tags":""}},{"type":"Feature","geometry":{"type":"Point","coordinates":[-95.33923614229803,29.726399186378817]},"properties":{"id":"f077fadc-7a3c-48d8-9782-472ca4fbec05","name":"Houston Public Media News 88.7","country":"The United States Of America","countryCode":"US","state":"Texas","category":"weather","streamUrl":"https://stream.houstonpublicmedia.org/news-aac","codec":"AAC+","bitrate":64,"tags":"local news, news, npr, public radio, weather, world news"}},{"type":"Feature","geometry":{"type":"Point","coordinates":[27.965698242187504,-32.983180097170404]},"properties":{"id":"003efaa4-e791-4095-84aa-81bedd09a986","name":"Link FM (RSA-EC)","country":"South Africa","countryCode":"ZA","state":"Eastern Cape","category":"weather","streamUrl":"https://de2.streamingpulse.com/ssl/LinkFM","codec":"MP3","bitrate":128,"tags":"christianity, gospel music, local news, weather"}},{"type":"Feature","geometry":{"type":"Point","coordinates":[-75.1991,39.1965]},"properties":{"id":"14130056-120c-11e9-a80b-52543be04c81","name":"NOAA Weather Radio - KHB36 - Manassas, VA - 162.550 MHz","country":"The United States Of America","countryCode":"US","state":"Virginia","category":"weather","streamUrl":"http://stream.mikev.com/khb36.mp3","codec":"MP3","bitrate":32,"tags":"noaa, weather radio"}},{"type":"Feature","geometry":{"type":"Point","coordinates":[100.8097,13.483]},"properties":{"id":"6b4b72d2-151a-4bf5-abd1-0f137a4465dd","name":"City Radio Pattaya","country":"Thailand","countryCode":"TH","state":"Thailand","category":"music","streamUrl":"https://media.onair.one:8200/stream/1/?v=1769497160087","codec":"MP3","bitrate":320,"tags":""}},{"type":"Feature","geometry":{"type":"Point","coordinates":[121.3013,24.9786]},"properties":{"id":"ca368d8d-6f1e-4b5c-bab2-70e84fefe8ea","name":"AsiaFM 亞洲電台","country":"Taiwan, Republic Of China","countryCode":"TW","state":"Taoyuan","category":"music","streamUrl":"https://n13.rcs.revma.com/xpgtqc74hv8uv","codec":"AAC","bitrate":128,"tags":"music"}},{"type":"Feature","geometry":{"type":"Point","coordinates":[3.066,50.633]},"properties":{"id":"9467b580-dd8b-44d6-b99a-6ac688a50786","name":"ISEKOI Radio | Chill Zone","country":"France","countryCode":"FR","state":"","category":"music","streamUrl":"https://public.isekoi-radio.com/listen/chill/radio.mp3","codec":"MP3","bitrate":320,"tags":"chill, chillout, electronic, house, intelligent drum and bass, intelligent drum&bass, liquid, liquid drum and bas, liquid funk, lofi"}},{"type":"Feature","geometry":{"type":"Point","coordinates":[120.4008,24.2124]},"properties":{"id":"44dd89fd-72c1-4d15-970d-e84718bc7bcb","name":"凱旋廣播電台","country":"Taiwan, Republic Of China","countryCode":"TW","state":"Taiwan","category":"talk","streamUrl":"http://59.125.209.209:8081/","codec":"MP3","bitrate":128,"tags":"music, talk"}},{"type":"Feature","geometry":{"type":"Point","coordinates":[113.35693359375,23.059516273509317]},"properties":{"id":"b8ca2adc-5848-4625-8d8b-c767c404204e","name":"羊城交通电台","country":"China","countryCode":"CN","state":"Kwangtung","category":"traffic-transit","streamUrl":"https://lhttp.qtfm.cn/live/1262/64k.mp3","codec":"MP3","bitrate":128,"tags":"traffic"}},{"type":"Feature","geometry":{"type":"Point","coordinates":[-0.12651443481445315,51.50783763823964]},"properties":{"id":"0f1a8621-d35a-4073-83d3-7ee14207a9a9","name":"KISS - The Best Vibes & Energy","country":"The United Kingdom Of Great Britain And Northern Ireland","countryCode":"GB","state":"London","category":"music","streamUrl":"https://live-bauerkiss.sharp-stream.com/kissnational.aac?direct=true&aw_0_1st.skey=1602676850&rp_source=1&=&&___cb=60456375243858","codec":"AAC+","bitrate":47,"tags":"dab, dance, dance music, digital radio, edm, england, entertainment, europe, london, moi merino"}},{"type":"Feature","geometry":{"type":"Point","coordinates":[15.625551152326544,-47.48609923596499]},"properties":{"id":"85600c22-79dd-465a-873a-bda637f95a8b","name":"Chinese Music World","country":"China","countryCode":"CN","state":"","category":"music","streamUrl":"https://radio.chinesemusicworld.com/chinesemusic.mp3","codec":"MP3","bitrate":128,"tags":"folk"}},{"type":"Feature","geometry":{"type":"Point","coordinates":[4.8253,52.6371]},"properties":{"id":"2b552aa7-f396-4d0b-90ec-163e527270fe","name":"SLAM","country":"The Netherlands","countryCode":"NL","state":"Netherlands","category":"music","streamUrl":"http://streaming.slam.nl/slam_aac","codec":"AAC+","bitrate":96,"tags":""}},{"type":"Feature","geometry":{"type":"Point","coordinates":[121.1411,23.4445]},"properties":{"id":"26e76720-2e4f-4b13-9617-970cffa1116b","name":"寶島客家廣播電台","country":"Taiwan, Republic Of China","countryCode":"TW","state":"Taiwan","category":"talk","streamUrl":"http://taiwan-radio.tw:8000/TP.FM93.7","codec":"MP3","bitrate":128,"tags":""}},{"type":"Feature","geometry":{"type":"Point","coordinates":[1.8352,49.303]},"properties":{"id":"67b97c36-ce86-4c73-b252-e34e2da77ad0","name":"FIP (hifi + metadata)","country":"France","countryCode":"FR","state":"France","category":"music","streamUrl":"http://radio-metadata.fr:8000/fip","codec":"AAC","bitrate":192,"tags":"eclectic, music, radio france"}},{"type":"Feature","geometry":{"type":"Point","coordinates":[12.9083,51.9328]},"properties":{"id":"88538943-08ca-42a9-8363-50321821da20","name":"0R - CLASSICAL HOTEL LOUNGE - CLASSICAL || Classical, Lounge, Piano, Strings, Elegant, Relax, Instrumental, Calm, Soft, Background, Timeless, Melodic, Sophisticated, Evening, Smooth","country":"Germany","countryCode":"DE","state":"North Rhine-Westphalia","category":"music","streamUrl":"https://0nlineradio.radioho.st/classical-classical-hotel-lounge?ref=radio-browser26","codec":"MP3","bitrate":192,"tags":"ambient, ambient and relaxation music, ambiental, background, chillout+lounge, classic hits, classical, classical music, classics, easy listening"}},{"type":"Feature","geometry":{"type":"Point","coordinates":[120.9753,24.7897]},"properties":{"id":"c17de880-7b81-4172-baee-7cec622ab670","name":"新竹勞工之聲","country":"Taiwan, Republic Of China","countryCode":"TW","state":"Hsinchu","category":"music","streamUrl":"http://202.39.43.67:1935/live/RA000101/chunklist.m3u8","codec":"UNKNOWN","bitrate":128,"tags":"music"}},{"type":"Feature","geometry":{"type":"Point","coordinates":[21.972656250000004,-78.29247842306191]},"properties":{"id":"bd568faa-169e-4aab-a99f-7c2f0762a312","name":"Radio Caprice - Drum n Bass","country":"The Russian Federation","countryCode":"RU","state":"Pangea","category":"music","streamUrl":"https://nationalanthems.info/dz.mp3?PANGEAhttps://nationalanthems.info/dz.mp3https://nationalanthems.info/dz.mp3https://nationalanthems.info/dz.mp3https://nationalanthems.info/dz.mp3https://nationalanthems.info/dz.mp3https://nationalanthems.info/dz.mp3https://nationalanthems.info/dz.mp3https://nationalanthems.info/dz.mp3https://nationalanthems.info/dz.mp3https://nationalanthems.info/dz.mp3https://nationalanthems.info/dz.mp3https://nationalanthems.info/dz.mp3https://nationalanthems.info/dz.mp3https://nationalanthems.info/dz.mp3https://nationalanthems.info/dz.mp3https://nationalanthems.info/dz.mp3https://nationalanthems.info/dz.mp3https://nationalanthems.info/dz.mp3https://nationalanthems.info/dz.mp3https://nationalanthems.info/dz.mp3https://nationalanthems.info/dz.mp3https://nationalanthems.info/dz.mp3https://nationalanthems.info/dz.mp3https://nationalanthems.info/dz.mp3https://nationalanthems.info/dz.mp3https://nationalanthems.info/dz.mp3https://nationalanthems.info/dz.mp3https://nationalanthems.info/dz.mp3https://nationalanthems.info/dz.mp3https://nationalanthems.info/dz.mp3https://nationalanthems.info/dz.mp3https://nationalanthems.info/dz.mp3https://nationalanthems.info/dz.mp3https://nationalanthems.info/dz.mp3https://nationalanthems.info/dz.mp3https://nationalanthems.info/dz.mp3https://nationalanthems.info/dz.mp3https://nationalanthems.info/dz.mp3https://nationalanthems.info/dz.mp3https://nationalanthems.info/dz.mp3https://nationalanthems.info/dz.mp3https://nationalanthems.info/dz.mp3https://nationalanthems.info/dz.mp3https://nationalanthems.info/dz.mp3https://nationalanthems.info/dz.mp3https://nationalanthems.info/dz.mp3https://nationalanthems.info/dz.mp3https://nationalanthems.info/dz.mp3https://nationalanthems.info/dz.mp3https://nationalanthems.info/dz.mp3https://nationalanthems.info/dz.mp3https://nationalanthems.info/dz.mp3https://nationalanthems.info/dz.mp3https://nationalanthems.info/dz.mp3https://nationalanthems.info/dz.mp3https://nationalanthems.info/dz.mp3https://nationalanthems.info/dz.mp3https://nationalanthems.info/dz.mp3https://nationalanthems.info/dz.mp3https://nationalanthems.info/dz.mp3https://nationalanthems.info/dz.mp3https://nationalanthems.info/dz.mp3https://nationalanthems.info/dz.mp3https://nationalanthems.info/dz.mp3https://nationalanthems.info/dz.mp3https://nationalanthems.info/dz.mp3https://nationalanthems.info/dz.mp3https://nationalanthems.info/dz.mp3https://nationalanthems.info/dz.mp3https://nationalanthems.info/dz.mp3https://nationalanthems.info/dz.mp3https://nationalanthems.info/dz.mp3https://nationalanthems.info/dz.mp3https://nationalanthems.info/dz.mp3https://nationalanthems.info/dz.mp3https://nationalanthems.info/dz.mp3https://nationalanthems.info/dz.mp3https://nationalanthems.info/dz.mp3https://nationalanthems.info/dz.mp3https://nationalanthems.info/dz.mp3https://nationalanthems.info/dz.mp3https://nationalanthems.info/dz.mp3https://nationalanthems.info/dz.mp3https://nationalanthems.info/dz.mp3https://nationalanthems.info/dz.mp3https://nationalanthems.info/dz.mp3https://nationalanthems.info/dz.mp3https://nationalanthems.info/dz.mp3https://nationalanthems.info/dz.mp3https://nationalanthems.info/dz.mp3https://nationalanthems.info/dz.mp3https://nationalanthems.info/dz.mp3https://nationalanthems.info/dz.mp3https://nationalanthems.info/dz.mp3https://nationalanthems.info/dz.mp3https://nationalanthems.info/dz.mp3https://nationalanthems.info/dz.mp3https://nationalanthems.info/dz.mp3https://nationalanthems.info/dz.mp3https://nationalanthems.info/dz.mp3https://nationalanthems.info/dz.mp3https://nationalanthems.info/dz.mp3https://nationalanthems.info/dz.mp3https://nationalanthems.info/dz.mp3https://nationalanthems.info/dz.mp3https://nationalanthems.info/dz.mp3https://nationalanthems.info/dz.mp3https://nationalanthems.info/dz.mp3https://nationalanthems.info/dz.mp3https://nationalanthems.info/dz.mp3https://nationalanthems.info/dz.mp3https://nationalanthems.info/dz.mp3https://nationalanthems.info/dz.mp3https://nationalanthems.info/dz.mp3https://nationalanthems.info/dz.mp3https://nationalanthems.info/dz.mp3https://nationalanthems.info/dz.mp3https://nationalanthems.info/dz.mp3https://nationalanthems.info/dz.mp3https://nationalanthems.info/dz.mp3https://nationalanthems.info/dz.mp3https://nationalanthems.info/dz.mp3https://nationalanthems.info/dz.mp3https://nationalanthems.info/dz.mp3https://nationalanthems.info/dz.mp3https://nationalanthems.info/dz.mp3https://nationalanthems.info/dz.mp3https://nationalanthems.info/dz.mp3https://nationalanthems.info/dz.mp3https://nationalanthems.info/dz.mp3https://nationalanthems.info/dz.mp3https://nationalanthems.info/dz.mp3https://nationalanthems.info/dz.mp3https://nationalanthems.info/dz.mp3https://nationalanthems.info/dz.mp3https://nationalanthems.info/dz.mp3https://nationalanthems.info/dz.mp3https://nationalanthems.info/dz.mp3https://nationalanthems.info/dz.mp3https://nationalanthems.info/dz.mp3https://nationalanthems.info/dz.mp3","codec":"MP3","bitrate":128,"tags":"naci alex"}},{"type":"Feature","geometry":{"type":"Point","coordinates":[126.4387,37.1885]},"properties":{"id":"6240924d-bc3a-4cd6-8e09-399dbdeb0a36","name":"TBN 울산교통방송","country":"The Republic Of Korea","countryCode":"KR","state":"ulsan","category":"traffic-transit","streamUrl":"http://radio2.tbn.or.kr:1935/ulsan/myStream/playlist.m3u8","codec":"AAC","bitrate":98,"tags":"traffic"}},{"type":"Feature","geometry":{"type":"Point","coordinates":[139.6846,35.1557]},"properties":{"id":"661c6656-d27e-45dc-b60a-7f77e2c989a5","name":"Nightwave Plaza (Opus 64)","country":"Japan","countryCode":"JP","state":"Japan","category":"music","streamUrl":"http://radio.plaza.one/ogg_low","codec":"OGG","bitrate":96,"tags":"future funk, synthwave, vaporwave"}},{"type":"Feature","geometry":{"type":"Point","coordinates":[18.095956390161508,59.345771564641424]},"properties":{"id":"ac551e97-29fe-4eb2-979f-7438ad647d15","name":"Sveriges Radio P4 Stockholm","country":"Sweden","countryCode":"SE","state":"","category":"music","streamUrl":"https://edge1.sr.se/p4sth-aac-320","codec":"AAC","bitrate":304,"tags":""}},{"type":"Feature","geometry":{"type":"Point","coordinates":[-21.7028,64.0861]},"properties":{"id":"96238c62-0601-11e8-ae97-52543be04c81","name":"Visir \"FM 957 Extra\" Reykjavik","country":"Iceland","countryCode":"IS","state":"Iceland","category":"music","streamUrl":"http://icecast.365net.is:8000/orbFmExtra.aac","codec":"AAC+","bitrate":130,"tags":"contemporary hits, reykjavik, top 40"}},{"type":"Feature","geometry":{"type":"Point","coordinates":[4.402635790952025,50.85325707417748]},"properties":{"id":"091f7820-4b25-4fb6-9739-7c112ef4ed48","name":"Studio Brussel","country":"Belgium","countryCode":"BE","state":"Brussels","category":"music","streamUrl":"http://icecast.vrtcdn.be/stubru-mid.mp3","codec":"MP3","bitrate":128,"tags":"alternative, pop, rock, vrt"}},{"type":"Feature","geometry":{"type":"Point","coordinates":[-22.404,64.2178]},"properties":{"id":"9623e951-0601-11e8-ae97-52543be04c81","name":"Radio Bodun 105.5 Reykjavik","country":"Iceland","countryCode":"IS","state":"Iceland","category":"music","streamUrl":"http://radio.bodun.is:8000/stream","codec":"MP3","bitrate":128,"tags":"religion, reykjavik"}},{"type":"Feature","geometry":{"type":"Point","coordinates":[120.4187,24.9678]},"properties":{"id":"02abdcd7-2477-46cf-8ccf-feb177d54d87","name":"Stars RADIO星蹤之愛廣播網","country":"Taiwan, Republic Of China","countryCode":"TW","state":"Taiwan","category":"music","streamUrl":"https://cdn280.ccdntech.com/live-http/_definst_/vod280_Live/stars/playlist.m3u8","codec":"AAC","bitrate":136,"tags":""}},{"type":"Feature","geometry":{"type":"Point","coordinates":[13.2622,52.614]},"properties":{"id":"d45dff01-bb08-4703-992d-a679a0ba0b05","name":"Antenne Bayern","country":"Germany","countryCode":"DE","state":"Bayern","category":"music","streamUrl":"https://stream.antenne.de/antenne/stream/mp3","codec":"MP3","bitrate":128,"tags":""}},{"type":"Feature","geometry":{"type":"Point","coordinates":[-114.06280517578126,51.04427428643046]},"properties":{"id":"9717bbf2-b2de-4fe3-a5e2-0358649365fe","name":"Beats Radio","country":"Canada","countryCode":"CA","state":"","category":"music","streamUrl":"https://satcom.rfchosting.ca:8100/stream","codec":"MP3","bitrate":192,"tags":"dance, edm, electronic"}},{"type":"Feature","geometry":{"type":"Point","coordinates":[146.79116878797066,-19.296141175914332]},"properties":{"id":"1cf68d54-ff37-44cb-b202-099df5108654","name":"Big Hits Radio QLD Townsville North Queensland 20220701","country":"Australia","countryCode":"AU","state":"Queensland Townsville","category":"weather","streamUrl":"https://onlineradiobox.com/json/au/bighits/play?platform=web","codec":"MP3","bitrate":320,"tags":"ballad, classic rock, community, local radio, news, old skool, soft rock, weather"}},{"type":"Feature","geometry":{"type":"Point","coordinates":[175.372,-41.4274]},"properties":{"id":"64a74374-c09a-46e6-a4b5-2fbd29e23576","name":"Coast FM","country":"New Zealand","countryCode":"NZ","state":"Auckland","category":"music","streamUrl":"https://playerservices.streamtheworld.com/api/livestream-redirect/NZME_07AAC.m3u8?aw_0_1st.playerid=iHeartRadioWebPlayer&aw_0_1st.skey=9774168307&clientType=web&companionAds=false&deviceName=web-desktop&dist=iheart&host=webapp.NZ&listenerId=&playedFrom=157&pname=live_profile&profileId=9774168307&stationid=6193&terminalId=162&territory=NZ","codec":"AAC+","bitrate":64,"tags":"80's"}},{"type":"Feature","geometry":{"type":"Point","coordinates":[10.4317,59.4587]},"properties":{"id":"eca68275-d53f-4b89-9dc2-0e16e89250e6","name":"P24-7 JuleRadioen","country":"Norway","countryCode":"NO","state":"Norway","category":"music","streamUrl":"https://live-bauerno.sharp-stream.com/station17_no_mp3","codec":"MP3","bitrate":128,"tags":"jul"}},{"type":"Feature","geometry":{"type":"Point","coordinates":[126.7305,37.7551]},"properties":{"id":"066839bb-e428-11e8-a9cc-52543be04c81","name":"EBS TV-2","country":"The Republic Of Korea","countryCode":"KR","state":"Seoul","category":"music","streamUrl":"http://ebsonair.ebs.co.kr/ebs2familypc/familypc1m/playlist.m3u8","codec":"AAC","bitrate":1155,"tags":""}},{"type":"Feature","geometry":{"type":"Point","coordinates":[121.507630993431,25.03601702312708]},"properties":{"id":"665c3e49-f179-44d5-a33a-51fa71aceb63","name":"警察廣播電臺 - 臺北分臺 FM 94.3","country":"Taiwan, Republic Of China","countryCode":"TW","state":"Taipei","category":"public-safety","streamUrl":"https://stream.pbs.gov.tw/live/TPS/playlist.m3u8","codec":"AAC","bitrate":128,"tags":"emergency & public safety, government, local traffic & weather, news, traffic, weather"}},{"type":"Feature","geometry":{"type":"Point","coordinates":[-74.07755836595288,40.73065802094262]},"properties":{"id":"e674f88d-c73f-45b8-a7d5-e08a821e1cf8","name":"Frisky Classics","country":"The United States Of America","countryCode":"US","state":"New York NY","category":"music","streamUrl":"https://stream.classics.friskyradio.com/classics_mp3_high","codec":"MP3","bitrate":96,"tags":"electronic, house, progressive, techno, trance"}},{"type":"Feature","geometry":{"type":"Point","coordinates":[139.2123,35.8963]},"properties":{"id":"090ec5aa-54d0-4410-8442-82c5236c57b8","name":"J1 HITS","country":"Japan","countryCode":"JP","state":"Japan","category":"music","streamUrl":"https://jenny.torontocast.com:2000/stream/J1HITS?_=538100","codec":"MP3","bitrate":128,"tags":""}},{"type":"Feature","geometry":{"type":"Point","coordinates":[121.5226,25.0527]},"properties":{"id":"27e0d087-070c-4dd7-8b86-e501d262c5f1","name":"飛碟聯播網 飛碟電台","country":"Taiwan, Republic Of China","countryCode":"TW","state":"Taipei","category":"music","streamUrl":"https://n10.rcs.revma.com/em90w4aeewzuv","codec":"AAC","bitrate":128,"tags":"entertainment, music"}},{"type":"Feature","geometry":{"type":"Point","coordinates":[121.5287,25.0579]},"properties":{"id":"4c7d3d26-6339-4535-a4e6-98284f519cbc","name":"正聲綜合","country":"Taiwan, Republic Of China","countryCode":"TW","state":"Taipei","category":"music","streamUrl":"https://flv.ccdntech.com/live/_definst_/mp4:vod117_Live/live2/playlist.m3u8","codec":"AAC","bitrate":66,"tags":""}},{"type":"Feature","geometry":{"type":"Point","coordinates":[-0.12745857238769534,51.507755836232896]},"properties":{"id":"9c8f6141-f8e8-4779-bfed-5a79e14ed4dd","name":"KISS DANCE: The Biggest Dance Anthems 24/7","country":"The United Kingdom Of Great Britain And Northern Ireland","countryCode":"GB","state":"London","category":"music","streamUrl":"https://stream-kiss.hellorayo.co.uk/kissdance.aac?direct=true&aw_0_1st.skey=1602676850&rp_source=1&=&&___cb=60456375243858","codec":"AAC","bitrate":127,"tags":"anthems, bauer radio, club dance, dab, dab+, dance, dance anthems, dance music, edm, electronic dance music"}},{"type":"Feature","geometry":{"type":"Point","coordinates":[139.289,35.8863]},"properties":{"id":"138a0d94-617d-45c6-9164-fe393c140a88","name":"stereo anime","country":"Japan","countryCode":"JP","state":"tokyo","category":"music","streamUrl":"https://radio.stereoanime.com/listen/stereoanime/128","codec":"MP3","bitrate":128,"tags":"anime, anime endings, anime openings, anime radio, j-pop, j-rock, japanese anime soundtracks game jpop vgm ost, japonese anime soundtracks, video game music, video games"}},{"type":"Feature","geometry":{"type":"Point","coordinates":[-21.7151,64.0791]},"properties":{"id":"9624084b-0601-11e8-ae97-52543be04c81","name":"Apparatid","country":"Iceland","countryCode":"IS","state":"Iceland","category":"music","streamUrl":"http://icecast.365net.is:8000/orbApparatid.aac","codec":"AAC+","bitrate":130,"tags":"local music"}},{"type":"Feature","geometry":{"type":"Point","coordinates":[120.7599,23.9136]},"properties":{"id":"fc9189c5-d9c3-4199-8217-5e5ce3f7108c","name":"電台測試2","country":"Taiwan, Republic Of China","countryCode":"TW","state":"Taiwan","category":"music","streamUrl":"http://125.227.87.206:8000/SuperUS","codec":"MP3","bitrate":64,"tags":""}},{"type":"Feature","geometry":{"type":"Point","coordinates":[120.98556250333787,14.556984327953908]},"properties":{"id":"d617ca3d-4458-4c94-9a5f-65106263ec51","name":"101.1 Yes FM Manila","country":"The Philippines","countryCode":"PH","state":"Metro Manila","category":"music","streamUrl":"https://azura.yesfm.com.ph/listen/yes_fm_manila/radio.mp3","codec":"MP3","bitrate":128,"tags":"contemporary, middle of the road, philippines"}},{"type":"Feature","geometry":{"type":"Point","coordinates":[121.5377,15.0515]},"properties":{"id":"42d08428-c760-4a28-b484-3cf0fb03f496","name":"90.7 Love Radio - DZMB","country":"The Philippines","countryCode":"PH","state":"Manila","category":"music","streamUrl":"https://azura.loveradio.com.ph/listen/love_radio_manila/radio.mp3","codec":"MP3","bitrate":128,"tags":"adult contemporary, contemporary hits, music, opm, pop"}},{"type":"Feature","geometry":{"type":"Point","coordinates":[149.8811,-33.4467]},"properties":{"id":"d44c03de-5d38-48de-b59a-6968ffcdad63","name":"ABC Radio National HLS","country":"Australia","countryCode":"AU","state":"Australia","category":"news","streamUrl":"https://mediaserviceslive.akamaized.net/hls/live/2038318/rnnsw/index.m3u8","codec":"AAC","bitrate":115,"tags":"abc, information, news, public radio, talk"}},{"type":"Feature","geometry":{"type":"Point","coordinates":[120.7032,23.9183]},"properties":{"id":"e912fd19-81c3-463e-a37e-ef1cef859c1c","name":"台灣廣播 中興台","country":"Taiwan, Republic Of China","countryCode":"TW","state":"Nantou","category":"music","streamUrl":"http://test.taiwan-radio.tw:8000/NT.AM963","codec":"MP3","bitrate":48,"tags":""}},{"type":"Feature","geometry":{"type":"Point","coordinates":[121.0512,23.8838]},"properties":{"id":"8d4d2ada-c57c-46d6-b67d-aba881f9587a","name":"1766線上電臺-百家知識","country":"Taiwan, Republic Of China","countryCode":"TW","state":"Taiwan","category":"news","streamUrl":"http://livestream.1766.today:1768/live1.mp3","codec":"MP3","bitrate":48,"tags":"news"}},{"type":"Feature","geometry":{"type":"Point","coordinates":[121.0442,24.7131]},"properties":{"id":"8b35b620-4f88-413b-bb69-d24a1c7ddd3b","name":"幸福廣播電台TR Radio FM102.5","country":"Taiwan, Republic Of China","countryCode":"TW","state":"Taiwan","category":"music","streamUrl":"http://61.218.61.251:8080/","codec":"MP3","bitrate":128,"tags":"lifestyle, music"}},{"type":"Feature","geometry":{"type":"Point","coordinates":[121.0259,23.9513]},"properties":{"id":"0683be37-12cf-49f7-a6a2-aaa8dd5d7cbe","name":"B&B RADIO 幫幫廣播網","country":"Taiwan, Republic Of China","countryCode":"TW","state":"Taiwan","category":"music","streamUrl":"https://cdn280.ccdntech.com/live-http/_definst_/vod280_Live/bb/playlist.m3u8","codec":"AAC","bitrate":131,"tags":"lifestyle"}},{"type":"Feature","geometry":{"type":"Point","coordinates":[2.1412637829780583,41.392387866248974]},"properties":{"id":"3253df03-98b5-44f0-b060-1aceebb53c4d","name":"Catalunya Radio","country":"Spain","countryCode":"ES","state":"Catalunya","category":"news","streamUrl":"https://shoutcast.ccma.cat/ccma/catalunyaradioHD.mp3","codec":"AAC","bitrate":56,"tags":"news talk"}},{"type":"Feature","geometry":{"type":"Point","coordinates":[-97.12738037109376,49.898880602404944]},"properties":{"id":"02279184-b44e-47db-857d-06bd4c53a6ae","name":"Ambient Art Sound","country":"Canada","countryCode":"CA","state":"","category":"music","streamUrl":"https://ambientartsound.skydesignltd.com:8000/radio.mp3?refresh=1652750904243","codec":"MP3","bitrate":128,"tags":""}},{"type":"Feature","geometry":{"type":"Point","coordinates":[174.4151,-41.1522]},"properties":{"id":"14928631-8213-42aa-bfc1-aad43f604154","name":"Radio Sangeet Masti","country":"New Zealand","countryCode":"NZ","state":"New Zealand","category":"music","streamUrl":"https://servidor19-4.brlogic.com:7304/live?source=website","codec":"MP3","bitrate":192,"tags":"music"}},{"type":"Feature","geometry":{"type":"Point","coordinates":[174.77877330912636,-41.29216980401187]},"properties":{"id":"35732d95-d390-4097-94c5-017385c081ca","name":"Radioactive.FM 88.6","country":"New Zealand","countryCode":"NZ","state":"","category":"music","streamUrl":"https://radio123-gecko.radioca.st/radioactivefm","codec":"MP3","bitrate":320,"tags":"alternative, indie, local radio, student radio"}},{"type":"Feature","geometry":{"type":"Point","coordinates":[121.5229,25.0667]},"properties":{"id":"1fbef30f-dfa0-471b-b0ea-dd296391d30e","name":"佳音電台 90.9 FM","country":"Taiwan, Republic Of China","countryCode":"TW","state":"Taipei","category":"music","streamUrl":"https://stream.ginnet.cloud/live0119lo-p4rb/_definst_/fm909/playlist.m3u8","codec":"AAC","bitrate":65,"tags":""}},{"type":"Feature","geometry":{"type":"Point","coordinates":[24.3425,59.6794]},"properties":{"id":"2c794d05-0cc1-4dfa-be31-52c0ab2cc19d","name":"Basso","country":"Finland","countryCode":"FI","state":"Finland","category":"music","streamUrl":"https://stream-redirect.bauermedia.fi/basso/bassoradio_64.aac?aw_0_1st.bauer_loggedin=false&aw_0_1st.playerid=BMUK_tunein","codec":"AAC","bitrate":64,"tags":"rap"}},{"type":"Feature","geometry":{"type":"Point","coordinates":[174.7324848175049,-36.86317362230059]},"properties":{"id":"9c69a400-cc27-4d7f-9c37-389e446b10f0","name":"Retro Hit Radio","country":"New Zealand","countryCode":"NZ","state":"Auckland","category":"music","streamUrl":"https://riphel02.radioca.st/;","codec":"AAC+","bitrate":80,"tags":"1980s, 1990s, adult hits, classic hits, pop rock, retro"}},{"type":"Feature","geometry":{"type":"Point","coordinates":[121.7545,24.7553]},"properties":{"id":"c164cf0c-835b-4109-8f17-05a0d1a83d4d","name":"噶瑪蘭廣播電台","country":"Taiwan, Republic Of China","countryCode":"TW","state":"Yilan","category":"talk","streamUrl":"http://61.220.209.152:8081/","codec":"MP3","bitrate":128,"tags":"music, talk"}},{"type":"Feature","geometry":{"type":"Point","coordinates":[24.941883087158207,60.17102171177075]},"properties":{"id":"06bf8b75-fc48-44e8-a9b4-24c0ab8dbc80","name":"Kiss","country":"Finland","countryCode":"FI","state":"Uusimaa","category":"music","streamUrl":"https://stream-redirect.bauermedia.fi/kiss/kiss_64.aac?aw_0_1st.bauer_loggedin=false&aw_0_1st.playerid=BMUK_tunein","codec":"AAC","bitrate":64,"tags":"pop"}},{"type":"Feature","geometry":{"type":"Point","coordinates":[18.6636,59.7905]},"properties":{"id":"01a0db86-1f60-4473-9601-1de61587b255","name":"Sveriges Radio P3","country":"Sweden","countryCode":"SE","state":"Sweden","category":"music","streamUrl":"https://edge1.sr.se/p3-aac-320","codec":"AAC","bitrate":312,"tags":"music, youth"}},{"type":"Feature","geometry":{"type":"Point","coordinates":[176.13281250000003,-39.15051403380312]},"properties":{"id":"6b0dee5f-2288-4b49-a1e2-497959078190","name":"JAZZ CAFE","country":"New Zealand","countryCode":"NZ","state":"Auckland","category":"music","streamUrl":"https://radio.wanderingsheep.net:8000/jazzcafe","codec":"MP3","bitrate":128,"tags":"easy listening, smooth jazz"}},{"type":"Feature","geometry":{"type":"Point","coordinates":[4.460068345069886,51.90274232936558]},"properties":{"id":"dae1d092-9273-46fc-9014-43f61a6978bf","name":"Radio Rijnmond","country":"The Netherlands","countryCode":"NL","state":"Zuid-Holland, Rotterdam","category":"traffic-transit","streamUrl":"https://d2e9xgjjdd9cr5.cloudfront.net/icecast/rijnmond/radio-mp3","codec":"MP3","bitrate":160,"tags":"80's, 90's, interviews, music, news, regional news, traffic news"}},{"type":"Feature","geometry":{"type":"Point","coordinates":[8.986025158152838,47.668836664216926]},"properties":{"id":"23882169-5798-4f1d-b225-1b56c08a445e","name":"Kontrafunk (Mobil)","country":"Switzerland","countryCode":"CH","state":"Thurgau","category":"news","streamUrl":"https://icecast.multhielemedia.de/listen/kontrafunk/mobil","codec":"AAC","bitrate":64,"tags":"news, opinion, talk"}},{"type":"Feature","geometry":{"type":"Point","coordinates":[121.6286167971792,25.20957996368239]},"properties":{"id":"56f14e5f-1234-42a9-946b-1ab9e7c06794","name":"Supreme Master TV","country":"Taiwan, Republic Of China","countryCode":"TW","state":"Taipei","category":"talk","streamUrl":"https://radio.suprememastertv.com/128K","codec":"MP3","bitrate":128,"tags":"animal, art, culture, education, entertainment, environment, health, international, spiritual, worldpeace"}},{"type":"Feature","geometry":{"type":"Point","coordinates":[77.23094065916825,28.61301565937966]},"properties":{"id":"ec063296-1cc5-4d2b-b5a1-edd745a7a35e","name":"Radio Madhoshi","country":"India","countryCode":"IN","state":"New Delhi","category":"music","streamUrl":"https://stream.zeno.fm/7rsl8fsccf8uv","codec":"MP3","bitrate":128,"tags":"bollywood, bollywood hits, bollywood music, hindi bollywood, romantic, romantic music"}},{"type":"Feature","geometry":{"type":"Point","coordinates":[120.5858,24.1264]},"properties":{"id":"74cb4650-10da-411a-b1d8-5b6fb5f86248","name":"南方之音","country":"Taiwan, Republic Of China","countryCode":"TW","state":"Taiwan","category":"music","streamUrl":"http://43.254.16.40:8000/KS.FM89.3","codec":"MP3","bitrate":96,"tags":"full service"}},{"type":"Feature","geometry":{"type":"Point","coordinates":[-36.03515625000001,39.436192999314095]},"properties":{"id":"87e0e1df-a84c-4d3a-92c8-813a01bd7cc5","name":"广东音乐之声","country":"China","countryCode":"CN","state":"","category":"music","streamUrl":"https://lhttp.qtfm.cn/live/1260/64k.mp3","codec":"MP3","bitrate":128,"tags":""}},{"type":"Feature","geometry":{"type":"Point","coordinates":[18.015349209308628,59.32711694580528]},"properties":{"id":"5df76756-534f-4af9-879c-268dce9b9b80","name":"Mix Megapol 104,3","country":"Sweden","countryCode":"SE","state":"Stockholm","category":"music","streamUrl":"https://live-bauerse-fm.sharp-stream.com/mixmegapol_instream_se_aacp","codec":"AAC+","bitrate":56,"tags":"pop"}},{"type":"Feature","geometry":{"type":"Point","coordinates":[126.5534,37.8622]},"properties":{"id":"d9db0a16-9100-4917-b5f5-bd48a42a1e70","name":"경인방송","country":"The Republic Of Korea","countryCode":"KR","state":"South Korea","category":"music","streamUrl":"https://stream.ifm.kr/live/aod1/playlist.m3u8","codec":"AAC","bitrate":125,"tags":""}},{"type":"Feature","geometry":{"type":"Point","coordinates":[28.3408,-26.7919]},"properties":{"id":"7430efde-1fbe-4aa2-800b-4d70060d5e7e","name":"Munghana Lonene","country":"South Africa","countryCode":"ZA","state":"Limpopo","category":"music","streamUrl":"https://27743.live.streamtheworld.com/MUNGANALONENEAAC_SC","codec":"AAC+","bitrate":48,"tags":""}},{"type":"Feature","geometry":{"type":"Point","coordinates":[-73.97834575260691,40.76513643531678]},"properties":{"id":"6b500823-fc4e-4bf7-8bde-c2c08cd51fed","name":"101.5 Kiss FM","country":"The United States Of America","countryCode":"US","state":"New York City, New York","category":"music","streamUrl":"https://stream.zeno.fm/q0si4olfobwvv","codec":"MP3","bitrate":128,"tags":""}},{"type":"Feature","geometry":{"type":"Point","coordinates":[152.511,-32.116]},"properties":{"id":"9572f71b-9657-4d02-94f4-c9fe05ba26d3","name":"2GB - Sydney - 873 AM (MP3)","country":"Australia","countryCode":"AU","state":"Sydney NSW","category":"news","streamUrl":"http://playerservices.streamtheworld.com/api/livestream-redirect/2GB.mp3","codec":"MP3","bitrate":48,"tags":"news, talk radio"}},{"type":"Feature","geometry":{"type":"Point","coordinates":[103.7863,0.9649]},"properties":{"id":"4b621a64-46d8-4115-a18a-740d0f161bad","name":"Radio Melody with Brother Bjorn","country":"Singapore","countryCode":"SG","state":"Singapore","category":"music","streamUrl":"https://ssl.geckohost.nz/proxy/bjorn?mp=/stream&1703130377563","codec":"MP3","bitrate":128,"tags":""}},{"type":"Feature","geometry":{"type":"Point","coordinates":[120.2457,22.9882]},"properties":{"id":"a94e9bed-c41a-405e-8d51-481b8c8245fa","name":"勝利之聲AM756","country":"Taiwan, Republic Of China","countryCode":"TW","state":"Tainan","category":"music","streamUrl":"http://test.taiwan-radio.tw:8000/PH.AM756","codec":"MP3","bitrate":48,"tags":""}},{"type":"Feature","geometry":{"type":"Point","coordinates":[120.6509,24.1323]},"properties":{"id":"0f80da62-6aec-45ae-9ab1-39df07c7d65e","name":"M Radio 全國廣播","country":"Taiwan, Republic Of China","countryCode":"TW","state":"Taichung","category":"music","streamUrl":"https://n03.rcs.revma.com/044q61ha7a0uv","codec":"AAC","bitrate":128,"tags":"entertainment, music"}},{"type":"Feature","geometry":{"type":"Point","coordinates":[120.4923,24.0445]},"properties":{"id":"74073d5f-0874-4469-8745-1ec0a9e3472f","name":"世新廣播電台-2","country":"Taiwan, Republic Of China","countryCode":"TW","state":"Taiwan","category":"music","streamUrl":"https://stream.ginnet.cloud/live0115lo-89xv/_definst_/am729/playlist.m3u8","codec":"MP3","bitrate":191,"tags":"student"}},{"type":"Feature","geometry":{"type":"Point","coordinates":[-93.30112338066102,44.994454731044975]},"properties":{"id":"4e2d17f6-4be7-4f0e-bdc9-fa53b5dc45ef","name":"Jazz 88 Minneapolis KBEM","country":"The United States Of America","countryCode":"US","state":"Minnesota","category":"traffic-transit","streamUrl":"https://kbem-live.streamguys1.com/kbem_aac","codec":"AAC","bitrate":95,"tags":"jazz, traffic"}},{"type":"Feature","geometry":{"type":"Point","coordinates":[-119.64630810399966,34.425885494065135]},"properties":{"id":"360bb528-cea3-4e8e-84c6-3970c55bda71","name":"Funk the Planet","country":"The United States Of America","countryCode":"US","state":"California","category":"music","streamUrl":"https://streaming.live365.com/a01484","codec":"MP3","bitrate":192,"tags":"classic hip hop, contemporary r&b, disco funk, funk, future funk, hip hop, hip-hop, hip-hop and rap oldies, hiphop, hiphop r&b"}},{"type":"Feature","geometry":{"type":"Point","coordinates":[145.33495892929454,-37.91471159927373]},"properties":{"id":"daf5768f-048b-4c70-8084-a795fae32eb1","name":"World Buddhist Radio","country":"Australia","countryCode":"AU","state":"Victoria","category":"music","streamUrl":"https://26343.live.streamtheworld.com/SAM11AAC025.mp3","codec":"MP3","bitrate":64,"tags":"buddhism, meditation"}},{"type":"Feature","geometry":{"type":"Point","coordinates":[24.8768,59.5818]},"properties":{"id":"f8682eca-5a74-4385-ba72-5cde13e8ce98","name":"YLE X3M","country":"Finland","countryCode":"FI","state":"Finland","category":"music","streamUrl":"http://icecast.live.yle.fi/radio/YleX3M/icecast.audio","codec":"AAC+","bitrate":128,"tags":""}},{"type":"Feature","geometry":{"type":"Point","coordinates":[174.3083,-41.774]},"properties":{"id":"441d7702-b003-4668-ab26-589f3a4c4934","name":"XS80s","country":"New Zealand","countryCode":"NZ","state":"Christchurch","category":"music","streamUrl":"http://s1.myradiostream.com:12508/listen.mp3","codec":"MP3","bitrate":128,"tags":"1980's, 1980s, 80's, 80s, decades, hits, pop, rock"}},{"type":"Feature","geometry":{"type":"Point","coordinates":[120.7793,24.9004]},"properties":{"id":"35e17586-772d-4374-bac8-b39b90519918","name":"飛揚調頻FM89.5","country":"Taiwan, Republic Of China","countryCode":"TW","state":"Taiwan","category":"music","streamUrl":"https://n13.rcs.revma.com/e0tdah74hv8uv","codec":"AAC","bitrate":128,"tags":"music, oldies"}},{"type":"Feature","geometry":{"type":"Point","coordinates":[121.4929,25.0492]},"properties":{"id":"10b4ef1e-ff58-44d3-9de3-8c41daaab021","name":"神州之聲","country":"Taiwan, Republic Of China","countryCode":"TW","state":"Taipei","category":"music","streamUrl":"https://satellitepull.cnr.cn/live/wxszzs/playlist.m3u8?wsSession=d966c1f28016a758d88ba0c2-174761731342853&wsIPSercert=270c8446fe14303f2433a2f164ccd9e5","codec":"UNKNOWN","bitrate":128,"tags":"full service"}},{"type":"Feature","geometry":{"type":"Point","coordinates":[120.3087,22.6235]},"properties":{"id":"1cb587f1-9d9b-4872-97da-5d7fc11d99ee","name":"飛碟聯播網 南台灣之聲","country":"Taiwan, Republic Of China","countryCode":"TW","state":"Kaohsiung","category":"music","streamUrl":"http://cast.uforadio.com.tw:8000/kao-stream","codec":"AAC","bitrate":64,"tags":""}},{"type":"Feature","geometry":{"type":"Point","coordinates":[121.5124,25.0321]},"properties":{"id":"bb3f742e-cf0c-4d76-a03d-1f769d6db244","name":"台灣廣播 台北二台","country":"Taiwan, Republic Of China","countryCode":"TW","state":"Taipei","category":"music","streamUrl":"http://test.taiwan-radio.tw:8000/TP.AM1188","codec":"MP3","bitrate":48,"tags":""}},{"type":"Feature","geometry":{"type":"Point","coordinates":[-0.12805938720703128,51.50949701866886]},"properties":{"id":"19b250fe-9027-4caf-b6ea-33022f0b6392","name":"KISSTORY R&B: The Hottest R&B tracks from KISSTORY","country":"The United Kingdom Of Great Britain And Northern Ireland","countryCode":"GB","state":"London","category":"music","streamUrl":"https://live-bauerkiss.sharp-stream.com/kisstoryrb.aac?direct=true&aw_0_1st.playerid=BMUK_Airable&aw_0_1st.skey=6778249992","codec":"AAC","bitrate":128,"tags":"anthems, bauer radio, black music, classics, england, europe, kiss, kiss fm, london, moi merino"}},{"type":"Feature","geometry":{"type":"Point","coordinates":[-104.86103653907776,39.66524244309181]},"properties":{"id":"87e3c4fa-7037-48a8-b083-3d81e1cea592","name":"KLVZ Legends 810AM/95.3 FM - Denver, CO","country":"The United States Of America","countryCode":"US","state":"Colorado","category":"music","streamUrl":"https://ais-sa8.cdnstream1.com/p1w7r97sb0k/c2g93fu0iqz","codec":"MP3","bitrate":64,"tags":""}},{"type":"Feature","geometry":{"type":"Point","coordinates":[139.6909,35.2989]},"properties":{"id":"a0a57bb8-21fe-45db-a3a8-7f5ae8cc7e12","name":"NHK WORLD RADIO 8","country":"Japan","countryCode":"JP","state":"tokyo","category":"news","streamUrl":"https://master.nhkworld.jp/nhkworld-radio/playlist/rs5/live.m3u8","codec":"AAC","bitrate":66,"tags":"international"}},{"type":"Feature","geometry":{"type":"Point","coordinates":[-76.1209,45.5319]},"properties":{"id":"6180cc40-cf3d-4cc0-985b-038994a4dc8c","name":"Truck Stop Quebec","country":"Canada","countryCode":"CA","state":"Canada","category":"traffic-transit","streamUrl":"http://canada1.reliastream.com:8052/live","codec":"AAC+","bitrate":64,"tags":"traffic"}},{"type":"Feature","geometry":{"type":"Point","coordinates":[13.350600386046173,52.51656934213625]},"properties":{"id":"f3187b78-1dfb-42c7-ba27-bdba34cbdf94","name":"## CLUB CHARTS - TOP 100 CLUB CHARTS - DJ CHARTS - CLUBBING HITS - DANCE - TECHNO - RAVE - EDM - HOUSE - TECHHOUSE - REMIX - TRANCE - HARDSTYLE - MINIMAL - IBIZA - CHILLOUT - URBAN - HIP HOP - RNB - LATIN RADIO","country":"Germany","countryCode":"DE","state":"Berlin","category":"music","streamUrl":"https://breakz-2012-high.rautemusik.fm/?ref=rb-clubcharts26","codec":"MP3","bitrate":192,"tags":"#, #edm, 90s, adult contemporary, charts, chill out, chillout, club, club dance, club dance electronic house trance"}},{"type":"Feature","geometry":{"type":"Point","coordinates":[126.916760802269,37.52485424893256]},"properties":{"id":"bd8fb526-2493-4849-a686-88fbcaa2f144","name":"KBS Classic FM","country":"The Republic Of Korea","countryCode":"KR","state":"Seoul","category":"music","streamUrl":"https://radio.bsod.kr/stream/?stn=kbs&ch=1fm","codec":"UNKNOWN","bitrate":128,"tags":"classic"}},{"type":"Feature","geometry":{"type":"Point","coordinates":[114.169921875,22.2280904167845]},"properties":{"id":"37530049-1ce7-4096-8728-470f1becaa0b","name":"香港電台第二台","country":"Hong Kong","countryCode":"HK","state":"Hong Kong","category":"talk","streamUrl":"https://rthkradio2-live.akamaized.net/hls/live/2040078/radio2/index_64_a.m3u8","codec":"UNKNOWN","bitrate":128,"tags":"culture, music"}},{"type":"Feature","geometry":{"type":"Point","coordinates":[120.6717,24.1716]},"properties":{"id":"66f2a995-86c9-47cf-b06e-3541ef4733a3","name":"台灣廣播 台中台","country":"Taiwan, Republic Of China","countryCode":"TW","state":"Taichung","category":"music","streamUrl":"http://test.taiwan-radio.tw:8000/TC.AM774","codec":"MP3","bitrate":48,"tags":""}},{"type":"Feature","geometry":{"type":"Point","coordinates":[77.4279,28.3342]},"properties":{"id":"eed87399-8146-43bc-94f0-525c9b0d8e6a","name":"Desi Hits 2000s","country":"India","countryCode":"IN","state":"India","category":"music","streamUrl":"https://www.desizoneradio.com/relay2","codec":"MP3","bitrate":128,"tags":"2000s, bollywood, hindi, india, music"}},{"type":"Feature","geometry":{"type":"Point","coordinates":[103.79225403070453,1.2953581588755374]},"properties":{"id":"7c4653df-6d49-466f-896f-db2de5a19608","name":"CNA938","country":"Singapore","countryCode":"SG","state":"","category":"music","streamUrl":"https://playerservices.streamtheworld.com/api/livestream-redirect/938NOW_PREM.aac","codec":"AAC+","bitrate":64,"tags":"melisten"}},{"type":"Feature","geometry":{"type":"Point","coordinates":[103.79224330186848,1.295368884969761]},"properties":{"id":"2e484061-ac27-4fec-92ed-d5924a77c17e","name":"Symphony 924","country":"Singapore","countryCode":"SG","state":"","category":"music","streamUrl":"https://playerservices.streamtheworld.com/api/livestream-redirect/SYMPHONY924_PREM.aac","codec":"AAC+","bitrate":64,"tags":"melisten"}},{"type":"Feature","geometry":{"type":"Point","coordinates":[104.0708,0.971]},"properties":{"id":"4c0c6e5a-e891-4879-8171-61e783c1f562","name":"Money FM 89.3","country":"Singapore","countryCode":"SG","state":"Singapore","category":"music","streamUrl":"https://22243.live.streamtheworld.com/MONEY_893AAC.aac?dist=sphradio-web&gdpr=0&tdsdk=js-2.9&swm=false&pname=TDSdk&pversion=2.9&banners=none&burst-time=15&sbmid=f94bbefc-acee-4c13-ed7b-9accdb44b7a2","codec":"AAC+","bitrate":64,"tags":""}},{"type":"Feature","geometry":{"type":"Point","coordinates":[-118.2437,34.0522]},"properties":{"id":"b449c3c0-db5f-4f01-a81e-3bc1c769e188","name":"West Coast – G-Funk & Hip-Hop","country":"The United States Of America","countryCode":"US","state":"","category":"music","streamUrl":"https://r.bgp.rodeo/listen/west_coast/radio.mp3","codec":"MP3","bitrate":320,"tags":"90s hip hop, g-funk, gangsta rap, hip hop, old school hip hop, rap, west coast hip hop"}},{"type":"Feature","geometry":{"type":"Point","coordinates":[120.4575,23.4577]},"properties":{"id":"aaf15d85-aa91-4370-b7d4-8c422661fcec","name":"嘉義之音","country":"Taiwan, Republic Of China","countryCode":"TW","state":"Chiayi","category":"music","streamUrl":"http://test.taiwan-radio.tw:8000/CY.FM91.3","codec":"MP3","bitrate":128,"tags":""}},{"type":"Feature","geometry":{"type":"Point","coordinates":[139.597,35.5619]},"properties":{"id":"21fece77-9763-4223-8f01-358adbddeac7","name":"Nonstop Casiopea","country":"Japan","countryCode":"JP","state":"Japan","category":"music","streamUrl":"https://nonstopcasiopea.radioca.st/","codec":"MP3","bitrate":128,"tags":""}},{"type":"Feature","geometry":{"type":"Point","coordinates":[120.4711,24.1436]},"properties":{"id":"9ca3a4d5-51f7-46f7-9b8b-7ce7f3b4c655","name":"Boss Online Radio","country":"Taiwan, Republic Of China","countryCode":"TW","state":"Taiwan","category":"music","streamUrl":"https://stream.radiojar.com/ehzvurp9tv8uv","codec":"MP3","bitrate":128,"tags":"pop"}},{"type":"Feature","geometry":{"type":"Point","coordinates":[34.80468750000001,31.96818267111348]},"properties":{"id":"45700958-16ab-422a-85bb-d402722463f0","name":"Galgalatz","country":"Israel","countryCode":"IL","state":"","category":"music","streamUrl":"https://glzwizzlv.bynetcdn.com/glglz_mp3?awCollectionId=misc&awEpisodeId=glglz","codec":"MP3","bitrate":128,"tags":""}},{"type":"Feature","geometry":{"type":"Point","coordinates":[-3.606605529785156,37.19476082003411]},"properties":{"id":"79d12e3b-f24a-4820-bc93-cd412c2d90bf","name":"Cope Granada","country":"Spain","countryCode":"ES","state":"Granada","category":"news","streamUrl":"http://flucast13-h-cloud.flumotion.com/cope/net1.mp3","codec":"MP3","bitrate":96,"tags":"entretenimiento, local news, news, news talk"}},{"type":"Feature","geometry":{"type":"Point","coordinates":[139.9222,36.0261]},"properties":{"id":"48e7bd4a-3252-478e-af70-43f7e91d4ea5","name":"Kawaii Anime Radio","country":"Japan","countryCode":"JP","state":"Japan","category":"music","streamUrl":"http://158.69.227.214:8137/stream","codec":"AAC+","bitrate":32,"tags":"anime"}},{"type":"Feature","geometry":{"type":"Point","coordinates":[-21.884765625,64.18276350794666]},"properties":{"id":"4cbc4571-b652-448b-b70d-35be49841d3e","name":"Bylgjan","country":"Iceland","countryCode":"IS","state":"","category":"music","streamUrl":"http://icecast.365net.is:8000/orbbylgjan.aac","codec":"AAC+","bitrate":130,"tags":""}},{"type":"Feature","geometry":{"type":"Point","coordinates":[-21.93557739257813,64.14388034700936]},"properties":{"id":"7f060aaa-11e9-4759-b85d-4b532d56235b","name":"Rondó","country":"Iceland","countryCode":"IS","state":"","category":"music","streamUrl":"https://ruv-radio-live.akamaized.net/streymi/rondo/rondo.m3u8","codec":"AAC","bitrate":352,"tags":""}},{"type":"Feature","geometry":{"type":"Point","coordinates":[-96.7943572998047,32.78023174377439]},"properties":{"id":"a1e43e07-b998-4b7c-ac06-9c9c36700613","name":"NOAA Weather Radio - Dallas, Texas (KEC56)","country":"The United States Of America","countryCode":"US","state":"Texas","category":"weather","streamUrl":"https://wxradio.org/TX-Dallas-KEC56","codec":"MP3","bitrate":32,"tags":"local weather"}},{"type":"Feature","geometry":{"type":"Point","coordinates":[-21.891704248264436,64.12545231538824]},"properties":{"id":"2d2142a7-259e-475a-be9c-54a4caf537e5","name":"RUV 1","country":"Iceland","countryCode":"IS","state":"","category":"music","streamUrl":"http://netradio.ruv.is/ras1.aac","codec":"AAC+","bitrate":128,"tags":""}},{"type":"Feature","geometry":{"type":"Point","coordinates":[120.5873,24.1545]},"properties":{"id":"7753621d-c051-4380-af0f-b3f8e8b825cc","name":"Ai Radio TAIWAN 台灣AI電台","country":"Taiwan, Republic Of China","countryCode":"TW","state":"Taiwan","category":"news","streamUrl":"https://n10.rcs.revma.com/h4ta80hbqwuvv","codec":"AAC","bitrate":128,"tags":"culture, full service, information, news, science"}},{"type":"Feature","geometry":{"type":"Point","coordinates":[121.2804,24.9815]},"properties":{"id":"39619832-dd03-4dc3-9ddb-fca5d9a31dac","name":"AsiaFM 亞太電台","country":"Taiwan, Republic Of China","countryCode":"TW","state":"Taoyuan","category":"music","streamUrl":"https://n13.rcs.revma.com/kydend74hv8uv","codec":"AAC","bitrate":128,"tags":"entertainment"}},{"type":"Feature","geometry":{"type":"Point","coordinates":[120.5404,24.2391]},"properties":{"id":"cf5fcc50-95db-42a0-a1b9-593c0c6f6d2b","name":"陽光電台","country":"Taiwan, Republic Of China","countryCode":"TW","state":"Taiwan","category":"music","streamUrl":"http://202.39.43.67:1935/live/RA000079/chunklist.m3u8","codec":"UNKNOWN","bitrate":128,"tags":""}},{"type":"Feature","geometry":{"type":"Point","coordinates":[153.0134408253137,-27.46153472641937]},"properties":{"id":"6cccdf66-4ad0-4861-8e09-3f87eda759b6","name":"ABC 612kHz AM Brisbane QLD Queensland Local Radio 20220701","country":"Australia","countryCode":"AU","state":"Queensland Brisbane","category":"weather","streamUrl":"https://mediaserviceslive.akamaized.net/hls/live/2038304/localbrisbane/masterhq.m3u8","codec":"AAC","bitrate":115,"tags":"contemporary, current affairs, local radio, news, weather"}},{"type":"Feature","geometry":{"type":"Point","coordinates":[35.02990722656251,32.16418177750705]},"properties":{"id":"e8c19fc3-7409-4999-a9dd-b3d81cf934ed","name":"KAN Gimel כאן גימל","country":"Israel","countryCode":"IL","state":"","category":"music","streamUrl":"https://27873.live.streamtheworld.com/KAN_GIMMEL.mp3","codec":"MP3","bitrate":192,"tags":""}},{"type":"Feature","geometry":{"type":"Point","coordinates":[139.594,35.8511]},"properties":{"id":"813c17ee-abc0-46ce-974f-6640a3909d3c","name":"NHK WORLD RADIO 11","country":"Japan","countryCode":"JP","state":"tokyo","category":"news","streamUrl":"https://master.nhkworld.jp/nhkworld-radio/playlist/gs2/live.m3u8","codec":"AAC","bitrate":66,"tags":"international"}},{"type":"Feature","geometry":{"type":"Point","coordinates":[121.89279378795104,22.979759879141913]},"properties":{"id":"00f874ec-f9af-41b9-a636-e852a7f135cd","name":"HappyRadio","country":"Taiwan, Republic Of China","countryCode":"TW","state":"taipei","category":"talk","streamUrl":"https://happyradio.com.tw/live","codec":"MP3","bitrate":128,"tags":"talk"}},{"type":"Feature","geometry":{"type":"Point","coordinates":[-97.3308,32.7555]},"properties":{"id":"386941dd-f125-4268-83d6-e137ceb15daa","name":"Outlaw – Country Music Radio","country":"The United States Of America","countryCode":"US","state":"","category":"music","streamUrl":"https://r.bgp.rodeo/listen/outlaw/radio.mp3","codec":"MP3","bitrate":320,"tags":"alt-country, americana, country, country rock, honky tonk, outlaw country, red dirt, southern rock, texas country"}},{"type":"Feature","geometry":{"type":"Point","coordinates":[10.004686685582747,53.56269203476477]},"properties":{"id":"3c0dac5d-8962-458c-b825-c3c4f5686d1b","name":"bigFM Hamburg","country":"Germany","countryCode":"DE","state":"Baden-Württemberg","category":"weather","streamUrl":"https://stream.bigfm.de/hamburg/mp3-128/radio-browser","codec":"MP3","bitrate":128,"tags":"charts, hip-hop, hits, nachrichten, pop, top40, urban, verkehr, weather"}},{"type":"Feature","geometry":{"type":"Point","coordinates":[79.91987228393556,6.882217070841797]},"properties":{"id":"1e9d4d45-2239-4052-ab6f-e428845329e0","name":"Shakthi Fm","country":"Sri Lanka","countryCode":"LK","state":"Colombo","category":"news","streamUrl":"https://mbc.thestreamtech.com:8086/stream","codec":"AAC+","bitrate":64,"tags":"local news, music, tamil music"}},{"type":"Feature","geometry":{"type":"Point","coordinates":[10.9864,59.6176]},"properties":{"id":"6f4fe23b-25c3-4401-a01e-15bce5da1352","name":"Klem FM","country":"Norway","countryCode":"NO","state":"Norway","category":"music","streamUrl":"https://p7.p4groupaudio.com/P07_MM","codec":"MP3","bitrate":128,"tags":""}},{"type":"Feature","geometry":{"type":"Point","coordinates":[-75.1437,37.0385]},"properties":{"id":"c685c086-b716-4edd-b313-d4a7baf1084c","name":"LOVE FM: All you need is Love","country":"The United States Of America","countryCode":"US","state":"United States","category":"music","streamUrl":"https://mdstrm.com/audio/66a01759c5aa2b85d66b5933/live.m3u8","codec":"AAC","bitrate":98,"tags":""}},{"type":"Feature","geometry":{"type":"Point","coordinates":[139.758,35.3462]},"properties":{"id":"b6512cd8-9b4d-4b25-82a6-3fcd9a6273c6","name":"Gensokyo Radio (Enhanced)","country":"Japan","countryCode":"JP","state":"Japan","category":"music","streamUrl":"https://stream.gensokyoradio.net/3","codec":"MP3","bitrate":256,"tags":""}},{"type":"Feature","geometry":{"type":"Point","coordinates":[10.462401226998631,61.120930879735546]},"properties":{"id":"28fdf384-acd0-4dd6-bef4-56dc1f345227","name":"P11 Dance (MP3 192k)","country":"Norway","countryCode":"NO","state":"Innlandet","category":"music","streamUrl":"https://p11.p4groupaudio.com/P11_MH","codec":"MP3","bitrate":192,"tags":"p4, dance"}},{"type":"Feature","geometry":{"type":"Point","coordinates":[82.97973649576308,25.336268495467166]},"properties":{"id":"7ccbabd3-6460-459c-b031-f3a0008804c5","name":"Radio asikakana","country":"India","countryCode":"IN","state":"Uttar Pradesh","category":"music","streamUrl":"https://mars.streamerr.co/8154/stream","codec":"AAC+","bitrate":192,"tags":"bollywood"}},{"type":"Feature","geometry":{"type":"Point","coordinates":[126.5438,37.2849]},"properties":{"id":"7e0188a0-b332-405d-af8f-57da3223369b","name":"Listen.moe Kpop (MP3)","country":"The Republic Of Korea","countryCode":"KR","state":"South Korea","category":"music","streamUrl":"https://listen.moe/kpop/fallback","codec":"MP3","bitrate":192,"tags":"kpop"}},{"type":"Feature","geometry":{"type":"Point","coordinates":[151.18517425366275,-33.81988781023608]},"properties":{"id":"9965d378-9fca-4e25-93a3-386789a46daa","name":"ABC Classic FM 20220701","country":"Australia","countryCode":"AU","state":"Sydney NSW","category":"weather","streamUrl":"https://mediaserviceslive.akamaized.net/hls/live/2038316/classicfmnsw/masterhq.m3u8","codec":"AAC","bitrate":252,"tags":"classic, news, soundtrack, weather"}},{"type":"Feature","geometry":{"type":"Point","coordinates":[120.31700462016288,22.68833841814295]},"properties":{"id":"79c96d7f-6c87-47d2-a328-208f37f7392b","name":"警察廣播電臺 - 高雄分臺 FM 93.1","country":"Taiwan, Republic Of China","countryCode":"TW","state":"Kaohsiung","category":"public-safety","streamUrl":"https://stream.pbs.gov.tw/live/KSS/playlist.m3u8","codec":"AAC","bitrate":128,"tags":"emergency & public safety, government, local traffic & weather, news, traffic, weather"}},{"type":"Feature","geometry":{"type":"Point","coordinates":[-79.35130000905654,43.74965137617827]},"properties":{"id":"1a310409-363b-4ef6-aa3f-178d53c9a05a","name":"Flow 98 7 CKFG-FM - Toronto","country":"Canada","countryCode":"CA","state":"Ontario","category":"music","streamUrl":"https://ice64.securenetsystems.net:80/CKFG","codec":"AAC","bitrate":32,"tags":"hip hop, r&b, reggae"}},{"type":"Feature","geometry":{"type":"Point","coordinates":[151.8105597745748,-32.82788949003387]},"properties":{"id":"09eb32c0-5958-4797-92f2-1d8e8537c4e7","name":"2GB 873 Sydney","country":"Australia","countryCode":"AU","state":"Sydney NSW","category":"news","streamUrl":"https://28093.live.streamtheworld.com/2GBAAC_O/HLS/playlist.m3u8","codec":"AAC+","bitrate":48,"tags":"news, sport, talk, talkback"}},{"type":"Feature","geometry":{"type":"Point","coordinates":[121.3076,25.0134]},"properties":{"id":"3839c598-e4f7-4350-a187-d16b34c41066","name":"桃園先聲廣播AM774","country":"Taiwan, Republic Of China","countryCode":"TW","state":"Taoyuan","category":"music","streamUrl":"http://test.taiwan-radio.tw:8000/TY.AM774","codec":"MP3","bitrate":128,"tags":""}},{"type":"Feature","geometry":{"type":"Point","coordinates":[-0.1268577575683594,51.50719657368086]},"properties":{"id":"723e042f-3c2f-4562-b8fa-3f9a8d31cf3e","name":"VIRGIN RADIO UK: Rock‘n’Roll Radio From The Top Of The Tower","country":"The United Kingdom Of Great Britain And Northern Ireland","countryCode":"GB","state":"London","category":"music","streamUrl":"https://virgin.live.stream.broadcasting.news/stream","codec":"MP3","bitrate":128,"tags":"dab, digital radio, england, english, europe, london, moi merino, music, radio, rock"}},{"type":"Feature","geometry":{"type":"Point","coordinates":[153.03441878154698,-27.45703107661395]},"properties":{"id":"121379c2-2353-456c-8d2d-fd3aa5655c5d","name":"ABC Triple J Queensland 20220701","country":"Australia","countryCode":"AU","state":"Queensland Brisbane","category":"news","streamUrl":"https://mediaserviceslive.akamaized.net/hls/live/2038347/triplejqld/masterhq.m3u8","codec":"AAC","bitrate":252,"tags":"current affairs, news, progressive, rock, youth"}},{"type":"Feature","geometry":{"type":"Point","coordinates":[104.2959,1.715]},"properties":{"id":"8b90726c-f093-4a3d-83cf-3ca85722de48","name":"LOVE 972","country":"Singapore","countryCode":"SG","state":"Singapore","category":"music","streamUrl":"https://28333.live.streamtheworld.com/LOVE972FM_PREM.aac","codec":"AAC+","bitrate":64,"tags":""}},{"type":"Feature","geometry":{"type":"Point","coordinates":[82.61718750000001,22.93950831600424]},"properties":{"id":"6dea9436-96bd-480a-adf6-ec44038f7235","name":"Radio Mirchi Lucknow","country":"India","countryCode":"IN","state":"","category":"music","streamUrl":"https://stream-284.surfernetwork.com/wgaznsmt92quv?zt=eyJhbGciOiJIUzI1NiJ9.eyJzdHJlYW0iOiJ3Z2F6bnNtdDkycXV2IiwiaG9zdCI6InN0cmVhbS0yODQuc3VyZmVybmV0d29yay5jb20iLCJydHRsIjo1LCJqdGkiOiJMTkRwYXZ3OVR1eXhLc2NGbllucG9RIiwiaWF0IjoxNzg0MTkxMjUyLCJleHAiOjE3ODQxOTEzMTJ9.DRVDJc3m4PiAGfCN-9SiCsWcbLpZjtfIxcfUyv68_G4","codec":"MP3","bitrate":128,"tags":""}},{"type":"Feature","geometry":{"type":"Point","coordinates":[1.9634,48.8306]},"properties":{"id":"3a60ec86-9cfc-4d5b-b28b-e98f68c9dff8","name":"Génération JUL","country":"France","countryCode":"FR","state":"France","category":"music","streamUrl":"https://generations-jul.ice.infomaniak.ch/generations-jul.mp3","codec":"MP3","bitrate":128,"tags":"rap"}},{"type":"Feature","geometry":{"type":"Point","coordinates":[24.9334716796875,60.19724784293818]},"properties":{"id":"78b84693-1439-45a1-99ca-2d505ebaf7a6","name":"Radio Rock","country":"Finland","countryCode":"FI","state":"","category":"music","streamUrl":"https://aud-stream-radiorock.nm-elemental.nelonenmedia.fi/playlist-256000.m3u8","codec":"UNKNOWN","bitrate":128,"tags":""}},{"type":"Feature","geometry":{"type":"Point","coordinates":[120.6601,24.8383]},"properties":{"id":"348ceceb-7b1b-4158-a0c7-7fae0d52c211","name":"栗子的輕音樂","country":"Taiwan, Republic Of China","countryCode":"TW","state":"Taiwan","category":"music","streamUrl":"http://lizeradio.com:8080/","codec":"MP3","bitrate":128,"tags":""}},{"type":"Feature","geometry":{"type":"Point","coordinates":[120.6493,24.1666]},"properties":{"id":"02fac92e-681f-4f63-9815-9e6c810d0774","name":"好家庭廣播電台（Classical 台中古典音樂台）","country":"Taiwan, Republic Of China","countryCode":"TW","state":"Taichung","category":"music","streamUrl":"http://test.taiwan-radio.tw:8000/TC.FM97.7","codec":"MP3","bitrate":128,"tags":"classical"}},{"type":"Feature","geometry":{"type":"Point","coordinates":[120.9831,23.9934]},"properties":{"id":"9f5c8fba-411b-4a70-a197-bd029d04493f","name":"大愛網路電台","country":"Taiwan, Republic Of China","countryCode":"TW","state":"Taiwan","category":"music","streamUrl":"http://test.taiwan-radio.tw:8000/DaAiRadio","codec":"MP3","bitrate":128,"tags":"religion, religious"}},{"type":"Feature","geometry":{"type":"Point","coordinates":[121.5052,25.0386]},"properties":{"id":"071f39ad-fb25-41d5-9c7f-b45a2b1e0420","name":"正聲台北調幅台 AM819","country":"Taiwan, Republic Of China","countryCode":"TW","state":"Taipei","category":"music","streamUrl":"http://test.taiwan-radio.tw:8000/TP.AM819","codec":"MP3","bitrate":48,"tags":""}},{"type":"Feature","geometry":{"type":"Point","coordinates":[-122.356053,47.62305]},"properties":{"id":"42c0308b-908d-4243-92e5-05d658ecb781","name":"KEXP","country":"The United States Of America","countryCode":"US","state":"Washington","category":"talk","streamUrl":"https://kexp.streamguys1.com/kexp160.aac?listenerid=f4bcb5c771d830fbdd4195088a946ea6&awparams=companionAds%3Atrue","codec":"AAC","bitrate":162,"tags":"afrobeats, alternative, alternative rock, ambient, dj mixes, dj remix, djs, electronic, folk, highlife"}},{"type":"Feature","geometry":{"type":"Point","coordinates":[-0.12050628662109376,51.506505415849155]},"properties":{"id":"16406133-159b-4abb-9e18-0824b053403e","name":"BBC Radio 2","country":"The United Kingdom Of Great Britain And Northern Ireland","countryCode":"GB","state":"","category":"news","streamUrl":"http://a.files.bbci.co.uk/ms6/live/3441A116-B12E-4D2F-ACA8-C1984642FA4B/audio/simulcast/hls/nonuk/pc_hd_abr_v2/cf/bbc_radio_two.m3u8","codec":"AAC+","bitrate":101,"tags":"pop"}},{"type":"Feature","geometry":{"type":"Point","coordinates":[140.095,35.3357]},"properties":{"id":"3948798a-51c0-4d38-bb58-cafc2937c287","name":"Retro PC Game Music Streaming Radio for Gyusyabu","country":"Japan","countryCode":"JP","state":"Japan","category":"music","streamUrl":"http://gyusyabu.ddo.jp:8000/;stream.mp3","codec":"MP3","bitrate":256,"tags":""}},{"type":"Feature","geometry":{"type":"Point","coordinates":[10.854492187500002,59.790270956547566]},"properties":{"id":"c74d8f47-c3f0-42f8-93e1-310db007d3d8","name":"NRK Nyhter (MP3 - HI)","country":"Norway","countryCode":"NO","state":"","category":"music","streamUrl":"https://lyd.nrk.no/icecast/mp3/high/s0w7hwn47m/nyheter","codec":"MP3","bitrate":192,"tags":""}},{"type":"Feature","geometry":{"type":"Point","coordinates":[24.936218261718754,60.19861290878058]},"properties":{"id":"f0c78ab4-e14d-40e8-8434-fcda0f3d905d","name":"Radio SuomiPop","country":"Finland","countryCode":"FI","state":"","category":"music","streamUrl":"https://aud-stream-suomipop.nm-elemental.nelonenmedia.fi/playlist-256000.m3u8","codec":"UNKNOWN","bitrate":128,"tags":""}},{"type":"Feature","geometry":{"type":"Point","coordinates":[120.2275,22.9931]},"properties":{"id":"2e3b9422-6365-46a7-9f68-cb18eebd27fa","name":"勝利之聲台南2台AM1188","country":"Taiwan, Republic Of China","countryCode":"TW","state":"Tainan","category":"music","streamUrl":"http://test.taiwan-radio.tw:8000/TN.AM1188","codec":"MP3","bitrate":48,"tags":""}},{"type":"Feature","geometry":{"type":"Point","coordinates":[-98.49659442901611,29.42576860370313]},"properties":{"id":"8907e92d-5f65-44cb-b99d-ea9259df43de","name":"KSTX-FM 89.1 \"Texas Public Radio\"","country":"The United States Of America","countryCode":"US","state":"Texas","category":"news","streamUrl":"https://playerservices.streamtheworld.com/api/livestream-redirect/KSTXFMAAC.aac","codec":"AAC+","bitrate":64,"tags":"apm, bbc, information, news, npr, san antonio, talk"}},{"type":"Feature","geometry":{"type":"Point","coordinates":[-115.16861450141042,36.17380038838486]},"properties":{"id":"eb2855be-66f5-4e1b-aa93-c78b3b4bedf0","name":"KKGK Fox Sports 98.9/1340","country":"The United States Of America","countryCode":"US","state":"Nevada","category":"talk","streamUrl":"https://playerservices.streamtheworld.com/api/livestream-redirect/KKGKAMAAC.aac","codec":"AAC+","bitrate":32,"tags":"live sports, sports, sports talk"}},{"type":"Feature","geometry":{"type":"Point","coordinates":[120.4186,24.7463]},"properties":{"id":"a3741377-7499-42e9-ad59-428ba23041de","name":"新聲廣播FM99.3","country":"Taiwan, Republic Of China","countryCode":"TW","state":"Taiwan","category":"music","streamUrl":"http://test.taiwan-radio.tw:8000/HC.FM99.3","codec":"MP3","bitrate":128,"tags":""}},{"type":"Feature","geometry":{"type":"Point","coordinates":[76.26811981201173,9.975454824275367]},"properties":{"id":"f995387e-c4a6-4cbb-bfcc-b078bb1ab477","name":"Radio Mango","country":"India","countryCode":"IN","state":"","category":"music","streamUrl":"https://downloads.manoramaonline.com/Audios/Radiomango/Main-jingle.mp3","codec":"MP3","bitrate":128,"tags":""}},{"type":"Feature","geometry":{"type":"Point","coordinates":[139.4464,35.7847]},"properties":{"id":"02cf24a8-b1a6-4196-bf1c-d5553d2090bd","name":"asia DREAM radio - Japan Hits","country":"Japan","countryCode":"JP","state":"Japan","category":"music","streamUrl":"https://quincy.torontocast.com:2020/stream.mp3","codec":"MP3","bitrate":128,"tags":"j-pop, japanese, jpop, pop"}},{"type":"Feature","geometry":{"type":"Point","coordinates":[103.2243,1.2555]},"properties":{"id":"a4f01a06-f04e-488e-9ede-17bb00091940","name":"88.3JIA Cantopop - Best of All Time Cantonese Song","country":"Singapore","countryCode":"SG","state":"Singapore","category":"music","streamUrl":"https://22253.live.streamtheworld.com/HARRYS_S02.mp3","codec":"MP3","bitrate":96,"tags":""}},{"type":"Feature","geometry":{"type":"Point","coordinates":[-99.5342,19.7745]},"properties":{"id":"5d1e38ab-b0f0-4292-b486-8fe76cbc39b2","name":"HEART UK: Turn up the feel good! - Londres, Inglaterra","country":"Mexico","countryCode":"MX","state":"Mexico","category":"music","streamUrl":"https://media-ssl.musicradio.com/HeartUK","codec":"AAC","bitrate":48,"tags":"adult contemporary, england, entretenimiento, estación, europa, europe, global radio, heart, inglaterra, london"}},{"type":"Feature","geometry":{"type":"Point","coordinates":[12.897949218750002,42.4377738881572]},"properties":{"id":"85a40513-3456-4232-986d-1ed37146137d","name":"m2o originals radio","country":"Italy","countryCode":"IT","state":"","category":"music","streamUrl":"https://stream.laut.fm/m2o-originals-radio","codec":"MP3","bitrate":128,"tags":"dance, electro house, electroindustrial, electronic"}},{"type":"Feature","geometry":{"type":"Point","coordinates":[-22.3485,63.7295]},"properties":{"id":"c7162b90-39e6-45c8-ac30-4901a48f5dc2","name":"Restro 89,5","country":"Iceland","countryCode":"IS","state":"Iceland","category":"music","streamUrl":"http://ice-11.spilarinn.is/retromobile","codec":"MP3","bitrate":170,"tags":""}},{"type":"Feature","geometry":{"type":"Point","coordinates":[113.9778,22.9022]},"properties":{"id":"8c0614be-7b3d-4bc8-93e1-6824ecfbfaa5","name":"良友电台友音乐频道","country":"Hong Kong","countryCode":"HK","state":"Hong Kong","category":"music","streamUrl":"https://c25.radioboss.fm:8334/stream","codec":"MP3","bitrate":64,"tags":""}},{"type":"Feature","geometry":{"type":"Point","coordinates":[28.222889900207523,-25.753250383384103]},"properties":{"id":"c1cb378c-014e-4835-a0e8-a6fc0cb40cb6","name":"Pretoria FM","country":"South Africa","countryCode":"ZA","state":"","category":"music","streamUrl":"https://edge.iono.fm/xice/362_medium.aac?ref=https%3A%2F%2Fwww.pretoriafm.co.za%2F","codec":"AAC","bitrate":128,"tags":""}},{"type":"Feature","geometry":{"type":"Point","coordinates":[121.1044,24.1095]},"properties":{"id":"b2918a9d-eaff-4af2-be36-f3018fcecb9f","name":"農鄉廣播電台","country":"Taiwan, Republic Of China","countryCode":"TW","state":"Taiwan","category":"talk","streamUrl":"http://test.taiwan-radio.tw:8000/YL.FM106.3","codec":"MP3","bitrate":128,"tags":"agriculture"}},{"type":"Feature","geometry":{"type":"Point","coordinates":[-87.63258784191864,41.83723702627195]},"properties":{"id":"aa9282e9-1821-4b22-8b25-f4fc1b542bcc","name":"011.fm – House of Hair","country":"The United States Of America","countryCode":"US","state":"Chicago, Illinois","category":"music","streamUrl":"https://listen.011fm.com/stream16","codec":"MP3","bitrate":192,"tags":"80s hard rock, hair metal"}},{"type":"Feature","geometry":{"type":"Point","coordinates":[114.4869,22.8862]},"properties":{"id":"0e5b6b8c-8e85-4a3b-8664-64cd6d6ae4ca","name":"香港電台第七台 普通话台","country":"Hong Kong","countryCode":"HK","state":"Hong Kong","category":"music","streamUrl":"https://rthkradiopth-live.akamaized.net/hls/live/2040082/radiopth/index_64_a.m3u8","codec":"UNKNOWN","bitrate":128,"tags":"full service"}},{"type":"Feature","geometry":{"type":"Point","coordinates":[121.2811,24.9696]},"properties":{"id":"ebd5b2a6-cae2-4444-b693-bf84c54a5bd2","name":"新客家廣播電台","country":"Taiwan, Republic Of China","countryCode":"TW","state":"Taoyuan","category":"news","streamUrl":"http://live.fm935newhakka.com.tw:5006/live","codec":"MP3","bitrate":128,"tags":"entertainment, information, music"}},{"type":"Feature","geometry":{"type":"Point","coordinates":[175.1841,-41.8234]},"properties":{"id":"5705e8c2-6208-41c9-8ad1-3fb780405548","name":"Kiwi Folk Radio","country":"New Zealand","countryCode":"NZ","state":"Dunedin","category":"music","streamUrl":"https://streamer.radio.co/sde527a41e/listen","codec":"MP3","bitrate":128,"tags":"folk, local"}},{"type":"Feature","geometry":{"type":"Point","coordinates":[99.06166076660158,7.543435254790085]},"properties":{"id":"f758776d-230e-4237-a426-93005a478ca0","name":"Radio Red Phuket","country":"Thailand","countryCode":"TH","state":"Phuket","category":"music","streamUrl":"https://stream.chiliradio.app/radiored","codec":"MP3","bitrate":256,"tags":"afro-pop, dance, lounge, pop"}},{"type":"Feature","geometry":{"type":"Point","coordinates":[121.5283,25.0306]},"properties":{"id":"5b80d82b-5f15-4472-a1a7-8aad8307973a","name":"上海麗都廣播電台 1940's Shanghai Vintage Jazz Shidaiqu Radio","country":"Taiwan, Republic Of China","countryCode":"TW","state":"Taipei","category":"music","streamUrl":"https://radio.nitro-server.uk/listen/1940sshanghaioldtimesmusicradio/radio.mp3","codec":"MP3","bitrate":128,"tags":""}},{"type":"Feature","geometry":{"type":"Point","coordinates":[120.4329,23.7239]},"properties":{"id":"9f0bfa0d-3399-4afe-be61-74c1e289c6cb","name":"濁水溪FM90.1","country":"Taiwan, Republic Of China","countryCode":"TW","state":"Yunlin","category":"music","streamUrl":"http://test.taiwan-radio.tw:8000/YL.FM90.1","codec":"MP3","bitrate":48,"tags":""}},{"type":"Feature","geometry":{"type":"Point","coordinates":[120.7982,24.2684]},"properties":{"id":"a5b116a3-5c62-4318-a13d-e231f45b4f2c","name":"FM 90.5 大樹下電台","country":"Taiwan, Republic Of China","countryCode":"TW","state":"Taiwan","category":"music","streamUrl":"http://60.250.148.112:8000/live","codec":"MP3","bitrate":96,"tags":""}},{"type":"Feature","geometry":{"type":"Point","coordinates":[-76.89290004833386,16.88796169044702]},"properties":{"id":"78525119-ac0d-48ad-bd5d-bae5ed512dba","name":"Irie FM","country":"Jamaica","countryCode":"JM","state":"Kingston, JM","category":"talk","streamUrl":"https://stream.iriefm.net:8008/stream","codec":"MP3","bitrate":64,"tags":"reggae, talk show"}},{"type":"Feature","geometry":{"type":"Point","coordinates":[139.6967,35.8158]},"properties":{"id":"61f37beb-ded9-4dfb-aef0-1715b835a155","name":"NHK WORLD RADIO 3","country":"Japan","countryCode":"JP","state":"tokyo","category":"news","streamUrl":"http://shoutcast.wrn.org:8025/nhk41left","codec":"MP3","bitrate":112,"tags":"international"}},{"type":"Feature","geometry":{"type":"Point","coordinates":[110.44791698455812,-6.986463867082162]},"properties":{"id":"8fdd5e4a-a792-463b-a691-90bbbe18d700","name":"POP FM Semarang","country":"Indonesia","countryCode":"ID","state":"Semarang","category":"music","streamUrl":"https://i.klikhost.com:9612/stream.aac","codec":"AAC+","bitrate":64,"tags":"pop"}},{"type":"Feature","geometry":{"type":"Point","coordinates":[-110.31586647033691,24.16363300815872]},"properties":{"id":"3fc3eb1d-acea-4666-80bb-d0d7eba912cb","name":"ESTÉREO ROMANCE 100.7 (La Paz) - 100.7 FM - XHZPL-FM - Promomedios California - La Paz, Baja California","country":"Mexico","countryCode":"MX","state":"La Paz, Baja California Sur","category":"music","streamUrl":"https://stream.zeno.fm/rkh7xul6uf8vv","codec":"AAC","bitrate":128,"tags":"100.7 fm, balada, balada pop, balada romántica, baladas, entretenimiento, español, estación, estéreo romance, fm"}},{"type":"Feature","geometry":{"type":"Point","coordinates":[-64.18056786060335,-31.41498025709083]},"properties":{"id":"3596c360-d1a7-4e87-9b41-6f53de0e0990","name":"Cadena 3 Cordoba","country":"Argentina","countryCode":"AR","state":"Córdoba(Argentina)","category":"music","streamUrl":"https://playerservices.streamtheworld.com/api/livestream-redirect/radio3.mp3","codec":"MP3","bitrate":64,"tags":""}},{"type":"Feature","geometry":{"type":"Point","coordinates":[121.4914,25.0643]},"properties":{"id":"1eb90727-81cb-49d5-9e82-e602853c08c6","name":"佳音音樂網","country":"Taiwan, Republic Of China","countryCode":"TW","state":"Taipei","category":"music","streamUrl":"https://stream.ginnet.cloud/live0119lo-p4rb/_definst_/modern/playlist.m3u8","codec":"AAC","bitrate":65,"tags":""}},{"type":"Feature","geometry":{"type":"Point","coordinates":[120.4381,23.8456]},"properties":{"id":"6338902a-e06e-43ca-8fd0-a43db6b79d35","name":"都會聲音FM99.7","country":"Taiwan, Republic Of China","countryCode":"TW","state":"Taiwan","category":"music","streamUrl":"http://test.taiwan-radio.tw:8000/TN.FM99.7","codec":"MP3","bitrate":128,"tags":""}},{"type":"Feature","geometry":{"type":"Point","coordinates":[77.16796875000001,12.603172672856944]},"properties":{"id":"64c906b5-83db-453e-bfcf-b7b35b6c98c2","name":"Radio Indigo 91.9 FM in Panaji/Bangalore","country":"India","countryCode":"IN","state":"Karnataka","category":"music","streamUrl":"https://a5.asurahosting.com:8600/radio.mp3","codec":"MP3","bitrate":128,"tags":"hiphop, smooth"}},{"type":"Feature","geometry":{"type":"Point","coordinates":[-99.13212776184083,19.433857594870233]},"properties":{"id":"85e0f258-1f07-4dcb-a776-20287579d460","name":"90S DANCE by Mix: Dance de los 90","country":"Mexico","countryCode":"MX","state":"Ciudad de México","category":"music","streamUrl":"https://playerservices.streamtheworld.com/api/livestream-redirect/ACIR11_s01AAC.aac","codec":"AAC+","bitrate":48,"tags":"acir, acir online, bailable, cdmx, ciudad de méxico, club dance, clásicos, clásicos en inglés, dance, dance music"}},{"type":"Feature","geometry":{"type":"Point","coordinates":[29.72243395040976,29.4740364164872]},"properties":{"id":"e991f374-f508-48bf-ade7-be68169f9f22","name":"Thomas Lawrence","country":"Egypt","countryCode":"EG","state":"Cairo","category":"music","streamUrl":"https://azuracast-nuremberg.myautodj.com/listen/station_660_1777579648/radio.mp3","codec":"MP3","bitrate":256,"tags":""}},{"type":"Feature","geometry":{"type":"Point","coordinates":[103.79226475954056,1.295368884969761]},"properties":{"id":"ca8099de-1d34-424b-8a52-a1ee99ae6f4e","name":"OLI 968","country":"Singapore","countryCode":"SG","state":"","category":"music","streamUrl":"https://playerservices.streamtheworld.com/api/livestream-redirect/OLI968FM_PREM.aac","codec":"AAC+","bitrate":64,"tags":"melisten"}},{"type":"Feature","geometry":{"type":"Point","coordinates":[114.19189453125,22.2280904167845]},"properties":{"id":"75958664-ebc5-42fc-b4b4-487bfdc39ea0","name":"香港电台第二台","country":"Hong Kong","countryCode":"HK","state":"Hong Kong","category":"music","streamUrl":"http://stm2.rthk.hk/radio2","codec":"MP3","bitrate":128,"tags":"music"}},{"type":"Feature","geometry":{"type":"Point","coordinates":[-58.2134,-34.3667]},"properties":{"id":"f69ab4ec-a04c-4e80-9ceb-3d9e448b3df7","name":"Radio Nacional Folklórica FM 98.7","country":"Argentina","countryCode":"AR","state":"CABA","category":"music","streamUrl":"https://sa.mp3.icecast.magma.edge-access.net/sc_rad38","codec":"MP3","bitrate":160,"tags":"folklore"}},{"type":"Feature","geometry":{"type":"Point","coordinates":[2.0518,48.3446]},"properties":{"id":"e4b1547c-44c6-4136-9774-63dffcd9216a","name":"Nostalgie 80 90","country":"France","countryCode":"FR","state":"Paris","category":"music","streamUrl":"https://streaming.nrjaudio.fm/ou62iyxp336f?origine=fluxradios&aw_0_1st.station=Nostalgie-80-90","codec":"MP3","bitrate":128,"tags":"pop dance"}},{"type":"Feature","geometry":{"type":"Point","coordinates":[2.4138,48.3633]},"properties":{"id":"8890f793-36f4-4218-8f53-3d34a75db66a","name":"Radio Classique","country":"France","countryCode":"FR","state":"France","category":"music","streamUrl":"https://radioclassique.ice.infomaniak.ch/radioclassique-high.mp3","codec":"MP3","bitrate":128,"tags":"classical"}},{"type":"Feature","geometry":{"type":"Point","coordinates":[3.877552,7.341602]},"properties":{"id":"55ab608a-ecda-40bb-8d53-2e1aba5e3483","name":"Fresh 105.9 FM Ibadan","country":"Nigeria","countryCode":"NG","state":"Oyo","category":"news","streamUrl":"https://stream.zenolive.com/e9x2n97b9uduv","codec":"MP3","bitrate":128,"tags":"ibadan, music, news, nigeria, yoruba"}},{"type":"Feature","geometry":{"type":"Point","coordinates":[174.279,-40.7431]},"properties":{"id":"a8fa8771-648a-4b70-8ee6-5994b8b2a315","name":"Sleep Radio","country":"New Zealand","countryCode":"NZ","state":"New Zealand","category":"music","streamUrl":"https://cast4.my-control-panel.com/proxy/sleeprad/stream?1721309187745","codec":"MP3","bitrate":128,"tags":""}},{"type":"Feature","geometry":{"type":"Point","coordinates":[120.6698,23.9294]},"properties":{"id":"f13e729d-b9a3-4db6-becd-7a9be6eac753","name":"台灣廣播 松嶺台","country":"Taiwan, Republic Of China","countryCode":"TW","state":"Nantou","category":"music","streamUrl":"http://test.taiwan-radio.tw:8000/NT.AM630","codec":"MP3","bitrate":48,"tags":""}},{"type":"Feature","geometry":{"type":"Point","coordinates":[120.2419,23.0216]},"properties":{"id":"72062acd-8413-490d-89c7-3e6301a60f64","name":"台南建國廣播公司","country":"Taiwan, Republic Of China","countryCode":"TW","state":"Tainan","category":"music","streamUrl":"http://test.taiwan-radio.tw:8000/TN.AM801","codec":"MP3","bitrate":128,"tags":""}},{"type":"Feature","geometry":{"type":"Point","coordinates":[2.3558807373046875,48.86101066010742]},"properties":{"id":"621be7ed-d1a1-48f6-8176-489e1406b4a3","name":"FG Classics","country":"France","countryCode":"FR","state":"","category":"music","streamUrl":"https://stream.rcs.revma.com/wknqhm4yuchvv?CAID=202605180046506038991434","codec":"MP3","bitrate":128,"tags":"dance, house"}},{"type":"Feature","geometry":{"type":"Point","coordinates":[139.8152,36.1519]},"properties":{"id":"ce03f456-47f6-447f-8834-19cf0b808fc8","name":"J-Pop Sakura","country":"Japan","countryCode":"JP","state":"Japan","category":"music","streamUrl":"http://quincy.torontocast.com:2070/stream.mp3","codec":"MP3","bitrate":128,"tags":"j-pop, japanese, jpop, oldies"}},{"type":"Feature","geometry":{"type":"Point","coordinates":[24.465092079944956,60.996628428417225]},"properties":{"id":"9d79fe27-142d-43b1-a723-0718482f6e09","name":"YLE Radio Suomi Hämeenlinna","country":"Finland","countryCode":"FI","state":"Häme","category":"music","streamUrl":"https://icecast.live.yle.fi/radio/YleHameenlinna/icecast.audio","codec":"AAC+","bitrate":128,"tags":""}},{"type":"Feature","geometry":{"type":"Point","coordinates":[146.8146030405658,-19.26028266954425]},"properties":{"id":"d1262f5e-7f24-4190-8865-fd1fafb2bed4","name":"Power100 100.7MHz FM Townsville QLD First in Local News and Music 20220701","country":"Australia","countryCode":"AU","state":"Queensland Townsville","category":"weather","streamUrl":"https://playerservices.streamtheworld.com/api/livestream-redirect/TOW_POWER100AAC_SC","codec":"AAC+","bitrate":64,"tags":"classic rock, local radio, news, sport, weather"}},{"type":"Feature","geometry":{"type":"Point","coordinates":[-58.165,-34.4624]},"properties":{"id":"881918cf-16e7-4db6-9eb6-1e84f42ceac6","name":"88.9 FM Radio Light","country":"Argentina","countryCode":"AR","state":"Misiones","category":"music","streamUrl":"http://streamall.alsolnet.com/radiolightfm","codec":"AAC","bitrate":32,"tags":"80s, 90s, adult contemporary, oldies, variety"}},{"type":"Feature","geometry":{"type":"Point","coordinates":[121.6047,24.0014]},"properties":{"id":"12e63479-12ff-4d1d-b78d-fcd9fdfedc44","name":"警察廣播電台 - 花蓮台","country":"Taiwan, Republic Of China","countryCode":"TW","state":"Hualien","category":"music","streamUrl":"http://stream.pbs.gov.tw:1935/live/HLS/playlist.m3u8","codec":"AAC","bitrate":128,"tags":""}},{"type":"Feature","geometry":{"type":"Point","coordinates":[121.1193,24.7312]},"properties":{"id":"f8fd2b64-db24-4b23-9239-0b9834464c53","name":"雲端新廣播","country":"Taiwan, Republic Of China","countryCode":"TW","state":"Taiwan","category":"music","streamUrl":"http://test.taiwan-radio.tw:8000/KS.FM99.5","codec":"MP3","bitrate":96,"tags":"full service"}},{"type":"Feature","geometry":{"type":"Point","coordinates":[-175.29228138314704,65.68724135361524]},"properties":{"id":"46179eec-fd4c-46e3-87ff-35f84b780d90","name":"ART City Radio","country":"The Russian Federation","countryCode":"RU","state":"Russia","category":"talk","streamUrl":"https://listen8.myradio24.com/artcity","codec":"MP3","bitrate":128,"tags":"arts, classic, culture, musica, pop music, regional music"}},{"type":"Feature","geometry":{"type":"Point","coordinates":[140.0733,35.2631]},"properties":{"id":"dbc6d144-67d0-4581-a93d-6b3d69a13079","name":"NHK WORLD RADIO 12","country":"Japan","countryCode":"JP","state":"tokyo","category":"news","streamUrl":"https://master.nhkworld.jp/nhkworld-radio/playlist/kai/live.m3u8","codec":"AAC","bitrate":66,"tags":"international"}},{"type":"Feature","geometry":{"type":"Point","coordinates":[121.5182,25.0423]},"properties":{"id":"e4ad1f9d-f5fb-4992-bf52-ff86b405100e","name":"Radio ICRT","country":"Taiwan, Republic Of China","countryCode":"TW","state":"Taipei","category":"music","streamUrl":"https://n27a-eu.rcs.revma.com/nkdfurztxp3vv","codec":"AAC","bitrate":128,"tags":"music"}},{"type":"Feature","geometry":{"type":"Point","coordinates":[121.3218,24.9727]},"properties":{"id":"52430c88-a17d-44be-8986-8d4ae9d134b1","name":"MCBS 銘傳廣播電台","country":"Taiwan, Republic Of China","countryCode":"TW","state":"Taoyuan","category":"music","streamUrl":"http://radio.mcu.edu.tw:8080/radio?1747274117052","codec":"MP3","bitrate":128,"tags":"full service"}},{"type":"Feature","geometry":{"type":"Point","coordinates":[120.7297,23.5294]},"properties":{"id":"ad2775a1-fe17-43eb-a98f-831c283dc2c2","name":"天聲AM1314","country":"Taiwan, Republic Of China","countryCode":"TW","state":"Taiwan","category":"music","streamUrl":"http://test.taiwan-radio.tw:8000/ML.AM1314","codec":"MP3","bitrate":48,"tags":""}},{"type":"Feature","geometry":{"type":"Point","coordinates":[37.59246826171876,48.740851850818]},"properties":{"id":"a978a096-5b89-4212-a751-b825e50ee6c1","name":"РАДІОПІХОТА","country":"Ukraine","countryCode":"UA","state":"Choose One...","category":"music","streamUrl":"https://online.pihota.fm/listen/radio/aac64","codec":"AAC","bitrate":64,"tags":"metal, punk, rap, rock"}},{"type":"Feature","geometry":{"type":"Point","coordinates":[24.93785440921784,60.172443900933374]},"properties":{"id":"98f551af-b40b-4035-a9cb-a531320a45d9","name":"Groove FM","country":"Finland","countryCode":"FI","state":"","category":"music","streamUrl":"https://aud-stream-groove.nm-elemental.nelonenmedia.fi/playlist.m3u8","codec":"AAC","bitrate":262,"tags":"blues, funk, groove, jazz, soul"}},{"type":"Feature","geometry":{"type":"Point","coordinates":[86.30352,54.419621]},"properties":{"id":"247c7d73-edf4-480d-8a94-246e69023373","name":"Wave Anime Radio","country":"The Russian Federation","countryCode":"RU","state":"The Russian Federation","category":"music","streamUrl":"https://channel_3.waveani.fun/stream","codec":"AAC","bitrate":320,"tags":"animation, anime, j-pop, ost, trance, trance progressive, trance uplifting"}},{"type":"Feature","geometry":{"type":"Point","coordinates":[16.1815819144249,58.5894751343749]},"properties":{"id":"1497077e-2db2-4579-a911-5f8cddff3529","name":"Sveriges Radion P4 Östergötland","country":"Sweden","countryCode":"SE","state":"Select One","category":"news","streamUrl":"https://live1.sr.se/p4ostg-mp3-96","codec":"MP3","bitrate":136,"tags":"local news, local talk, music, sport, östergötland"}},{"type":"Feature","geometry":{"type":"Point","coordinates":[128.63342285156253,35.94097646720508]},"properties":{"id":"9f13623e-258d-4081-bb09-e166373896c2","name":"AFN GO DAEGU","country":"The Republic Of Korea","countryCode":"KR","state":"Daegu","category":"music","streamUrl":"https://22963.live.streamtheworld.com/AFNP_DGUAAC.aac?country=KR&tdsdk=js-2.9&swm=false&pname=TDSdk&pversion=2.9&banners=none&burst-time=15&sbmid=11fdf19a-4184-4c11-f1ce-9c93ca088fa1","codec":"AAC+","bitrate":32,"tags":"top hits"}},{"type":"Feature","geometry":{"type":"Point","coordinates":[34.78312062016064,32.07896745965534]},"properties":{"id":"08993f63-44f2-4fa0-8541-99194d5fd838","name":"Tel Aviv 102FM רדיו תל אביב","country":"Israel","countryCode":"IL","state":"","category":"talk","streamUrl":"https://102.livecdn.biz/102fm_aac","codec":"AAC+","bitrate":64,"tags":"contenmporary, music, talk, ישראל"}},{"type":"Feature","geometry":{"type":"Point","coordinates":[136.81321620941165,35.0046872017223]},"properties":{"id":"44875c1d-b7b7-4aeb-b7ee-c02a90364509","name":"Chifuru!","country":"Japan","countryCode":"JP","state":"#qa","category":"music","streamUrl":"https://157.254.194.202/stream/nanahira@256","codec":"OGG","bitrate":128,"tags":"anime radio, japanese music, jpop"}},{"type":"Feature","geometry":{"type":"Point","coordinates":[10.1622,60.0468]},"properties":{"id":"c459a5be-6fea-4c07-b538-e07330521129","name":"NRK P1 Nordland","country":"Norway","countryCode":"NO","state":"Norway","category":"news","streamUrl":"https://lyd.nrk.no/icecast/aac/high/s0w7hwn47m/p1_dk4","codec":"AAC+","bitrate":159,"tags":"local news, national"}},{"type":"Feature","geometry":{"type":"Point","coordinates":[127.12825701368678,35.84823887669007]},"properties":{"id":"1a512cf7-f77c-49c0-b42d-4e3db0656b6a","name":"JeonjuFM","country":"The Republic Of Korea","countryCode":"KR","state":"","category":"music","streamUrl":"http://radiostream.communityradio.kr/jcfm1","codec":"MP3","bitrate":128,"tags":""}},{"type":"Feature","geometry":{"type":"Point","coordinates":[114.5713,22.5827]},"properties":{"id":"4e7155e6-3639-4ce4-a2f6-547dce3cc826","name":"香港新城电台采讯台","country":"Hong Kong","countryCode":"HK","state":"Hong Kong","category":"music","streamUrl":"https://1946218710.rsc.cdn77.org/1946218710/index.m3u8","codec":"AAC","bitrate":80,"tags":""}},{"type":"Feature","geometry":{"type":"Point","coordinates":[-121.89754843711854,37.1604866981164]},"properties":{"id":"84fc4a90-e4c3-4949-bded-f3154aeb0725","name":"NOAA Weather Radio KEC49, Monterey, California","country":"The United States Of America","countryCode":"US","state":"California","category":"weather","streamUrl":"https://wxradio.org/CA-Monterey-KEC49","codec":"MP3","bitrate":32,"tags":"local weather, weather, weather radio"}},{"type":"Feature","geometry":{"type":"Point","coordinates":[-100.31770706176758,25.681064817871917]},"properties":{"id":"4a616ceb-881c-4544-98e4-5c4546d09431","name":"+70s Disco Nights Radio (MTY) - Online - www.70sdisconights.com - Grupo Digital Retroland - Monterrey, Nuevo León","country":"Mexico","countryCode":"MX","state":"Monterrey, Nuevo León","category":"music","streamUrl":"https://panel.retrolandigital.com/listen/70s_disco_nights/listen","codec":"AAC","bitrate":128,"tags":"1970s, 70's, 70s, 70s disco, américa, clásicos, clásicos en inglés, disco, disco funk, estación"}},{"type":"Feature","geometry":{"type":"Point","coordinates":[120.2248,22.9924]},"properties":{"id":"ca8940f0-925a-4b39-8847-a5db1d9a2195","name":"勝利之聲台南1台AM774","country":"Taiwan, Republic Of China","countryCode":"TW","state":"Tainan","category":"music","streamUrl":"http://test.taiwan-radio.tw:8000/TN.AM774","codec":"MP3","bitrate":48,"tags":""}},{"type":"Feature","geometry":{"type":"Point","coordinates":[120.5389,24.0728]},"properties":{"id":"1a986a1a-4828-4e39-ab89-642f4b769819","name":"彰化花園廣播電台","country":"Taiwan, Republic Of China","countryCode":"TW","state":"Changhua","category":"music","streamUrl":"http://test.taiwan-radio.tw:8000/CH.FM88.7","codec":"MP3","bitrate":128,"tags":""}},{"type":"Feature","geometry":{"type":"Point","coordinates":[24.943385124206547,60.1665259350332]},"properties":{"id":"c8b240ad-1e4c-470e-a5dc-7e48915c4564","name":"Radio Rock","country":"Finland","countryCode":"FI","state":"Uusimaa","category":"music","streamUrl":"https://aud-stream-radiorock.nm-elemental.nelonenmedia.fi/playlist.m3u8","codec":"AAC","bitrate":262,"tags":"finland rock fm 90 92.2 100.4 100.9 supla.fi/radiorock asenne on rock mainstream rock and some shows. evening shows by klaus fleming are extremely good(mon-thr from 8 p.m to 10 p.m gmt2), helsinki, metal, rock"}},{"type":"Feature","geometry":{"type":"Point","coordinates":[-22.0153,64.5989]},"properties":{"id":"ea3a1278-0b08-4254-a98b-cfee9a576b18","name":"Rás 1","country":"Iceland","countryCode":"IS","state":"Iceland","category":"music","streamUrl":"http://netradio.ruv.is/ras1.aac","codec":"AAC+","bitrate":128,"tags":"classical"}},{"type":"Feature","geometry":{"type":"Point","coordinates":[103.9549,1.8873]},"properties":{"id":"3f006a1e-172c-4e3e-a6f7-cb9ab9df21ca","name":"UFM 1003 (MP3)","country":"Singapore","countryCode":"SG","state":"Singapore","category":"music","streamUrl":"https://playerservices.streamtheworld.com/api/livestream-redirect/UFM_1003_SC","codec":"MP3","bitrate":96,"tags":""}},{"type":"Feature","geometry":{"type":"Point","coordinates":[-57.8525,-34.2565]},"properties":{"id":"b8058f33-ea9a-426e-ac86-be2ef987c131","name":"Radio Bicentenario Tucumán","country":"Argentina","countryCode":"AR","state":"Tucumán","category":"news","streamUrl":"http://01.solumedia.com.ar:7792/;stream/1","codec":"AAC+","bitrate":64,"tags":"music, news, talk"}},{"type":"Feature","geometry":{"type":"Point","coordinates":[8.294677734375002,50.00509116466678]},"properties":{"id":"12232fb3-1cae-416b-9b1e-9f906c7f7fa5","name":"SWR1 Rheinland-Pfalz","country":"Germany","countryCode":"DE","state":"Rheinland-Pfalz","category":"weather","streamUrl":"https://liveradio.swr.de/sw331ch/swr1rp/","codec":"AAC","bitrate":96,"tags":"80's, local news, local weather, rock"}},{"type":"Feature","geometry":{"type":"Point","coordinates":[120.577,24.9507]},"properties":{"id":"ccbfe9da-846d-44f1-97ed-b32272ec06bc","name":"每日廣播公司SAKURA RADIO","country":"Taiwan, Republic Of China","countryCode":"TW","state":"Taiwan","category":"music","streamUrl":"http://test.taiwan-radio.tw:8000/TC.FM98.7","codec":"MP3","bitrate":128,"tags":""}},{"type":"Feature","geometry":{"type":"Point","coordinates":[23.802796744212067,63.010494109339014]},"properties":{"id":"cc11cce3-f00f-4543-b1c4-d867e0d0cea4","name":"Järviradio","country":"Finland","countryCode":"FI","state":"","category":"music","streamUrl":"https://jarviradio.radiotaajuus.fi:9000/jr","codec":"MP3","bitrate":192,"tags":""}},{"type":"Feature","geometry":{"type":"Point","coordinates":[152.1219,-34.936]},"properties":{"id":"767190d1-520e-4d6a-a3bf-d4f79b3a97bc","name":"Australian Digital Radio Network - Bass House (MP3)","country":"Australia","countryCode":"AU","state":"Sydney NSW","category":"music","streamUrl":"http://abm22.com.au:8000/CONTAINER5","codec":"MP3","bitrate":128,"tags":"bass house"}},{"type":"Feature","geometry":{"type":"Point","coordinates":[175.3621,-41.1739]},"properties":{"id":"0f9588db-66d9-411f-800d-de63753e741c","name":"George FM","country":"New Zealand","countryCode":"NZ","state":"Auckland","category":"music","streamUrl":"https://mediaworks.streamguys1.com/george_net_icy","codec":"AAC","bitrate":131,"tags":""}},{"type":"Feature","geometry":{"type":"Point","coordinates":[145.76647412802444,-16.915700673138073]},"properties":{"id":"9eb607d7-d1ea-4ed1-a50c-f18e4366db25","name":"ABC 801kHz AM Cairns QLD Far North Queensland Local Radio 20220701","country":"Australia","countryCode":"AU","state":"Cairns Queensland","category":"weather","streamUrl":"https://mediaserviceslive.akamaized.net/hls/live/2038337/localcairns/masterhq.m3u8","codec":"AAC","bitrate":115,"tags":"community, contemporary, local radio, news, weather"}},{"type":"Feature","geometry":{"type":"Point","coordinates":[139.3047,35.8136]},"properties":{"id":"09983f06-279c-497a-8e96-8e1057fa094a","name":"Hitsujikai Radio","country":"Japan","countryCode":"JP","state":"Japan","category":"music","streamUrl":"http://streaming.radio.co/se4a8e6a93/listen","codec":"MP3","bitrate":128,"tags":""}},{"type":"Feature","geometry":{"type":"Point","coordinates":[24.8462,60.6463]},"properties":{"id":"a580840c-0e32-46f7-ba93-18343baef202","name":"TOP51","country":"Finland","countryCode":"FI","state":"Finland","category":"music","streamUrl":"https://stream-redirect.bauermedia.fi/top51/top51_64.aac?aw_0_1st.bauer_loggedin=false&aw_0_1st.playerid=BMUK_tunein","codec":"AAC","bitrate":64,"tags":"pop"}},{"type":"Feature","geometry":{"type":"Point","coordinates":[-21.8917,63.9391]},"properties":{"id":"8d472d16-8ce9-49ed-9b60-df7cd7041566","name":"K 100","country":"Iceland","countryCode":"IS","state":"Iceland","category":"music","streamUrl":"https://ice-11.spilarinn.is/kaninnmobile","codec":"MP3","bitrate":170,"tags":""}},{"type":"Feature","geometry":{"type":"Point","coordinates":[-59.77935791015626,-35.639217853130575]},"properties":{"id":"93a6169c-8fd4-42fa-b1f4-9a958c13a9a2","name":"FM 90 Saladillo FM 90.7","country":"Argentina","countryCode":"AR","state":"Provincia de Buenos Aires","category":"news","streamUrl":"https://chino.republicahosting.com:2316/live","codec":"AAC","bitrate":32,"tags":"news talk music"}},{"type":"Feature","geometry":{"type":"Point","coordinates":[121.7452,24.7697]},"properties":{"id":"5dc593a5-a770-44c7-ae14-4f4750a2319a","name":"警察廣播電台 - 宜蘭台","country":"Taiwan, Republic Of China","countryCode":"TW","state":"Yilan","category":"music","streamUrl":"http://stream.pbs.gov.tw:1935/live/ELS/playlist.m3u8","codec":"AAC","bitrate":128,"tags":""}},{"type":"Feature","geometry":{"type":"Point","coordinates":[120.5496,23.6009]},"properties":{"id":"ea256c29-779e-42ad-898e-d2b6a9a8db75","name":"大漢之音","country":"Taiwan, Republic Of China","countryCode":"TW","state":"Taiwan","category":"music","streamUrl":"http://taiwan-radio.tw:8000/ML.FM97.1","codec":"MP3","bitrate":128,"tags":"full service"}},{"type":"Feature","geometry":{"type":"Point","coordinates":[10.7789,59.8716]},"properties":{"id":"bb0d5b00-430e-4dfd-9b0d-ae53bde922e1","name":"NRK Trøndelag","country":"Norway","countryCode":"NO","state":"Trøndelag","category":"music","streamUrl":"https://lyd.nrk.no/icecast/mp3/high/s0w7hwn47m/p1_dk5","codec":"MP3","bitrate":192,"tags":""}},{"type":"Feature","geometry":{"type":"Point","coordinates":[106.3068,-6.7764]},"properties":{"id":"10828bdb-9a75-4f19-af01-d394e781d4c1","name":"Japanese Music ID","country":"Indonesia","countryCode":"ID","state":"Indonesia","category":"music","streamUrl":"https://stream.japanesemusicid.com/live/1/;","codec":"AAC+","bitrate":3,"tags":""}},{"type":"Feature","geometry":{"type":"Point","coordinates":[32.9825,39.5225]},"properties":{"id":"32c900dc-1027-486b-8397-efd57ad5c2fb","name":"Radyo Trafik İstanbul","country":"Türkiye","countryCode":"TR","state":"Istanbul","category":"traffic-transit","streamUrl":"http://37.247.100.118/stream/157/","codec":"MP3","bitrate":128,"tags":"traffic radio broadcast"}},{"type":"Feature","geometry":{"type":"Point","coordinates":[121.6073,23.9642]},"properties":{"id":"dd93a513-b85d-4e22-a3cc-a7a8e617d83d","name":"燕聲AM1044","country":"Taiwan, Republic Of China","countryCode":"TW","state":"Hualien","category":"music","streamUrl":"http://test.taiwan-radio.tw:8000/HL.AM1044","codec":"MP3","bitrate":128,"tags":""}},{"type":"Feature","geometry":{"type":"Point","coordinates":[-80.12422978878021,40.35055000376185]},"properties":{"id":"ecc10b7d-8765-49a6-a4a9-4d0d01fa1243","name":"102.5 WDVE","country":"The United States Of America","countryCode":"US","state":"Pennsylvania","category":"music","streamUrl":"https://stream.revma.ihrhls.com/zc2017","codec":"AAC","bitrate":128,"tags":"classic rock, nfl, rock"}},{"type":"Feature","geometry":{"type":"Point","coordinates":[114.10400390625,22.370396344320053]},"properties":{"id":"5c270835-4ed3-43cb-9e93-05f574f12b19","name":"香港電台第五台","country":"Hong Kong","countryCode":"HK","state":"Hong Kong","category":"talk","streamUrl":"https://rthkradio5-live.akamaized.net/hls/live/2040081/radio5/index_64_a.m3u8","codec":"UNKNOWN","bitrate":128,"tags":"culture"}},{"type":"Feature","geometry":{"type":"Point","coordinates":[175.062,-40.8073]},"properties":{"id":"4cdfc847-8d43-4a80-8e62-16f00148d072","name":"Mushroom FM","country":"New Zealand","countryCode":"NZ","state":"wellington","category":"music","streamUrl":"http://65.108.124.70:8676/live","codec":"MP3","bitrate":128,"tags":""}},{"type":"Feature","geometry":{"type":"Point","coordinates":[17.8386,59.7054]},"properties":{"id":"ee1ef339-1383-4873-bc5f-bb99ce7cf4bd","name":"Skärgårdsradion","country":"Sweden","countryCode":"SE","state":"Sweden","category":"music","streamUrl":"http://fm06-ice.stream.khz.se/fm06_mp3","codec":"MP3","bitrate":128,"tags":""}},{"type":"Feature","geometry":{"type":"Point","coordinates":[127.0681,37.8941]},"properties":{"id":"54ac5316-5788-452f-a15b-5a53c79d0375","name":"K-RADIO","country":"The Republic Of Korea","countryCode":"KR","state":"South Korea","category":"music","streamUrl":"https://s5.radio.co/s0a9796fe3/listen","codec":"MP3","bitrate":128,"tags":""}},{"type":"Feature","geometry":{"type":"Point","coordinates":[-58.8207,-34.3958]},"properties":{"id":"9cfbad0e-eb3f-4b4d-9f34-effe0c8c27a2","name":"96.1 Shopping Classics","country":"Argentina","countryCode":"AR","state":"Argentina","category":"music","streamUrl":"https://stream4.suenas.net/shoppingclassics","codec":"AAC","bitrate":64,"tags":""}},{"type":"Feature","geometry":{"type":"Point","coordinates":[121.7476,25.138]},"properties":{"id":"32ca1bc6-65e0-42ea-8b0d-850bc1a7e5c9","name":"益世廣播電台","country":"Taiwan, Republic Of China","countryCode":"TW","state":"Keelung","category":"music","streamUrl":"http://210.209.16.1:1935/YSLive/YSLive/playlist.m3u8","codec":"AAC","bitrate":1385,"tags":"catholicism"}},{"type":"Feature","geometry":{"type":"Point","coordinates":[120.5039,24.503]},"properties":{"id":"e65dd4fb-d846-4e70-b240-116091ba3dee","name":"天聲AM1215","country":"Taiwan, Republic Of China","countryCode":"TW","state":"Taiwan","category":"music","streamUrl":"http://test.taiwan-radio.tw:8000/ML.AM1215","codec":"MP3","bitrate":48,"tags":""}},{"type":"Feature","geometry":{"type":"Point","coordinates":[-112.40869492292406,33.63070824641375]},"properties":{"id":"a386f2af-2025-4405-b8f0-fe5350ef5498","name":"Progressive Rock AZUSA","country":"The United States Of America","countryCode":"US","state":"Arizona","category":"music","streamUrl":"https://streaming.live365.com/a38225","codec":"MP3","bitrate":192,"tags":"ambient, electronic, jazz fusion, progressive rock"}},{"type":"Feature","geometry":{"type":"Point","coordinates":[-81.07533556640546,28.5810924431108]},"properties":{"id":"79dc614b-20f4-49e0-81bd-2d772a80733f","name":"101.1 WJRR Orlando's Rock Station","country":"The United States Of America","countryCode":"US","state":"Florida","category":"music","streamUrl":"https://stream.revma.ihrhls.com/zc593","codec":"AAC","bitrate":128,"tags":"alternative, rock"}},{"type":"Feature","geometry":{"type":"Point","coordinates":[25.2729,59.6764]},"properties":{"id":"ec8d5679-6b61-49b5-9bfc-3e71a8777c44","name":"YLE Radio Suomi - Tampere","country":"Finland","countryCode":"FI","state":"Pirkanmaa","category":"music","streamUrl":"https://icecast.live.yle.fi/radio/YleTampere/icecast.audio","codec":"AAC+","bitrate":128,"tags":""}},{"type":"Feature","geometry":{"type":"Point","coordinates":[126.99095083453535,37.5509146686055]},"properties":{"id":"427da114-be59-4272-9372-9af9e84a7f39","name":"ARA FM","country":"The Republic Of Korea","countryCode":"KR","state":"","category":"music","streamUrl":"http://141.164.38.238/listen/ara_fm/radio.mp3","codec":"MP3","bitrate":192,"tags":"ambient, dance pop, indie pop, k-pop, lofi, pop"}},{"type":"Feature","geometry":{"type":"Point","coordinates":[114.10400390625,22.2280904167845]},"properties":{"id":"4e9a60c7-3c7d-437d-81b0-c1bd148097ce","name":"香港電台第四台","country":"Hong Kong","countryCode":"HK","state":"Hong Kong","category":"music","streamUrl":"https://rthkradio4-live.akamaized.net/hls/live/2040080/radio4/index_64_a.m3u8","codec":"UNKNOWN","bitrate":128,"tags":"music"}},{"type":"Feature","geometry":{"type":"Point","coordinates":[174.9245,-41.768]},"properties":{"id":"be963cd8-af71-4fa6-b87e-0eedddc667a9","name":"Channel X","country":"New Zealand","countryCode":"NZ","state":"Auckland","category":"music","streamUrl":"https://mediaworks.streamguys1.com/chx_net_icy","codec":"AAC","bitrate":130,"tags":""}},{"type":"Feature","geometry":{"type":"Point","coordinates":[-61.69921875000001,-36.38149043210595]},"properties":{"id":"2df8d43a-3950-4596-b854-cd8aa1c2c236","name":"neverland","country":"Argentina","countryCode":"AR","state":"","category":"music","streamUrl":"https://stream-166.zeno.fm/oaqigxpfjzqvv?zt=eyJhbGciOiJIUzI1NiJ9.eyJzdHJlYW0iOiJvYXFpZ3hwZmp6cXZ2IiwiaG9zdCI6InN0cmVhbS0xNjYuemVuby5mbSIsInJ0dGwiOjUsImp0aSI6IjFnRWVwSWpIUXJXVElZSU1pLVlrenciLCJpYXQiOjE3NDgxMzU4OTUsImV4cCI6MTc0ODEzNTk1NX0.b4Llu6iAJk1NPa2U9OhIjm_3CZQyLuRJZWiNecQWBdY","codec":"MP3","bitrate":128,"tags":"anime, anime radio, jazz, lofi"}},{"type":"Feature","geometry":{"type":"Point","coordinates":[72.86393381395102,19.06773972448415]},"properties":{"id":"8e30841f-01e0-4e5a-90a7-fd629f26beb5","name":"Pew Hits Desi","country":"India","countryCode":"IN","state":"Maharashtra","category":"music","streamUrl":"https://pewhits.duckdns.org/stream/pewhitsdesi","codec":"MP3","bitrate":128,"tags":"bollywood"}},{"type":"Feature","geometry":{"type":"Point","coordinates":[-46.77539397505723,30.06570513100005]},"properties":{"id":"960309f6-b093-4422-93b0-ab489aec467a","name":"OZ FM Newfoundland","country":"Canada","countryCode":"CA","state":"Newfoundland","category":"music","streamUrl":"https://ozfm.streamb.live/SB00174","codec":"MP3","bitrate":96,"tags":"contemporary hits, jigs and reels, newfoundland"}},{"type":"Feature","geometry":{"type":"Point","coordinates":[121.0898,23.9057]},"properties":{"id":"9dc4216a-f7ad-4a11-9f11-95a5634fc0f3","name":"環宇廣播電台","country":"Taiwan, Republic Of China","countryCode":"TW","state":"Taiwan","category":"music","streamUrl":"https://n06.rcs.revma.com/srn5f9kmwxhvv","codec":"AAC","bitrate":128,"tags":"full service"}},{"type":"Feature","geometry":{"type":"Point","coordinates":[120.5345,24.0598]},"properties":{"id":"e7370b46-dcf9-470d-82d0-bbc04391a928","name":"彰化關懷電台","country":"Taiwan, Republic Of China","countryCode":"TW","state":"Changhua","category":"music","streamUrl":"http://test.taiwan-radio.tw:8000/CH.FM91.1","codec":"MP3","bitrate":128,"tags":""}},{"type":"Feature","geometry":{"type":"Point","coordinates":[95.70602416992188,56.19565083502345]},"properties":{"id":"17e60697-5411-4477-9463-70a862a02805","name":"РадиоКанск","country":"The Russian Federation","countryCode":"RU","state":"Красноярск","category":"talk","streamUrl":"https://azura-cast.radiokansk.ru/listen/radiokansk/live","codec":"MP3","bitrate":256,"tags":"disco, electronic, jazz, podcast, rock"}},{"type":"Feature","geometry":{"type":"Point","coordinates":[13.1246,51.4828]},"properties":{"id":"a4493475-cd2d-4053-8645-56bc9ea07312","name":"Chillhouse Live","country":"Germany","countryCode":"DE","state":"Sachsen","category":"music","streamUrl":"https://stream.chillhouse-live.com/live","codec":"MP3","bitrate":320,"tags":"24/7, background music, cafe, chill, chill house, chillhouse, chillout, deep house, deephouse, downtempo"}},{"type":"Feature","geometry":{"type":"Point","coordinates":[139.419,36.0078]},"properties":{"id":"0ab05ce4-de0b-4c9d-9772-a9787354c3f7","name":"NHK WORLD RADIO 5","country":"Japan","countryCode":"JP","state":"tokyo","category":"news","streamUrl":"http://shoutcast.wrn.org:8025/nhk41right","codec":"MP3","bitrate":112,"tags":"international"}},{"type":"Feature","geometry":{"type":"Point","coordinates":[-49.949984550476074,-22.217382582501717]},"properties":{"id":"0701f59f-69da-43c1-9ef2-3152eee11619","name":"Conecta FM - Marília","country":"Brazil","countryCode":"BR","state":"Sao Paulo (Brazil)","category":"music","streamUrl":"https://paineldj.com.br:20184/stream","codec":"AAC+","bitrate":128,"tags":"80s, 90s, alternative, classic hits, dance, electronic, folk, indie, jazz, lounge"}},{"type":"Feature","geometry":{"type":"Point","coordinates":[127.0795,37.5539]},"properties":{"id":"656c6a0b-f0a8-4c8f-a0ef-97c72d130eef","name":"하늘호수24","country":"The Republic Of Korea","countryCode":"KR","state":"South Korea","category":"music","streamUrl":"https://cast2.sayclub.com/saycast2/24sky/llhls.m3u8","codec":"AAC","bitrate":125,"tags":"entertainment"}},{"type":"Feature","geometry":{"type":"Point","coordinates":[8.422179508649604,49.47815092067678]},"properties":{"id":"bc90c1c2-3b77-42af-a9ad-183e8b61380c","name":"RPR1. Koblenz","country":"Germany","countryCode":"DE","state":"Rheinland-Pfalz","category":"traffic-transit","streamUrl":"https://stream.rpr1.de/koblenz/mp3-128/radiobrowser","codec":"MP3","bitrate":128,"tags":"80er, 90er, news, pop, top40, traffic, weather"}},{"type":"Feature","geometry":{"type":"Point","coordinates":[150.51371209277318,-23.376713312550592]},"properties":{"id":"cbd211e4-d49c-41d3-9539-3a262e298e24","name":"ABC 837kHz AM Rockhampton QLD Central Queensland Local Radio 20231009","country":"Australia","countryCode":"AU","state":"Queensland Rockhampton","category":"weather","streamUrl":"https://mediaserviceslive.akamaized.net/hls/live/2038251/localcapricornia/masterhq.m3u8","codec":"AAC","bitrate":115,"tags":"community, local radio, news, sport, weather"}},{"type":"Feature","geometry":{"type":"Point","coordinates":[54.023437500000036,80.17871349622823]},"properties":{"id":"a5e5765d-af33-419a-a545-eec442cb0809","name":"90s90s.de lovesongs","country":"Germany","countryCode":"DE","state":"Kielce","category":"music","streamUrl":"https://streams.90s90s.de/love/mp3-192/streams.90s90s.de/","codec":"MP3","bitrate":128,"tags":"lovesongs"}},{"type":"Feature","geometry":{"type":"Point","coordinates":[81.642239783266,21.245670065442617]},"properties":{"id":"8f9898ea-6b46-439e-a4f6-a26880ef4ff4","name":"Radio Khushbu","country":"India","countryCode":"IN","state":"Chhattishgarh","category":"music","streamUrl":"https://radio.pblab.in/radiokhushbu","codec":"AAC","bitrate":20,"tags":"90's, bollywood, indian, kollywood"}},{"type":"Feature","geometry":{"type":"Point","coordinates":[35.94209719594083,-0.3318294147690476]},"properties":{"id":"2b1ebb09-0c2e-4a0d-b27b-18c736f917cb","name":"JESUS IS LORD radio","country":"Kenya","countryCode":"KE","state":"Nakuru","category":"music","streamUrl":"https://stream-285.surfernetwork.com/thdtw5xd9eiuv?zt=eyJhbGciOiJIUzI1NiJ9.eyJzdHJlYW0iOiJ0aGR0dzV4ZDllaXV2IiwiaG9zdCI6InN0cmVhbS0yODUuc3VyZmVybmV0d29yay5jb20iLCJydHRsIjo1LCJqdGkiOiI0OUMxUU9PMFIyeTl5SThnTno0VTB3IiwiaWF0IjoxNzg1OTU0NjI0LCJleHAiOjE3ODU5NTQ2ODR9.TEC2qyYYTCv3OjNepwCqgyWWPAoxPRanj5XLmznekcA","codec":"AAC","bitrate":128,"tags":"holiness, repentance, worship"}},{"type":"Feature","geometry":{"type":"Point","coordinates":[107.244,-6.5015]},"properties":{"id":"acfe5e71-7e9a-40bf-b12c-92a980e95fcb","name":"Anime FM","country":"Indonesia","countryCode":"ID","state":"Indonesia","category":"music","streamUrl":"https://animefm.stream.laut.fm/animefm","codec":"MP3","bitrate":128,"tags":"anime, ending, j-pop, j-rock, k-pop"}},{"type":"Feature","geometry":{"type":"Point","coordinates":[-98.5378,19.8115]},"properties":{"id":"eb8e9a54-4240-4f49-bf3a-c78ba8fb18e1","name":"BBC RADIO 1 DANCE UK: The biggest current, future and classic dance vibes. Londres, Inglaterra","country":"Mexico","countryCode":"MX","state":"Mexico","category":"news","streamUrl":"http://151.80.56.90:8090/bbc_radio_one_dance.aac","codec":"AAC","bitrate":128,"tags":"bbc, bbc radio 1, bbc radio 1 dance, club dance, dab+, dance, dance music, edm, electronic dance music, england"}},{"type":"Feature","geometry":{"type":"Point","coordinates":[-103.3381748199463,20.672582758763347]},"properties":{"id":"5b35f143-21f9-49a4-ba85-e587591a15aa","name":"FIESTA MEXICANA 92.3 (GDL) - 92.3 FM - XHBIO-FM  - Grupo Promomedios - Guadalajara, Jalisco","country":"Mexico","countryCode":"MX","state":"Guadalajara, Jalisco","category":"music","streamUrl":"https://stream.promomedios.com:8002/stream","codec":"AAC+","bitrate":56,"tags":"92.3 fm, américa, entretenimiento, español, estación, fiesta mexicana, fm, gdl, guadalajara, jalisco"}},{"type":"Feature","geometry":{"type":"Point","coordinates":[8.422232038237604,49.47816648911789]},"properties":{"id":"084c6e02-f208-439b-aa1b-103ce95be54e","name":"RPR1. Webradio","country":"Germany","countryCode":"DE","state":"Rheinland-Pfalz","category":"traffic-transit","streamUrl":"https://stream.rpr1.de/webradio/mp3-128/radiobrowser","codec":"MP3","bitrate":128,"tags":"80er, 90er, news, pop, top40, traffic, weather"}},{"type":"Feature","geometry":{"type":"Point","coordinates":[120.4667,23.4866]},"properties":{"id":"52a1622a-ba46-45bd-be94-0cfc0aeb2581","name":"嘉義北回廣播電台","country":"Taiwan, Republic Of China","countryCode":"TW","state":"Chiayi","category":"music","streamUrl":"http://test.taiwan-radio.tw:8000/CY.FM91.7","codec":"MP3","bitrate":128,"tags":""}},{"type":"Feature","geometry":{"type":"Point","coordinates":[151.0213,-34.3666]},"properties":{"id":"5547b37d-c1fb-40a5-af58-2f504bc0a6c9","name":"Double J QLD","country":"Australia","countryCode":"AU","state":"Australia","category":"music","streamUrl":"https://mediaserviceslive.akamaized.net/hls/live/2038342/doublejqld/index.m3u8","codec":"AAC","bitrate":252,"tags":""}},{"type":"Feature","geometry":{"type":"Point","coordinates":[126.4061,37.9522]},"properties":{"id":"480e1b12-7e69-4824-980b-68bf799c97a2","name":"Korean city pop","country":"The Republic Of Korea","countryCode":"KR","state":"South Korea","category":"music","streamUrl":"http://65.21.61.215:8000/citypoptwo","codec":"MP3","bitrate":128,"tags":""}},{"type":"Feature","geometry":{"type":"Point","coordinates":[121.6063,23.9896]},"properties":{"id":"77902293-2d99-421b-ba6c-5816150c2841","name":"燕聲AM1242","country":"Taiwan, Republic Of China","countryCode":"TW","state":"Hualien","category":"music","streamUrl":"http://test.taiwan-radio.tw:8000/HL.AM1242","codec":"MP3","bitrate":128,"tags":""}},{"type":"Feature","geometry":{"type":"Point","coordinates":[120.8414,24.2667]},"properties":{"id":"1a191ec2-1ffc-454e-87ce-da9f94652aa0","name":"資悠網路廣播實驗電台","country":"Taiwan, Republic Of China","countryCode":"TW","state":"Taiwan","category":"music","streamUrl":"http://test.taiwan-radio.tw:8000/GUIDECast.AH","codec":"MP3","bitrate":128,"tags":""}},{"type":"Feature","geometry":{"type":"Point","coordinates":[-78.91165111233293,35.97324817496422]},"properties":{"id":"8782cfd5-d363-41b4-83ad-5abc673fea35","name":"Afrobeats Jazz Radio","country":"The United States Of America","countryCode":"US","state":"North Carolina","category":"music","streamUrl":"https://radio.nitro-server.uk/listen/frobeatsazzadio/radio.mp3","codec":"MP3","bitrate":128,"tags":"african, afrobeats, afrobeats jazz, jazz"}},{"type":"Feature","geometry":{"type":"Point","coordinates":[12.24331855773926,44.13597502271584]},"properties":{"id":"fd2d63e1-da59-47f4-9fb9-b4c2aea1ac8a","name":"RSD Radio Studio Delta","country":"Italy","countryCode":"IT","state":"Emilia-Romagna","category":"music","streamUrl":"https://rsd.streamingmedia.it/play.mp3","codec":"MP3","bitrate":192,"tags":"pop music"}},{"type":"Feature","geometry":{"type":"Point","coordinates":[139.0823,35.5755]},"properties":{"id":"3ffcb994-70f1-4040-bc24-142e680ecc96","name":"NHK WORLD RADIO 4","country":"Japan","countryCode":"JP","state":"tokyo","category":"news","streamUrl":"http://streaming.edmradio.online:8025/nhk41left","codec":"MP3","bitrate":112,"tags":"international"}},{"type":"Feature","geometry":{"type":"Point","coordinates":[152.2105,-33.8644]},"properties":{"id":"7bec7089-6f46-4b8a-80b3-db436a311b93","name":"films, horror, sci fi, adventure Australian Digital Radio Network Old Time Radio Channel 4","country":"Australia","countryCode":"AU","state":"Australia","category":"music","streamUrl":"http://abm21.com.au:8000/CONTAINER5","codec":"MP3","bitrate":128,"tags":""}},{"type":"Feature","geometry":{"type":"Point","coordinates":[5.168750882148744,52.239899491377216]},"properties":{"id":"41537cc5-896b-4e5c-abf6-82449b6be5bd","name":"NPO Radio 1","country":"The Netherlands","countryCode":"NL","state":"Noord-Holland, Hilversum","category":"news","streamUrl":"https://icecast.omroep.nl/radio1-sb-aac","codec":"AAC","bitrate":32,"tags":"international news, interviews, music, national news"}},{"type":"Feature","geometry":{"type":"Point","coordinates":[121.5185,25.0444]},"properties":{"id":"ea2a84ca-ba50-4325-9396-b42d5159a125","name":"ICRT","country":"Taiwan, Republic Of China","countryCode":"TW","state":"Taipei","category":"music","streamUrl":"https://n03.rcs.revma.com/x27mfpztxp3vv","codec":"AAC","bitrate":128,"tags":"full service"}},{"type":"Feature","geometry":{"type":"Point","coordinates":[120.5272,24.7301]},"properties":{"id":"4a9431fb-f5a1-4c4a-ae3c-42bab47bca2f","name":"電聲電台","country":"Taiwan, Republic Of China","countryCode":"TW","state":"Taiwan","category":"music","streamUrl":"http://test.taiwan-radio.tw:8000/TN.AM1071","codec":"MP3","bitrate":48,"tags":""}},{"type":"Feature","geometry":{"type":"Point","coordinates":[120.63225966821184,24.152939392587815]},"properties":{"id":"10730198-5342-46b1-bc6a-98af04c638fc","name":"警察廣播電臺 - 臺中分臺 FM 94.5","country":"Taiwan, Republic Of China","countryCode":"TW","state":"Taichung","category":"public-safety","streamUrl":"https://stream.pbs.gov.tw/live/TCS/playlist.m3u8","codec":"AAC","bitrate":128,"tags":"emergency & public safety, government, local traffic & weather, news, traffic, weather"}},{"type":"Feature","geometry":{"type":"Point","coordinates":[120.8111,24.5362]},"properties":{"id":"f0b434c8-d15d-4ae9-a1ca-78662821c177","name":"苗栗客家文化廣播電台","country":"Taiwan, Republic Of China","countryCode":"TW","state":"Miaoli","category":"talk","streamUrl":"http://test.taiwan-radio.tw:8000/ML.FM91.7","codec":"MP3","bitrate":128,"tags":"culture"}},{"type":"Feature","geometry":{"type":"Point","coordinates":[120.9843,24.8054]},"properties":{"id":"7190cfe5-c422-4c42-82b8-587b07c03579","name":"新竹之音","country":"Taiwan, Republic Of China","countryCode":"TW","state":"Hsinchu","category":"music","streamUrl":"http://test.taiwan-radio.tw:8000/HC.FM97.9","codec":"MP3","bitrate":128,"tags":""}},{"type":"Feature","geometry":{"type":"Point","coordinates":[170.51174193620685,-45.8661370797173]},"properties":{"id":"b562983d-1c3d-456c-acdd-bcef491f245e","name":"Radio One 91FM","country":"New Zealand","countryCode":"NZ","state":"","category":"news","streamUrl":"https://play.r1.co.nz/live","codec":"MP3","bitrate":128,"tags":"community radio, disco, local news, maori culture, news, pop, punk, synth, various"}},{"type":"Feature","geometry":{"type":"Point","coordinates":[120.4007,24.4227]},"properties":{"id":"fdd115fc-7934-45c7-9a16-ad22a60aa09e","name":"先聲廣播電台 (基北桃竹苗)","country":"Taiwan, Republic Of China","countryCode":"TW","state":"Taiwan","category":"music","streamUrl":"http://43.254.16.40:8000/TY.AM774","codec":"MP3","bitrate":128,"tags":"full service"}},{"type":"Feature","geometry":{"type":"Point","coordinates":[120.2838,22.6305]},"properties":{"id":"1f288f7b-17ce-4807-99b8-deb3a1c06cda","name":"高雄港都廣播","country":"Taiwan, Republic Of China","countryCode":"TW","state":"Kaohsiung","category":"music","streamUrl":"https://n10.rcs.revma.com/q2m07dc59duvv","codec":"AAC","bitrate":128,"tags":"music"}},{"type":"Feature","geometry":{"type":"Point","coordinates":[120.704,23.9282]},"properties":{"id":"93b2f9a2-af00-4361-9437-a76d19c62c6e","name":"城市廣播網-南投廣播","country":"Taiwan, Republic Of China","countryCode":"TW","state":"Nantou","category":"music","streamUrl":"https://fm997.cityfm.com.tw:8083/997","codec":"MP3","bitrate":128,"tags":""}},{"type":"Feature","geometry":{"type":"Point","coordinates":[120.7979,24.5746]},"properties":{"id":"63362fba-4eda-4837-8893-f6904db4a867","name":"城市廣播網-大苗栗廣播","country":"Taiwan, Republic Of China","countryCode":"TW","state":"Miaoli","category":"music","streamUrl":"https://fm983.cityfm.com.tw:8083/983","codec":"MP3","bitrate":128,"tags":""}},{"type":"Feature","geometry":{"type":"Point","coordinates":[120.7596,23.4619]},"properties":{"id":"9daf966a-f434-44d7-b185-ac9821be2dae","name":"電聲電台","country":"Taiwan, Republic Of China","countryCode":"TW","state":"Taiwan","category":"music","streamUrl":"http://59.120.102.91:8000/OnAir","codec":"MP3","bitrate":48,"tags":""}},{"type":"Feature","geometry":{"type":"Point","coordinates":[55.42458843762846,25.18505868029992]},"properties":{"id":"b83fa647-a078-49cb-9178-037a94a8200c","name":"Exclusively Rush","country":"The United Arab Emirates","countryCode":"AE","state":"Dubai","category":"music","streamUrl":"https://2.mystreaming.net/er-app/rush/icecast.audio","codec":"MP3","bitrate":128,"tags":"progressive rock, rock"}},{"type":"Feature","geometry":{"type":"Point","coordinates":[24.922485351562504,60.209531391500654]},"properties":{"id":"63d55efd-1ccd-4831-a89f-4dfd98fff487","name":"Loop","country":"Finland","countryCode":"FI","state":"","category":"music","streamUrl":"https://aud-stream-loop.nm-elemental.nelonenmedia.fi/playlist-256000.m3u8","codec":"UNKNOWN","bitrate":128,"tags":""}},{"type":"Feature","geometry":{"type":"Point","coordinates":[121.37580362120109,23.904588069534675]},"properties":{"id":"c976a1fa-100d-43e4-9fe1-52b60097c0f9","name":"Nei-Di's ACG Music","country":"Taiwan, Republic Of China","countryCode":"TW","state":"","category":"music","streamUrl":"http://neidi.homeip.net:8080/;","codec":"MP3","bitrate":320,"tags":"anime, jpop, ost"}},{"type":"Feature","geometry":{"type":"Point","coordinates":[10.750908781385707,59.92044677135427]},"properties":{"id":"aea07db5-73c4-4e29-a903-3c239b29a169","name":"Radio Latin-Amerika","country":"Norway","countryCode":"NO","state":"","category":"music","streamUrl":"https://stream.radiolatinamerika.no/latam_hq","codec":"MP3","bitrate":128,"tags":"chile, latin, latin pop, latinoamérica, musica latina, musica latinoamericana"}},{"type":"Feature","geometry":{"type":"Point","coordinates":[-55.15934675931931,-21.64586699983089]},"properties":{"id":"35ac4203-2b03-4b57-93d6-3aeb5701d78f","name":"Rádio Cidade Maracaju 104.3 FM","country":"Brazil","countryCode":"BR","state":"Mato Grosso do Sul","category":"music","streamUrl":"https://servidor33-5.brlogic.com:7078/live","codec":"AAC","bitrate":64,"tags":"chamame, ecletic, hits, sertanejo, sertanejo raiz"}},{"type":"Feature","geometry":{"type":"Point","coordinates":[127.1707,37.7317]},"properties":{"id":"6ad5927a-7ef7-456c-ad54-059873ff9f28","name":"TBS FM 95.1","country":"The Republic Of Korea","countryCode":"KR","state":"South Korea","category":"music","streamUrl":"https://cdnfm.tbs.seoul.kr/tbs/_definst_/tbs_fm_web_360.smil/chunklist.m3u8","codec":"AAC","bitrate":414,"tags":"full service"}},{"type":"Feature","geometry":{"type":"Point","coordinates":[120.3168,22.6201]},"properties":{"id":"8e3d1fbf-c5a9-46f0-9b9d-8dfbaa6a7f90","name":"高雄廣播電台","country":"Taiwan, Republic Of China","countryCode":"TW","state":"Kaohsiung","category":"music","streamUrl":"https://n13.rcs.revma.com/pet2dvug1bkvv","codec":"AAC","bitrate":128,"tags":"music"}},{"type":"Feature","geometry":{"type":"Point","coordinates":[2.6738,49.3716]},"properties":{"id":"aefcbe21-f203-4678-ad89-3fa6a22a5461","name":"Nostalgie Disco Fever","country":"France","countryCode":"FR","state":"France","category":"music","streamUrl":"https://streaming.nrjaudio.fm/ou4swshtd2ko","codec":"MP3","bitrate":128,"tags":"70s, 80s, disco, funk, nostalgie"}},{"type":"Feature","geometry":{"type":"Point","coordinates":[81.67785627778576,21.22589390306289]},"properties":{"id":"b236ea2c-035a-4bc0-a659-63b6aae1819c","name":"Radio Sangwari","country":"India","countryCode":"IN","state":"Chhattisgarh","category":"talk","streamUrl":"https://servidor19.brlogic.com:7002/live","codec":"MP3","bitrate":128,"tags":"culturer, folk"}},{"type":"Feature","geometry":{"type":"Point","coordinates":[4.460057616233827,51.90274563920179]},"properties":{"id":"27256fc5-7f3c-4268-afb5-5ba4485e95cd","name":"Radio Rijnmond (AAC+)","country":"The Netherlands","countryCode":"NL","state":"Zuid-Holland, Rotterdam","category":"traffic-transit","streamUrl":"https://d2e9xgjjdd9cr5.cloudfront.net/icecast/rijnmond/radio-aacp","codec":"AAC+","bitrate":128,"tags":"80's, 90's, interviews, music, news, regional news, traffic news"}},{"type":"Feature","geometry":{"type":"Point","coordinates":[113.9234,22.8337]},"properties":{"id":"53e9eab3-eee4-472f-af2a-c5fa5282b4ac","name":"香港電台第六台","country":"Hong Kong","countryCode":"HK","state":"Hong Kong","category":"music","streamUrl":"https://rthkradiocnrhk-live.akamaized.net/hls/live/2046111/radiocnrhk/index_64_a.m3u8","codec":"UNKNOWN","bitrate":128,"tags":"full service"}},{"type":"Feature","geometry":{"type":"Point","coordinates":[121.02077295272808,24.810254098454525]},"properties":{"id":"a0af9a7f-60d7-49a1-b975-89cf97218ffb","name":"警察廣播電臺 - 新竹分臺 AM 1512","country":"Taiwan, Republic Of China","countryCode":"TW","state":"Hsinchu","category":"public-safety","streamUrl":"https://stream.pbs.gov.tw/live/SCS/playlist.m3u8","codec":"AAC","bitrate":128,"tags":"emergency & public safety, government, local traffic & weather, news, traffic, weather"}},{"type":"Feature","geometry":{"type":"Point","coordinates":[139.369,35.5504]},"properties":{"id":"a6d3e86c-0d17-4dd5-a587-5b30f31fd837","name":"NHK WORLD RADIO","country":"Japan","countryCode":"JP","state":"tokyo","category":"news","streamUrl":"https://nhkworld-radio.nhkworld.jp/hls/live/nhkworld-radio-media2/index.m3u8","codec":"UNKNOWN","bitrate":128,"tags":"international, news"}},{"type":"Feature","geometry":{"type":"Point","coordinates":[-47.801513671875,-15.75491900492763]},"properties":{"id":"4c66701a-2486-421e-87c7-a53879b069c1","name":"80 Hits Brasil","country":"Brazil","countryCode":"BR","state":"DF","category":"music","streamUrl":"https://stm5.painelcast.com:7662/stream","codec":"AAC+","bitrate":128,"tags":"80's, 80s, mpb, musica brasileira, oldies"}},{"type":"Feature","geometry":{"type":"Point","coordinates":[100.3249,13.3167]},"properties":{"id":"3cb26271-6056-4685-8fc8-01bdc4ac94b1","name":"fm99","country":"Thailand","countryCode":"TH","state":"Thailand","category":"music","streamUrl":"https://northernlive.mcot.net/fm99/voice.m3u8","codec":"UNKNOWN","bitrate":128,"tags":"classical"}},{"type":"Feature","geometry":{"type":"Point","coordinates":[8.422199730637647,49.47817533209903]},"properties":{"id":"e93bb934-91f1-4a32-ba6a-512105341597","name":"RPR1. Trier","country":"Germany","countryCode":"DE","state":"Rheinland-Pfalz","category":"traffic-transit","streamUrl":"https://stream.rpr1.de/trier/mp3-128/radiobrowser","codec":"MP3","bitrate":128,"tags":"80er, 90er, news, pop, top40, traffic, weather"}},{"type":"Feature","geometry":{"type":"Point","coordinates":[121.1495,24.4649]},"properties":{"id":"36170e6f-aa3d-4c8e-83d0-79d464bfe40a","name":"漁業廣播電台","country":"Taiwan, Republic Of China","countryCode":"TW","state":"Taiwan","category":"aviation-marine","streamUrl":"https://n03.rcs.revma.com/mk0c5vq122hvv","codec":"MP3","bitrate":128,"tags":"agriculture"}},{"type":"Feature","geometry":{"type":"Point","coordinates":[-84.24994869467828,30.450568002876977]},"properties":{"id":"1a8a5fe1-a0d8-4af6-8a66-709994ba7f80","name":"Hopsain Radio","country":"The United States Of America","countryCode":"US","state":"Florida","category":"music","streamUrl":"https://stream.radio.co/sb4fa1aec1/listen","codec":"MP3","bitrate":192,"tags":"afro house, afrobeats, afrofusion, amapiano, ambient, classical, dance, dancehall, electronic, gqom"}},{"type":"Feature","geometry":{"type":"Point","coordinates":[139.5015,35.0989]},"properties":{"id":"49439c31-b641-4251-b3b0-ab979ab514d2","name":"NHK WORLD RADIO 7","country":"Japan","countryCode":"JP","state":"tokyo","category":"news","streamUrl":"https://master.nhkworld.jp/nhkworld-radio/playlist/rs2/live.m3u8","codec":"AAC","bitrate":66,"tags":"international"}},{"type":"Feature","geometry":{"type":"Point","coordinates":[11.1769,60.0929]},"properties":{"id":"6a719dc0-ec46-4fd8-ad30-992682705bcb","name":"Nrk p1 Hordaland","country":"Norway","countryCode":"NO","state":"Norway","category":"music","streamUrl":"https://cdn0-47115-liveicecast0.dna.contentdelivery.net/p1_dk8_mp3_h","codec":"MP3","bitrate":192,"tags":""}},{"type":"Feature","geometry":{"type":"Point","coordinates":[113.9143,22.4157]},"properties":{"id":"76faebfa-2f00-49ed-876b-ab8af204cbd6","name":"AisaFM亚洲粤语台","country":"Hong Kong","countryCode":"HK","state":"Hong Kong","category":"music","streamUrl":"https://live.ximalaya.com/radio-first-page-app/live/999/64.m3u8?transcode=ts","codec":"UNKNOWN","bitrate":128,"tags":""}},{"type":"Feature","geometry":{"type":"Point","coordinates":[-99.13290023803712,19.43543845805219]},"properties":{"id":"a72034fb-0bf5-4411-87c6-1573d968b05a","name":"MIX OCHENTAS: New Wave, Glam y Rock de los 80s","country":"Mexico","countryCode":"MX","state":"Ciudad de México","category":"music","streamUrl":"https://playerservices.streamtheworld.com/api/livestream-redirect/ACIR13_s01AAC.aac","codec":"AAC+","bitrate":48,"tags":"1980's, 1980's hits, 1980s, 1980s hits, 80's, 80s, 80s radio, 80s rock, acir, acir online"}},{"type":"Feature","geometry":{"type":"Point","coordinates":[-58.7006,-34.5449]},"properties":{"id":"ee8db61a-1cc3-409f-bb4f-69b17b7861d6","name":"FM Soldados 87.5","country":"Argentina","countryCode":"AR","state":"Ciudad Autonoma de Buenos Aires","category":"music","streamUrl":"https://radio02.ferozo.com/proxy/ra01000409?mp=/stream","codec":"AAC+","bitrate":32,"tags":""}},{"type":"Feature","geometry":{"type":"Point","coordinates":[12.6927,41.7997]},"properties":{"id":"458c463e-cde3-11e8-a54a-52543be04c81","name":"RomaRadio - The Tube Station","country":"Italy","countryCode":"IT","state":"Lazio","category":"traffic-transit","streamUrl":"http://nr9.newradio.it:9021/stream","codec":"MP3","bitrate":128,"tags":"news, roma, talk, traffic"}},{"type":"Feature","geometry":{"type":"Point","coordinates":[120.26517583133948,23.18828227142604]},"properties":{"id":"61d496df-7169-469b-922c-0e842f59a0f2","name":"警察廣播電臺 - 臺南分臺 AM 1314","country":"Taiwan, Republic Of China","countryCode":"TW","state":"Tainan","category":"public-safety","streamUrl":"https://stream.pbs.gov.tw/live/TNS/playlist.m3u8","codec":"AAC","bitrate":128,"tags":"emergency & public safety, government, local traffic & weather, news, traffic, weather"}},{"type":"Feature","geometry":{"type":"Point","coordinates":[139.3348,35.1469]},"properties":{"id":"e93b7f21-b06d-4c2a-a3dc-cf87dbee0408","name":"NHK WORLD RADIO 9","country":"Japan","countryCode":"JP","state":"tokyo","category":"news","streamUrl":"https://master.nhkworld.jp/nhkworld-radio/playlist/rs4/live.m3u8","codec":"AAC","bitrate":66,"tags":"international"}},{"type":"Feature","geometry":{"type":"Point","coordinates":[-21.01044595241547,63.94790932594013]},"properties":{"id":"625512ba-218e-49b5-a676-efc76c5871c7","name":"Suðurland FM","country":"Iceland","countryCode":"IS","state":"","category":"music","streamUrl":"https://ice-11.spilarinn.is/xsudurlandfm","codec":"MP3","bitrate":128,"tags":"country, pop, rock, varied"}},{"type":"Feature","geometry":{"type":"Point","coordinates":[-21.4933,63.8586]},"properties":{"id":"fc157689-436b-4da8-a3d5-18d72bbda568","name":"Fred Film Radio-26 Íslenska","country":"Iceland","countryCode":"IS","state":"Iceland","category":"music","streamUrl":"https://s10.webradio-hosting.com/proxy/fredradiois/stream","codec":"MP3","bitrate":128,"tags":"film"}},{"type":"Feature","geometry":{"type":"Point","coordinates":[126.8619,37.9534]},"properties":{"id":"e89958f1-bc76-44fe-b681-841b5ec4ceae","name":"TBS eFM 101.3","country":"The Republic Of Korea","countryCode":"KR","state":"South Korea","category":"music","streamUrl":"https://cdnefm.tbs.seoul.kr/tbs/_definst_/tbs_efm_web_360.smil/chunklist.m3u8","codec":"AAC","bitrate":414,"tags":"full service"}},{"type":"Feature","geometry":{"type":"Point","coordinates":[120.5417,24.0932]},"properties":{"id":"5b444801-95b7-4de0-a8aa-c30276bb4187","name":"彰化花園廣播電台","country":"Taiwan, Republic Of China","countryCode":"TW","state":"Changhua","category":"music","streamUrl":"http://211.72.215.231:8000/OnAir","codec":"MP3","bitrate":48,"tags":""}},{"type":"Feature","geometry":{"type":"Point","coordinates":[120.5254,24.0848]},"properties":{"id":"87bb2a6b-b7e9-4c7b-8014-9756a03711a9","name":"彰化國聲廣播AM1179","country":"Taiwan, Republic Of China","countryCode":"TW","state":"Changhua","category":"music","streamUrl":"http://test.taiwan-radio.tw:8000/CH.AM1179","codec":"MP3","bitrate":128,"tags":"full service"}},{"type":"Feature","geometry":{"type":"Point","coordinates":[121.2969,25.0121]},"properties":{"id":"a6f4c4fe-3dd6-43f3-9dab-7d4e507ecfdc","name":"台灣廣播 大溪二台","country":"Taiwan, Republic Of China","countryCode":"TW","state":"Taoyuan","category":"music","streamUrl":"http://43.254.16.40:8000/TY.AM1062","codec":"MP3","bitrate":48,"tags":"full service"}},{"type":"Feature","geometry":{"type":"Point","coordinates":[121.3001,24.976]},"properties":{"id":"faa5240b-331a-427b-a855-07c1f29caff9","name":"台灣廣播 大溪一台","country":"Taiwan, Republic Of China","countryCode":"TW","state":"Taoyuan","category":"music","streamUrl":"http://43.254.16.40:8000/TY.AM621","codec":"MP3","bitrate":48,"tags":"full service"}},{"type":"Feature","geometry":{"type":"Point","coordinates":[55.87515500609619,25.65671219973472]},"properties":{"id":"75d9da0e-6024-4c11-83a4-04104db9189f","name":"Easy Kenny G","country":"The United Arab Emirates","countryCode":"AE","state":"Dubai","category":"music","streamUrl":"https://nl4.mystreaming.net/uber/easykennyg/icecast.audio","codec":"MP3","bitrate":128,"tags":"funky, smooth jazz"}},{"type":"Feature","geometry":{"type":"Point","coordinates":[-21.86141967773438,64.09352633755087]},"properties":{"id":"68252d54-fe00-4f37-bac7-7015f95c6a37","name":"Country Bylgjan","country":"Iceland","countryCode":"IS","state":"","category":"music","streamUrl":"http://icecast.365net.is:8000/orbFmExtra.aac","codec":"AAC+","bitrate":130,"tags":"country"}},{"type":"Feature","geometry":{"type":"Point","coordinates":[175.1705,-41.4156]},"properties":{"id":"551f1c36-9ca7-45cb-98b3-c5fd0abba85c","name":"Gone Country","country":"New Zealand","countryCode":"NZ","state":"Fielding; Manawatu","category":"music","streamUrl":"https://usa10.fastcast4u.com:6010/;?type=http&nocache=1676417570","codec":"MP3","bitrate":128,"tags":"country, internet station"}},{"type":"Feature","geometry":{"type":"Point","coordinates":[28.6124,-26.3773]},"properties":{"id":"e9167f0a-5551-4952-b9ec-e2fb66879fc9","name":"5FM","country":"South Africa","countryCode":"ZA","state":"South Africa","category":"music","streamUrl":"https://playerservices.streamtheworld.com/api/livestream-redirect/5FMAAC.aac","codec":"AAC+","bitrate":48,"tags":""}},{"type":"Feature","geometry":{"type":"Point","coordinates":[8.422195506911478,49.47815092067678]},"properties":{"id":"a67ab6d2-d217-41f0-bb3b-d56d47f6af1d","name":"RPR1. Köln","country":"Germany","countryCode":"DE","state":"Rheinland-Pfalz","category":"traffic-transit","streamUrl":"https://stream.rpr1.de/koeln/mp3-128/radiobrowser","codec":"MP3","bitrate":128,"tags":"80er, 90er, news, pop, top40, traffic, weather"}},{"type":"Feature","geometry":{"type":"Point","coordinates":[-116.19019077599027,43.6034440489085]},"properties":{"id":"a8b79496-59dc-4de2-8d4f-be856b877a77","name":"103.5 KISSFM Boise","country":"The United States Of America","countryCode":"US","state":"Idaho","category":"music","streamUrl":"https://live.amperwave.net/direct/townsquare-ksasfmaac-ibc3","codec":"AAC+","bitrate":64,"tags":"boise, commercial, contemporary hit radio, contemporary hits radio, hip hop, hip-hop, hiphop, pop, pop en inglés, pop music"}},{"type":"Feature","geometry":{"type":"Point","coordinates":[114.0865,22.0882]},"properties":{"id":"93b7ad6f-abdc-4a24-a947-f87dec018269","name":"大嶼山廣播電台 RADIO LANTAU","country":"Hong Kong","countryCode":"HK","state":"Hong Kong","category":"music","streamUrl":"https://radio.dripfeed.net/listen/radiolantau/radio.mp3","codec":"MP3","bitrate":128,"tags":"alternative rock, classic rock, funk, instrumental, internet radio, jazz, music, power pop, punk, soul"}},{"type":"Feature","geometry":{"type":"Point","coordinates":[139.49476499178385,-20.7244311613933]},"properties":{"id":"fe756a53-5e93-4d0f-a78c-ee593d6baa6b","name":"ABC 106.5MHz FM Mount Isa QLD Northwest Queensland Local Radio","country":"Australia","countryCode":"AU","state":"Mount Isa Queensland","category":"weather","streamUrl":"https://mediaserviceslive.akamaized.net/hls/live/2038355/localmtisa/masterhq.m3u8","codec":"AAC","bitrate":115,"tags":"contemporary, current affairs, local radio, news, sport, weather"}},{"type":"Feature","geometry":{"type":"Point","coordinates":[120.9505,24.8357]},"properties":{"id":"09a2c7ed-82d1-42e6-85f4-5e8b2b355dfe","name":"IC之音竹科廣播","country":"Taiwan, Republic Of China","countryCode":"TW","state":"Hsinchu","category":"music","streamUrl":"https://n01a-eu.rcs.revma.com/7mnq8rt7k5zuv","codec":"AAC","bitrate":128,"tags":"education, educational, science"}},{"type":"Feature","geometry":{"type":"Point","coordinates":[8.422226883017473,49.47818228986159]},"properties":{"id":"a902c867-ee36-49c3-8ea8-fe1009d102ed","name":"RPR1. Kaiserslautern","country":"Germany","countryCode":"DE","state":"Rheinland-Pfalz","category":"traffic-transit","streamUrl":"https://stream.rpr1.de/kaiserslautern/mp3-128/radiobrowser","codec":"MP3","bitrate":128,"tags":"80er, 90er, news, pop, top40, traffic, weather"}},{"type":"Feature","geometry":{"type":"Point","coordinates":[-87.62807239004287,41.88190026973213]},"properties":{"id":"c083ba73-e051-4716-92f7-c4b68066c223","name":"animePOP! Online Anime Radio","country":"The United States Of America","countryCode":"US","state":"","category":"music","streamUrl":"https://stream.zeno.fm/1peyavabbl1tv","codec":"MP3","bitrate":128,"tags":"anime radio, japanese anime soundtracks game jpop vgm ost"}},{"type":"Feature","geometry":{"type":"Point","coordinates":[10.7315,60.1049]},"properties":{"id":"7b68e53c-f30e-4fbc-902e-cfdcd98ad9f5","name":"NRK P3 Musikk","country":"Norway","countryCode":"NO","state":"Norway","category":"music","streamUrl":"https://lyd.nrk.no/icecast/mp3/high/bkaen3z6bl/p3musikk?1768728185","codec":"MP3","bitrate":192,"tags":"alternative"}},{"type":"Feature","geometry":{"type":"Point","coordinates":[4.9041,52.3676]},"properties":{"id":"27bc1246-af93-43ec-b315-f54986cd0ca5","name":"After Hours – Melodic House & DnB","country":"The Netherlands","countryCode":"NL","state":"","category":"music","streamUrl":"https://r.bgp.rodeo/listen/after_hours/radio.mp3","codec":"MP3","bitrate":320,"tags":"dance, deep house, dnb, drum and bass, electronic, melodic house, organic house, progressive house"}},{"type":"Feature","geometry":{"type":"Point","coordinates":[107.4415,-6.0436]},"properties":{"id":"81f64f21-cf21-4d4f-83cc-0374a9f6f98e","name":"Dark Symphony Radio","country":"Indonesia","countryCode":"ID","state":"Indonesia","category":"music","streamUrl":"https://streaming.live365.com/a02267","codec":"MP3","bitrate":192,"tags":"alternative, goth, hard rock, metal, symphony"}},{"type":"Feature","geometry":{"type":"Point","coordinates":[100.7305,14.1355]},"properties":{"id":"f221453e-e44d-4dbb-8409-298d65907aff","name":"KRB Radio 1","country":"Thailand","countryCode":"TH","state":"กรุงเทพมหานคร","category":"news","streamUrl":"https://radio1.ohmi-design.com/8086/;","codec":"MP3","bitrate":128,"tags":"blind radio, country music, news"}},{"type":"Feature","geometry":{"type":"Point","coordinates":[121.506,25.0462]},"properties":{"id":"efda8535-fef7-4524-824d-fdb63c5b8d19","name":"人人廣播電台","country":"Taiwan, Republic Of China","countryCode":"TW","state":"Taipei","category":"music","streamUrl":"https://n01.rcs.revma.com/fkdywbc59duvv","codec":"AAC","bitrate":128,"tags":"music"}},{"type":"Feature","geometry":{"type":"Point","coordinates":[-84.39892530441286,33.7763257345256]},"properties":{"id":"d8def757-2fbd-4fe9-9807-a47b8a91c63c","name":"WREK Atlanta 91.1","country":"The United States Of America","countryCode":"US","state":"Georgia","category":"music","streamUrl":"https://streaming.wrek.org/main/320kb.mp3","codec":"MP3","bitrate":320,"tags":"variety"}},{"type":"Feature","geometry":{"type":"Point","coordinates":[8.422206488070582,49.478164862539174]},"properties":{"id":"1bf7c66f-17fe-4435-97d2-cc5360e944d4","name":"RPR1. Ludwigshafen","country":"Germany","countryCode":"DE","state":"Rheinland-Pfalz","category":"traffic-transit","streamUrl":"https://stream.rpr1.de/ludwigshafen/mp3-128/radiobrowser","codec":"MP3","bitrate":128,"tags":"80er, 90er, news, pop, top40, traffic, weather"}},{"type":"Feature","geometry":{"type":"Point","coordinates":[28.5053,-26.1382]},"properties":{"id":"69554e68-f8f1-498b-b845-47c62484c0ae","name":"Metro FM","country":"South Africa","countryCode":"ZA","state":"South Africa","category":"music","streamUrl":"https://playerservices.streamtheworld.com/api/livestream-redirect/METROFMAAC.aac","codec":"AAC+","bitrate":48,"tags":""}},{"type":"Feature","geometry":{"type":"Point","coordinates":[-70.1387671711161,-20.231580679122946]},"properties":{"id":"c0206ab4-0bfd-401c-8248-62016ac010b0","name":"Raxies FM","country":"Chile","countryCode":"CL","state":"Tarapaca","category":"weather","streamUrl":"https://stream.zeno.fm/annpmyskb4jtv","codec":"AAC","bitrate":128,"tags":"edm, electro, house, local news, local weather, music, news, news talk, pop, pop music"}},{"type":"Feature","geometry":{"type":"Point","coordinates":[9.174608485887028,48.77214135100498]},"properties":{"id":"1a14e671-fa32-4958-b141-e120a167579e","name":"bigFM Berlin","country":"Germany","countryCode":"DE","state":"Baden-Württemberg","category":"weather","streamUrl":"https://stream.bigfm.de/berlin/mp3-128/radio-browser","codec":"MP3","bitrate":128,"tags":"charts, hiphop, hits, nachrichten, pop, top40, urban, verkehr, weather"}},{"type":"Feature","geometry":{"type":"Point","coordinates":[8.502613306045534,49.498059804853064]},"properties":{"id":"1382c2fb-0063-426c-bb64-98ed0d3548f3","name":"ET-Radio","country":"Germany","countryCode":"DE","state":"Baden-Württemberg","category":"traffic-transit","streamUrl":"https://stream.regenbogen2.de/etradio/mp3-128/radiobrowser","codec":"MP3","bitrate":128,"tags":"auto radio, classic rock, live music, news, pop rock, traffic, truckerhits, weather"}},{"type":"Feature","geometry":{"type":"Point","coordinates":[140.1498,35.415]},"properties":{"id":"3e112758-54c7-483b-8c1b-73b3e41aae1e","name":"Animenfo","country":"Japan","countryCode":"JP","state":"Japan","category":"music","streamUrl":"https://stream.zenolive.com/xwa8ckz7mzzuv.aac","codec":"MP3","bitrate":128,"tags":"pop"}},{"type":"Feature","geometry":{"type":"Point","coordinates":[139.377,36.1331]},"properties":{"id":"608b153d-8eb9-4564-a98f-76f075a6eda4","name":"NHK WORLD RADIO 13","country":"Japan","countryCode":"JP","state":"tokyo","category":"news","streamUrl":"https://master.nhkworld.jp/nhkworld-radio/playlist/sin/live.m3u8","codec":"AAC","bitrate":66,"tags":"international"}},{"type":"Feature","geometry":{"type":"Point","coordinates":[25.0518,60.5633]},"properties":{"id":"002859e6-fa1c-4ad8-8f4c-f204c42e36ae","name":"Rondo Classic Klasu Pro","country":"Finland","countryCode":"FI","state":"Finland","category":"music","streamUrl":"https://iradio.fi/klasupro.flac","codec":"FLAC","bitrate":128,"tags":"classical"}},{"type":"Feature","geometry":{"type":"Point","coordinates":[18.102425543302125,59.334310730035355]},"properties":{"id":"0826eaef-59e4-4761-b3e8-31670421a753","name":"SR P2","country":"Sweden","countryCode":"SE","state":"Stockholm","category":"music","streamUrl":"https://live1.sr.se/p2-flac","codec":"OGG","bitrate":128,"tags":"classical, jazz"}},{"type":"Feature","geometry":{"type":"Point","coordinates":[120.9872,23.8892]},"properties":{"id":"ef96e230-8de7-4bd0-8c33-061d690fa1c7","name":"連花廣播電台","country":"Taiwan, Republic Of China","countryCode":"TW","state":"Taiwan","category":"music","streamUrl":"https://n05.rcs.revma.com/vh0xgcc59duvv","codec":"AAC","bitrate":128,"tags":"music"}},{"type":"Feature","geometry":{"type":"Point","coordinates":[1.8409,48.6751]},"properties":{"id":"4f2a06cc-13a1-46e5-baba-ef60f9a650c1","name":"France Inter","country":"France","countryCode":"FR","state":"France","category":"music","streamUrl":"http://icecast.radiofrance.fr/franceinter-hifi.aac","codec":"AAC","bitrate":192,"tags":""}},{"type":"Feature","geometry":{"type":"Point","coordinates":[114.158935546875,22.2843312824866]},"properties":{"id":"6f1d1d19-40a5-4cd4-ad30-b3fd930c52de","name":"香港电台第三台","country":"Hong Kong","countryCode":"HK","state":"Hong Kong","category":"music","streamUrl":"https://rthkradio3-live.akamaized.net/hls/live/2040079/radio3/master.m3u8","codec":"AAC","bitrate":70,"tags":"international"}},{"type":"Feature","geometry":{"type":"Point","coordinates":[106.3924,-6.7166]},"properties":{"id":"3ac98fee-f280-4cb4-ad48-749879522383","name":"Metalcore","country":"Indonesia","countryCode":"ID","state":"Indonesia","category":"music","streamUrl":"https://metalcore.stream.laut.fm/metalcore","codec":"MP3","bitrate":128,"tags":"metal"}},{"type":"Feature","geometry":{"type":"Point","coordinates":[144.2497727423519,-23.44132033659474]},"properties":{"id":"e237dbb0-8814-4ed9-9139-105ead401e1b","name":"ABC 540kHz AM Longreach QLD Western Queensland Local Radio 20220701","country":"Australia","countryCode":"AU","state":"Longreach Queensland","category":"weather","streamUrl":"https://mediaserviceslive.akamaized.net/hls/live/2038331/locallongreach/masterhq.m3u8","codec":"AAC","bitrate":115,"tags":"community, contemporary, current affairs, local radio, news, sport, weather"}},{"type":"Feature","geometry":{"type":"Point","coordinates":[120.2094,22.9995]},"properties":{"id":"3412d496-ec03-4713-aa58-99ac82dcf79c","name":"領袖廣播","country":"Taiwan, Republic Of China","countryCode":"TW","state":"Tainan","category":"music","streamUrl":"https://n14.rcs.revma.com/hpeqh9mkc6hvv","codec":"AAC","bitrate":128,"tags":"full service"}},{"type":"Feature","geometry":{"type":"Point","coordinates":[120.5223,24.073]},"properties":{"id":"b33142fb-a715-4e7f-aa94-df72eeb5bbff","name":"彰化國聲廣播AM810","country":"Taiwan, Republic Of China","countryCode":"TW","state":"Changhua","category":"music","streamUrl":"http://test.taiwan-radio.tw:8000/CH.AM810","codec":"MP3","bitrate":128,"tags":"810 am"}},{"type":"Feature","geometry":{"type":"Point","coordinates":[103.5391,1.3929]},"properties":{"id":"02835fc1-4cc9-4fc4-b103-bd846fea2792","name":"Beam FM","country":"Singapore","countryCode":"SG","state":"Singapore","category":"music","streamUrl":"https://beamfm.streeemer.com/listen/beam_fm/radio.aac","codec":"AAC","bitrate":64,"tags":"hits, pop, top 40"}},{"type":"Feature","geometry":{"type":"Point","coordinates":[107.0065,-6.6187]},"properties":{"id":"168696d4-5983-4c01-8a9d-2313d95f8a53","name":"Prambors Bandung 98.4 FM","country":"Indonesia","countryCode":"ID","state":"Bandung","category":"music","streamUrl":"https://stream-pd-bdg.dimasalfaridzi.my.id/prambors","codec":"AAC","bitrate":64,"tags":"hits"}},{"type":"Feature","geometry":{"type":"Point","coordinates":[106.7159,-6.7967]},"properties":{"id":"c55bf329-a746-448e-bdf9-8554b83e4055","name":"Metallica","country":"Indonesia","countryCode":"ID","state":"Indonesia","category":"music","streamUrl":"https://stream.pcradio.app/Metallica-hi","codec":"AAC","bitrate":128,"tags":"metal"}},{"type":"Feature","geometry":{"type":"Point","coordinates":[121.15135881341727,22.755859927883822]},"properties":{"id":"21faf135-ace7-418b-a561-a43d8d162df3","name":"警察廣播電臺 - 臺東分臺 FM 94.3","country":"Taiwan, Republic Of China","countryCode":"TW","state":"Taitung","category":"public-safety","streamUrl":"https://stream.pbs.gov.tw/live/TTS/playlist.m3u8","codec":"AAC","bitrate":128,"tags":"emergency & public safety, government, local traffic & weather, news, traffic, weather"}},{"type":"Feature","geometry":{"type":"Point","coordinates":[121.5188,25.0309]},"properties":{"id":"f47e95d2-0bd5-4315-8d39-a9ba3e50248c","name":"飛碟聯播網 雲嘉民生展望","country":"Taiwan, Republic Of China","countryCode":"TW","state":"Taipei","category":"music","streamUrl":"http://cast.uforadio.com.tw:8000/yun-stream","codec":"AAC","bitrate":64,"tags":""}},{"type":"Feature","geometry":{"type":"Point","coordinates":[20.26045021054548,63.83565418579919]},"properties":{"id":"39a437bb-aa17-420b-a748-41b35312d1de","name":"P4 Västerbotten","country":"Sweden","countryCode":"SE","state":"","category":"music","streamUrl":"https://live1.sr.se/p4vbtn-mp3-96","codec":"MP3","bitrate":144,"tags":""}},{"type":"Feature","geometry":{"type":"Point","coordinates":[133.41796875000003,-26.50498882874339]},"properties":{"id":"36adafc9-18f9-40af-a3ad-e608e313786c","name":"Australia Forest Sounds - Dereel VIC (3h)","country":"Australia","countryCode":"AU","state":"Victoria","category":"music","streamUrl":"https://dn721903.ca.archive.org/0/items/australian-forest-sounds/08%20Calm%20creek%20flowing%2C%20frogs%20and%20birds%20_Dereel%20VIC.mp3","codec":"MP3","bitrate":128,"tags":"bird, forest, insects, rainforest, sounds of nature"}},{"type":"Feature","geometry":{"type":"Point","coordinates":[175.3147,-41.7425]},"properties":{"id":"6beed16e-b2db-4c47-befd-03788443a8e8","name":"ZFM Global","country":"New Zealand","countryCode":"NZ","state":"Auckland","category":"music","streamUrl":"http://nebula.shoutca.st:8545/stream/1/","codec":"MP3","bitrate":128,"tags":"contemporary, internet station, pop, top40"}},{"type":"Feature","geometry":{"type":"Point","coordinates":[143.85,-37.54]},"properties":{"id":"55ac0b76-2876-4ca2-a114-e473c3bd750e","name":"8-bit Remix Radio","country":"Australia","countryCode":"AU","state":"Victoria","category":"music","streamUrl":"https://terminal-dystopia.com/radio/stream.mp3","codec":"MP3","bitrate":192,"tags":"8bit, game, retro"}},{"type":"Feature","geometry":{"type":"Point","coordinates":[127.0092639408623,37.44695258642349]},"properties":{"id":"12d601b9-0c10-4f6d-8d85-e460b993c1a4","name":"KBS HappyFM","country":"The Republic Of Korea","countryCode":"KR","state":"Seoul","category":"music","streamUrl":"https://radio.bsod.kr/stream/?stn=kbs&ch=2radio&bora=true","codec":"UNKNOWN","bitrate":128,"tags":""}},{"type":"Feature","geometry":{"type":"Point","coordinates":[175.187,-41.7021]},"properties":{"id":"3082ddda-a057-40d9-86eb-f57fa2c76c1a","name":"RDU 98.5FM","country":"New Zealand","countryCode":"NZ","state":"New Zealand","category":"music","streamUrl":"http://rdu985fm-gecko.radioca.st:8247/stream","codec":"MP3","bitrate":128,"tags":""}},{"type":"Feature","geometry":{"type":"Point","coordinates":[110.5967854124287,-7.712647946026958]},"properties":{"id":"fcf8d89b-fdf5-4091-b9f6-be12e3d01cf1","name":"CANDISEWU FM KLATEN","country":"Indonesia","countryCode":"ID","state":"Klaten","category":"music","streamUrl":"https://i.klikhost.com:9614/stream","codec":"AAC+","bitrate":64,"tags":"pop"}},{"type":"Feature","geometry":{"type":"Point","coordinates":[8.422200605730007,49.478173460047365]},"properties":{"id":"98066fcc-5565-4f60-bc83-095bb9d3e2b2","name":"RPR1. Mainz","country":"Germany","countryCode":"DE","state":"Rheinland-Pfalz","category":"traffic-transit","streamUrl":"https://stream.rpr1.de/mainz/mp3-128/radiobrowser","codec":"MP3","bitrate":128,"tags":"80er, 90er, news, pop, top40, traffic, weather"}},{"type":"Feature","geometry":{"type":"Point","coordinates":[9.174608750084092,48.772143118728806]},"properties":{"id":"38ce7e04-0fcc-4318-be99-4e01403b1b69","name":"bigFM Baden-Württemberg","country":"Germany","countryCode":"DE","state":"Baden-Württemberg","category":"weather","streamUrl":"https://stream.bigfm.de/bw/mp3-128/radio-browser","codec":"MP3","bitrate":128,"tags":"charts, hip-hop, hits, nachrichten, pop, top 40, urban, verkehr, weather"}},{"type":"Feature","geometry":{"type":"Point","coordinates":[120.3033,22.6475]},"properties":{"id":"b774ba2b-2600-42db-9cfc-48a4f2762432","name":"高雄廣播電台AM1089","country":"Taiwan, Republic Of China","countryCode":"TW","state":"Kaohsiung","category":"music","streamUrl":"https://n05.rcs.revma.com/4r99rt1g1bkvv","codec":"AAC","bitrate":128,"tags":"full service"}},{"type":"Feature","geometry":{"type":"Point","coordinates":[121.62028404758524,23.9936076571303]},"properties":{"id":"7902974d-1b62-4bca-8ba7-d2469fbc27d4","name":"警察廣播電臺 - 花蓮分臺 FM 94.3","country":"Taiwan, Republic Of China","countryCode":"TW","state":"Hualien","category":"public-safety","streamUrl":"https://stream.pbs.gov.tw/live/HLS/playlist.m3u8","codec":"AAC","bitrate":128,"tags":"emergency & public safety, government, local traffic & weather, news, traffic, weather"}},{"type":"Feature","geometry":{"type":"Point","coordinates":[24.929351806640625,60.20216182256565]},"properties":{"id":"218b95bb-e82c-49d6-ad7c-c8fdac9f44a4","name":"Aito Iskelmä","country":"Finland","countryCode":"FI","state":"","category":"music","streamUrl":"https://aud-stream-aitoiskelma.nm-elemental.nelonenmedia.fi/playlist-256000.m3u8","codec":"UNKNOWN","bitrate":128,"tags":""}},{"type":"Feature","geometry":{"type":"Point","coordinates":[24.93209838867188,60.19670180903388]},"properties":{"id":"e4302975-fc5a-4cf6-9535-2b9a8d966f3b","name":"Easy Hits","country":"Finland","countryCode":"FI","state":"","category":"music","streamUrl":"https://aud-stream-easyhits.nm-elemental.nelonenmedia.fi/playlist-256000.m3u8","codec":"UNKNOWN","bitrate":128,"tags":""}},{"type":"Feature","geometry":{"type":"Point","coordinates":[-43.209089040756226,-22.91695913468397]},"properties":{"id":"a49ae0e2-978d-4a50-a43b-150693abb00f","name":"Planeta Reggae","country":"Brazil","countryCode":"BR","state":"RJ","category":"music","streamUrl":"https://stream3.svrdedicado.org:8302/stream","codec":"AAC+","bitrate":320,"tags":""}},{"type":"Feature","geometry":{"type":"Point","coordinates":[173.58398437500003,-41.40771586770284]},"properties":{"id":"5e3b25d8-5e08-488c-adb7-a83b5139ffc6","name":"RNZ National","country":"New Zealand","countryCode":"NZ","state":"","category":"music","streamUrl":"http://radionz-ice.streamguys.com/national.mp3","codec":"MP3","bitrate":64,"tags":""}},{"type":"Feature","geometry":{"type":"Point","coordinates":[120.9208,15.0195]},"properties":{"id":"763f9b88-5999-46cc-9c9b-4a9cc0046b36","name":"OPM Christmas","country":"The Philippines","countryCode":"PH","state":"Philippines","category":"music","streamUrl":"https://listen.streamaudio.co/proxy/kaibiganradio/opmxmas","codec":"AAC+","bitrate":64,"tags":"christmas, ethnic, pop"}},{"type":"Feature","geometry":{"type":"Point","coordinates":[-99.13315773010255,19.433857594870233]},"properties":{"id":"76200b90-939a-46ad-9b37-069f32ba4366","name":"RADIOACTIVO 98 1/2: Fuck Everyone Else!","country":"Mexico","countryCode":"MX","state":"Ciudad de México","category":"music","streamUrl":"http://stream.zeno.fm/0dede0adz4zuv","codec":"MP3","bitrate":128,"tags":"2000s, 90s, alternative rock, américa, cdmx, ciudad de méxico, clásicos en inglés, electronic, electronic music, entretenimiento"}},{"type":"Feature","geometry":{"type":"Point","coordinates":[1.8888,49.1438]},"properties":{"id":"95571576-f6d7-481e-8d34-5a956c613955","name":"Chérie FM 2000","country":"France","countryCode":"FR","state":"France","category":"music","streamUrl":"https://streaming.nrjaudio.fm/ouf2ebtx4thg","codec":"MP3","bitrate":128,"tags":"cherie fm, webradio"}},{"type":"Feature","geometry":{"type":"Point","coordinates":[10.744628906250002,59.83964047600903]},"properties":{"id":"d974196b-362d-4473-ad0a-a88c3193f4a2","name":"P4 – Lyden av Norge","country":"Norway","countryCode":"NO","state":"","category":"music","streamUrl":"https://p4.p4groupaudio.com/P04_MH","codec":"MP3","bitrate":192,"tags":""}},{"type":"Feature","geometry":{"type":"Point","coordinates":[13.009529113769531,55.602699351267646]},"properties":{"id":"613dbc09-c205-4285-bb0f-7e71a67015dd","name":"SR P4 Malmöhus","country":"Sweden","countryCode":"SE","state":"Skåne","category":"music","streamUrl":"https://live1.sr.se/p4malm-mp3-96","codec":"MP3","bitrate":152,"tags":""}},{"type":"Feature","geometry":{"type":"Point","coordinates":[15.272455215454103,56.267551369294225]},"properties":{"id":"a20f86e9-ec1b-425a-9ebe-831720249f74","name":"Sveriges Radio - P4 Blekinge","country":"Sweden","countryCode":"SE","state":"","category":"talk","streamUrl":"https://live1.sr.se/p4blek-mp3-96","codec":"MP3","bitrate":152,"tags":"local, music, talkshow"}},{"type":"Feature","geometry":{"type":"Point","coordinates":[-99.13212776184083,19.433533832191916]},"properties":{"id":"110ae9c2-a80a-45fe-93fc-c4662ad3ab27","name":"MIX EN VIVO: Rock y pop en vivo","country":"Mexico","countryCode":"MX","state":"Ciudad de México","category":"music","streamUrl":"https://playerservices.streamtheworld.com/api/livestream-redirect/ACIR09_s01AAC.aac","codec":"AAC+","bitrate":48,"tags":"80s, 80s live radio, 90s, acir, acir online, américa, cdmx, ciudad de méxico, classic rock, classic rock; alternative rock indie"}},{"type":"Feature","geometry":{"type":"Point","coordinates":[24.9365,60.2033]},"properties":{"id":"d1b6995d-3877-4f20-9f4d-4dea4eb6eadf","name":"HYPR demoscene radio","country":"Finland","countryCode":"FI","state":"","category":"music","streamUrl":"https://hypr.website/hypr.mp3","codec":"MP3","bitrate":128,"tags":"demos, demoscene"}},{"type":"Feature","geometry":{"type":"Point","coordinates":[114.1628,21.9367]},"properties":{"id":"f9f38dfb-7ed2-4f41-a440-d22baa2d5ebf","name":"双溪法会","country":"Hong Kong","countryCode":"HK","state":"Hong Kong","category":"music","streamUrl":"https://v.hwadzan.info/liveedge/_definst_/smil:sx.smil/playlist.m3u8","codec":"UNKNOWN","bitrate":928,"tags":""}},{"type":"Feature","geometry":{"type":"Point","coordinates":[10.5721,60.278]},"properties":{"id":"b6a89a4f-7624-4497-8d36-76f747dd0fa4","name":"Radio Rock Norway AAC","country":"Norway","countryCode":"NO","state":"Norway","category":"music","streamUrl":"https://live-bauerno.sharp-stream.com/radiorock_no_aac","codec":"AAC+","bitrate":63,"tags":"hard rock, metal, rock"}},{"type":"Feature","geometry":{"type":"Point","coordinates":[126.89204692840578,37.58058062874458]},"properties":{"id":"9d4d4eef-d7e3-4a96-bc8f-550d9b6962e4","name":"(BSOD) MBC mini All-That-Music","country":"The Republic Of Korea","countryCode":"KR","state":"Seoul","category":"music","streamUrl":"https://radio.bsod.kr/stream/?stn=mbc&ch=chm","codec":"AAC","bitrate":67,"tags":"k-pop"}},{"type":"Feature","geometry":{"type":"Point","coordinates":[100.64289271831514,14.800647785965667]},"properties":{"id":"a996e9f4-b01e-4881-8fc7-7e034c8ae996","name":"สถานีวิทยุจังหวัดทหารบกลพบุรี AM 1197 KHz. Stereo","country":"Thailand","countryCode":"TH","state":"Lop buri","category":"news","streamUrl":"https://mdr13.ddns.net/radio/am1197","codec":"AAC","bitrate":128,"tags":"country, local radio, news"}},{"type":"Feature","geometry":{"type":"Point","coordinates":[-100.31461715698244,25.683540067610764]},"properties":{"id":"22c42a2c-4e16-4fc1-b8d4-d827045d6602","name":"CAFÉ ROMÁNTICO RADIO (MTY) - Online - www.caferomanticoradio.com - Grupo Digital Retroland - Monterrey, Nuevo León","country":"Mexico","countryCode":"MX","state":"Monterrey, Nuevo León","category":"music","streamUrl":"https://panel.retrolandigital.com/radio/8110/listen","codec":"AAC","bitrate":96,"tags":"60s, 70s, 80s en español, 90s, café romántico radio, clásicos, clásicos en español, entretenimiento, español, estación"}},{"type":"Feature","geometry":{"type":"Point","coordinates":[-73.98510664701463,40.74843457810334]},"properties":{"id":"9fe7df17-363b-4ad9-8e58-1ac8df6b8870","name":"NOAA Weather Radio KWO35 - NYC / Northern NJ","country":"The United States Of America","countryCode":"US","state":"New York","category":"weather","streamUrl":"https://wxradio.org/NY-NewYorkCity-KWO35","codec":"MP3","bitrate":32,"tags":"noaa weather radio, weather"}},{"type":"Feature","geometry":{"type":"Point","coordinates":[121.4921,25.0605]},"properties":{"id":"0366eb84-7206-47ab-94d1-53b70e578064","name":"中廣鄉親網","country":"Taiwan, Republic Of China","countryCode":"TW","state":"Taipei","category":"talk","streamUrl":"https://n03.rcs.revma.com/p2e3rfg3qtzuv","codec":"AAC","bitrate":128,"tags":"culture"}},{"type":"Feature","geometry":{"type":"Point","coordinates":[10.586,59.8823]},"properties":{"id":"1bfde494-b055-4361-9426-2626f2b5f0ea","name":"Rock Radio Norway","country":"Norway","countryCode":"NO","state":"Norway","category":"music","streamUrl":"https://live-bauerno.sharp-stream.com/radiorock_no_mp3","codec":"MP3","bitrate":128,"tags":"hard rock, meta, rock"}},{"type":"Feature","geometry":{"type":"Point","coordinates":[25.4645,59.9156]},"properties":{"id":"0b9f0bf8-9bd0-4a89-988b-9dd2168ceef8","name":"Radio Suomipop","country":"Finland","countryCode":"FI","state":"Finland","category":"music","streamUrl":"https://aud-stream-suomipop.nm-elemental.nelonenmedia.fi/playlist.m3u8?rp_source=1","codec":"AAC","bitrate":262,"tags":""}},{"type":"Feature","geometry":{"type":"Point","coordinates":[121.2524,14.4594]},"properties":{"id":"a27b8341-5b0f-4b8c-a061-e37b083c3236","name":"Wild FM Davao","country":"The Philippines","countryCode":"PH","state":"Philippines","category":"music","streamUrl":"http://148.72.153.65:9244/stream","codec":"AAC+","bitrate":64,"tags":""}},{"type":"Feature","geometry":{"type":"Point","coordinates":[12.59239196777344,47.963927839200856]},"properties":{"id":"86ff95f3-312a-4028-91c2-82b1e23cd604","name":"Klar FM","country":"Germany","countryCode":"DE","state":"Bavaria","category":"weather","streamUrl":"https://klarfm.stream.laut.fm/klarfm?t302=2026-09-15_18-10-13&uuid=0162ae84-2264-87ea-7e7d-0d7ae6fc83e9","codec":"MP3","bitrate":128,"tags":"dance, news, pop, rap, rock, throwbacks, top40, weather"}},{"type":"Feature","geometry":{"type":"Point","coordinates":[9.174603804225448,48.772157260517275]},"properties":{"id":"b8127292-018f-4a3a-a570-1ecee5d4753c","name":"bigFM Rheinland-Pfalz","country":"Germany","countryCode":"DE","state":"Baden-Württemberg","category":"weather","streamUrl":"https://stream.bigfm.de/rlp/mp3-128/radio-browser","codec":"MP3","bitrate":128,"tags":"charts, hip-hop, hits, nachrichten, pop, top40, urban, verkehr, weather"}},{"type":"Feature","geometry":{"type":"Point","coordinates":[139.7627,35.3993]},"properties":{"id":"a9034ee4-f44a-4d55-b2bc-18b854434fa7","name":"RadiCro (レディクロ)","country":"Japan","countryCode":"JP","state":"Kobe","category":"music","streamUrl":"https://radicrojapan.out.airtime.pro/radicrojapan_a","codec":"MP3","bitrate":192,"tags":""}},{"type":"Feature","geometry":{"type":"Point","coordinates":[120.8591,14.8407]},"properties":{"id":"3e293cd1-7490-41e1-9b9d-2679dcff5a08","name":"102.7 Star FM Manila - DWSM","country":"The Philippines","countryCode":"PH","state":"Metro Manila","category":"news","streamUrl":"https://stream-288.surfernetwork.com/g1pmt17nz9duv?zt=eyJhbGciOiJIUzI1NiJ9.eyJzdHJlYW0iOiJnMXBtdDE3bno5ZHV2IiwiaG9zdCI6InN0cmVhbS0yODguc3VyZmVybmV0d29yay5jb20iLCJydHRsIjo1LCJqdGkiOiJMaXZRVVVnMVJBNllJVm1CMzZweXlRIiwiaWF0IjoxNzgxNjc4NzM0LCJleHAiOjE3ODE2Nzg3OTR9.5G1wZmONFqXySurSj1Oj6_UtSmcJMwlc6JJy2oL7fX8","codec":"AAC","bitrate":128,"tags":"music, news, talk, variety"}},{"type":"Feature","geometry":{"type":"Point","coordinates":[120.5095,15.0613]},"properties":{"id":"592e0ef8-dbf8-40ca-8b3e-c3dce3fde4db","name":"81.7 Happy Pikz FM | Ang Radio ng Masa","country":"The Philippines","countryCode":"PH","state":"Philippines","category":"music","streamUrl":"http://s3.voscast.com:11272/stream/1/","codec":"MP3","bitrate":64,"tags":""}},{"type":"Feature","geometry":{"type":"Point","coordinates":[120.8021,15.1056]},"properties":{"id":"e1844997-7eab-4371-abb6-c03b1d04ee83","name":"105.9 True FM","country":"The Philippines","countryCode":"PH","state":"Philippines","category":"music","streamUrl":"https://radio.tv5.com.ph/truefm/audio.stream/playlist.m3u8","codec":"AAC","bitrate":64,"tags":""}},{"type":"Feature","geometry":{"type":"Point","coordinates":[24.754,59.437]},"properties":{"id":"4b889ec9-03bd-4926-9daf-492883756e55","name":"Global Export FM","country":"Estonia","countryCode":"EE","state":"Harju maakond","category":"weather","streamUrl":"https://radio.globalexport.ee/stream.mp3","codec":"MP3","bitrate":128,"tags":"estonian news, news, talk, tallinn, weather"}},{"type":"Feature","geometry":{"type":"Point","coordinates":[120.8272,23.8227]},"properties":{"id":"6f7d97ab-58e3-4a9d-83ab-b97d807667b2","name":"Abdulbasit Abdulsamad","country":"Taiwan, Republic Of China","countryCode":"TW","state":"Taiwan","category":"music","streamUrl":"https://radio.mp3islam.com/listen/abdulbasit/radio.mp3","codec":"AAC","bitrate":64,"tags":""}},{"type":"Feature","geometry":{"type":"Point","coordinates":[121.7481717873661,24.75442480721671]},"properties":{"id":"80f2fde9-58c1-4a37-a2d7-493b454c316f","name":"警察廣播電臺 - 宜蘭分臺 FM 101.3","country":"Taiwan, Republic Of China","countryCode":"TW","state":"Yilan","category":"public-safety","streamUrl":"https://stream.pbs.gov.tw/live/ELS/playlist.m3u8","codec":"AAC","bitrate":128,"tags":"emergency & public safety, government, local traffic & weather, news, traffic, weather"}},{"type":"Feature","geometry":{"type":"Point","coordinates":[38.1612,57.3593]},"properties":{"id":"d5050fe0-d38d-41de-92df-5f86149cea24","name":"Милицейская Волна Тула 103.3 FM","country":"The Russian Federation","countryCode":"RU","state":"Russia","category":"public-safety","streamUrl":"http://87.244.47.90:8000/MV","codec":"MP3","bitrate":128,"tags":"music, police wave, pop, region 71, tula"}},{"type":"Feature","geometry":{"type":"Point","coordinates":[121.0169,24.4899]},"properties":{"id":"fd96cf88-9100-44b9-b7e1-ad7e6d938eaa","name":"神農廣播電台","country":"Taiwan, Republic Of China","countryCode":"TW","state":"Taiwan","category":"talk","streamUrl":"https://n03.rcs.revma.com/uyaghqmdm3hvv","codec":"AAC","bitrate":128,"tags":"agriculture"}},{"type":"Feature","geometry":{"type":"Point","coordinates":[175.0731,-41.8475]},"properties":{"id":"91828462-6d40-4ca4-b71a-a0d3246e65a3","name":"Radio Hauraki","country":"New Zealand","countryCode":"NZ","state":"New Zealand","category":"music","streamUrl":"https://playerservices.streamtheworld.com/api/livestream-redirect/NZME_04AAC_SC","codec":"AAC+","bitrate":64,"tags":""}},{"type":"Feature","geometry":{"type":"Point","coordinates":[27.5651,-26.2558]},"properties":{"id":"7256b281-613a-4282-a541-560bc3a0bab7","name":"Jacaranda FM","country":"South Africa","countryCode":"ZA","state":"South Africa","category":"music","streamUrl":"https://live.jacarandafm.com/jacarandahigh.mp3","codec":"MP3","bitrate":128,"tags":""}},{"type":"Feature","geometry":{"type":"Point","coordinates":[-58.381377635473335,-34.60900925088872]},"properties":{"id":"f7e0fcd1-1f1f-4277-936a-f511d536a56c","name":"AM750","country":"Argentina","countryCode":"AR","state":"","category":"music","streamUrl":"https://playerservices.streamtheworld.com/api/livestream-redirect/AM750.mp3","codec":"MP3","bitrate":96,"tags":""}},{"type":"Feature","geometry":{"type":"Point","coordinates":[-57.93090820312501,-34.922871822131604]},"properties":{"id":"4f263020-1bb4-413a-a67f-ab79e4fc904c","name":"Radio Cool FM 103.7","country":"Argentina","countryCode":"AR","state":"La Plata, Buenos Aires","category":"music","streamUrl":"https://radios.solumedia.com:10805/stream/1/","codec":"AAC+","bitrate":192,"tags":"pop, rock"}},{"type":"Feature","geometry":{"type":"Point","coordinates":[-122.52092599868776,47.624831150449175]},"properties":{"id":"16e2ffc0-ab42-4007-906a-7514607a4cc6","name":"NOAA Weather Radio KHB60 Seattle","country":"The United States Of America","countryCode":"US","state":"Washington","category":"weather","streamUrl":"https://wxradio.bobc.io/stream/KHB60","codec":"MP3","bitrate":32,"tags":"weather radio"}},{"type":"Feature","geometry":{"type":"Point","coordinates":[37.6306,57.3753]},"properties":{"id":"b3fc452e-d7d3-485a-90be-df17f4c5785f","name":"Радио России Санкт-Петербург 66.3 УКВ","country":"The Russian Federation","countryCode":"RU","state":"Russia","category":"weather","streamUrl":"https://radio.rtr.spb.ru/live1","codec":"MP3","bitrate":64,"tags":"local news, spb, talk, weather"}},{"type":"Feature","geometry":{"type":"Point","coordinates":[-76.364,39.1945]},"properties":{"id":"b1b32303-f702-44d3-9a22-3a8d3c5079c0","name":"NOAA Weather Radio KEC74 Indianapolis, IN","country":"The United States Of America","countryCode":"US","state":"Indianapolis IN","category":"weather","streamUrl":"http://wxradio.org:8000/IN-Indianapolis-KEC74","codec":"MP3","bitrate":32,"tags":"weather"}},{"type":"Feature","geometry":{"type":"Point","coordinates":[144.96653079986575,-37.8239761875819]},"properties":{"id":"7f058c26-9b7d-4bba-ace3-bad95ad80f30","name":"774 ABC Melbourne","country":"Australia","countryCode":"AU","state":"Victoria","category":"news","streamUrl":"https://streaming.abc-cdn.net.au/audio/hls/localmelbourne.m3u8?source=web","codec":"AAC","bitrate":115,"tags":"local, local information, local news, local radio, news, news talk, public radio, talk"}},{"type":"Feature","geometry":{"type":"Point","coordinates":[105.6079,20.8247]},"properties":{"id":"24a224d7-d3f1-45fd-9633-9e9f3da1eec1","name":"VOV GT (FM91) HCMC","country":"Vietnam","countryCode":"VN","state":"Vietnam","category":"traffic-transit","streamUrl":"https://play.vovgiaothong.vn/live/gthcm/playlist.m3u8","codec":"UNKNOWN","bitrate":255,"tags":"news, sports, traffic"}},{"type":"Feature","geometry":{"type":"Point","coordinates":[2.4305632522310683,48.866364703220526]},"properties":{"id":"51b628f9-7b2a-4ab7-86e3-98f897ec8920","name":"Météo Terrasse Fab","country":"France","countryCode":"FR","state":"Île-de-France","category":"weather","streamUrl":"https://fqboy.com/labo/weather/rss/audio/meteo.mp3","codec":"MP3","bitrate":128,"tags":"local weather"}},{"type":"Feature","geometry":{"type":"Point","coordinates":[121.4961,25.0267]},"properties":{"id":"01985105-c28b-499e-988d-7eed6643141f","name":"天南AM999","country":"Taiwan, Republic Of China","countryCode":"TW","state":"Taipei","category":"music","streamUrl":"http://43.254.16.40:8000/TP.AM999","codec":"MP3","bitrate":128,"tags":"full service"}},{"type":"Feature","geometry":{"type":"Point","coordinates":[120.6883,24.1613]},"properties":{"id":"618b9635-9269-4830-931a-2787edf1ff00","name":"山海屯青少年之聲","country":"Taiwan, Republic Of China","countryCode":"TW","state":"Taichung","category":"music","streamUrl":"https://n02.rcs.revma.com/zr7xzec59duvv","codec":"AAC","bitrate":128,"tags":"music"}},{"type":"Feature","geometry":{"type":"Point","coordinates":[115.87334454059602,-31.951543210673822]},"properties":{"id":"82c590d5-f2ad-4b74-85fa-8194f74da278","name":"102.5 ABC Perth","country":"Australia","countryCode":"AU","state":"Western Australia","category":"news","streamUrl":"https://streaming.abc-cdn.net.au/audio/hls/localperth.m3u8?source=web","codec":"AAC","bitrate":115,"tags":"local, local information, local news, local radio, local talk, news, news talk, public radio, talk"}},{"type":"Feature","geometry":{"type":"Point","coordinates":[28.4319,-26.1635]},"properties":{"id":"a30362c3-7e3d-45fa-a895-06594a248780","name":"Mzansi FM","country":"South Africa","countryCode":"ZA","state":"Gauteng","category":"music","streamUrl":"https://a7.asurahosting.com/listen/mzansi_fm/radio.mp3","codec":"MP3","bitrate":192,"tags":""}},{"type":"Feature","geometry":{"type":"Point","coordinates":[27.5431,-26.3691]},"properties":{"id":"5fecda18-bea6-4ece-af7b-df83518ea016","name":"LM Radio","country":"South Africa","countryCode":"ZA","state":"South Africa","category":"music","streamUrl":"https://ukwesta.streaming.broadcast.radio/lmradio","codec":"MP3","bitrate":128,"tags":""}},{"type":"Feature","geometry":{"type":"Point","coordinates":[100.4033,13.5426]},"properties":{"id":"6055a809-eba6-437f-8225-e2ae83ecc848","name":"Chula Radio Plus","country":"Thailand","countryCode":"TH","state":"Thailand","category":"music","streamUrl":"https://media.curadio.chula.ac.th/live/liveradio128/playlist.m3u8","codec":"AAC","bitrate":914,"tags":""}},{"type":"Feature","geometry":{"type":"Point","coordinates":[-116.60262107849124,31.867318927546876]},"properties":{"id":"543a9fde-1463-46dc-8643-c93998b6ad77","name":"LA LUPE 94.7 (Ensenada) - 94.7 FM - XHPENS-FM - Multimedios Radio - Ensenada, Baja California","country":"Mexico","countryCode":"MX","state":"Ensenada, Baja California","category":"music","streamUrl":"https://mdstrm.com/audio/672ce72c8997d8ee6a17c240/icecast.audio","codec":"AAC","bitrate":93,"tags":"94.7 fm, américa, baja california, clásicos, clásicos en español, ensenada, entretenimiento, español, estación, fm"}},{"type":"Feature","geometry":{"type":"Point","coordinates":[-116.60210609436037,31.86761050181941]},"properties":{"id":"9baa6752-134e-4114-88d2-6a2fcc7d9318","name":"LA CALIENTE 92.1 (Ensenada) - 92.1 FM - XHHC-FM - Multimedios Radio - Ensenada, Baja California","country":"Mexico","countryCode":"MX","state":"Ensenada, Baja California","category":"music","streamUrl":"https://mdstrm.com/audio/672cf749673e8a2bb4c6d5d2/icecast.audio","codec":"AAC","bitrate":93,"tags":"92.1 fm, américa, baja california, banda, banda sinaloense, ensenada, entretenimiento, español, estación, fm"}},{"type":"Feature","geometry":{"type":"Point","coordinates":[-57.8324,-35.1579]},"properties":{"id":"c19cd533-e996-4f4d-8f34-88bcee525388","name":"FM Centro Basavilbaso 105.1","country":"Argentina","countryCode":"AR","state":"Argentina","category":"music","streamUrl":"https://streamconex.com:8030/stream","codec":"MP3","bitrate":112,"tags":"entretenimiento, music, noticias"}},{"type":"Feature","geometry":{"type":"Point","coordinates":[113.26904296875,23.059516273509317]},"properties":{"id":"78bd1286-5ac2-4d98-adec-8740866b55ff","name":"广州经济交通广播电台","country":"China","countryCode":"CN","state":"Kwangtung","category":"traffic-transit","streamUrl":"http://lhttp.qingting.fm/live/4955/64k.mp3","codec":"MP3","bitrate":128,"tags":"economics, news, traffic"}},{"type":"Feature","geometry":{"type":"Point","coordinates":[121.5196,25.0368]},"properties":{"id":"0da47c66-54a0-4084-9109-2f2558a2f524","name":"中廣 I GO","country":"Taiwan, Republic Of China","countryCode":"TW","state":"Taipei","category":"talk","streamUrl":"https://n03.rcs.revma.com/1qxn2vg3qtzuv","codec":"AAC","bitrate":128,"tags":"culture"}},{"type":"Feature","geometry":{"type":"Point","coordinates":[139.6857,35.273]},"properties":{"id":"9a6855fe-1c7f-422b-a4bc-f15af3b347ff","name":"NHK World Radio (Korean)","country":"Japan","countryCode":"JP","state":"tokyo","category":"news","streamUrl":"https://master.nhkworld.jp/nhkworld-radio/playlist/rs1/live.m3u8","codec":"AAC","bitrate":66,"tags":"education, general, international news, world news"}},{"type":"Feature","geometry":{"type":"Point","coordinates":[139.9235,35.3782]},"properties":{"id":"ad5f4036-0f69-4327-ab2a-b481eea0edcd","name":"stereoanime","country":"Japan","countryCode":"JP","state":"Japan","category":"music","streamUrl":"https://radio.stereoanime.com/listen/stereoanime/128","codec":"MP3","bitrate":128,"tags":""}},{"type":"Feature","geometry":{"type":"Point","coordinates":[151.20164752006534,-33.88218241163919]},"properties":{"id":"20a4b05b-aca0-43f9-82ca-32787f0efd8a","name":"ABC NewsRadio","country":"Australia","countryCode":"AU","state":"New South Wales","category":"weather","streamUrl":"https://streaming.abc-cdn.net.au/audio/hls/newsradio.m3u8?source=web","codec":"AAC","bitrate":115,"tags":"national news, national radio, news, public radio, sports news, weather"}},{"type":"Feature","geometry":{"type":"Point","coordinates":[-58.2625,-34.2502]},"properties":{"id":"367cb342-9e0d-4351-862d-7f16a7b0494f","name":"LOVE FM: Clásicos pop en español de los 80s a hoy","country":"Argentina","countryCode":"AR","state":"Argentina","category":"music","streamUrl":"https://mdstrm.com/audio/66a01759c5aa2b85d66b5933/live.m3u8","codec":"AAC","bitrate":98,"tags":""}},{"type":"Feature","geometry":{"type":"Point","coordinates":[120.5768,23.8207]},"properties":{"id":"4a839a92-5f01-4d55-8289-6e84acf05ab5","name":"快樂聯播網","country":"Taiwan, Republic Of China","countryCode":"TW","state":"Taiwan","category":"music","streamUrl":"https://happyradio.com.tw/live","codec":"MP3","bitrate":128,"tags":""}},{"type":"Feature","geometry":{"type":"Point","coordinates":[120.2241,23.011]},"properties":{"id":"dcb727d7-6f9c-4f7c-a290-10fb71ef2c57","name":"曾文溪廣播電台","country":"Taiwan, Republic Of China","countryCode":"TW","state":"Tainan","category":"talk","streamUrl":"https://n09.rcs.revma.com/9ssfduqkr0hvv","codec":"AAC","bitrate":128,"tags":"culture"}},{"type":"Feature","geometry":{"type":"Point","coordinates":[121.5242,25.0186]},"properties":{"id":"c0a70289-7d36-41cc-8371-0c3b3e637d58","name":"華聲1台 AM1152","country":"Taiwan, Republic Of China","countryCode":"TW","state":"Taipei","category":"music","streamUrl":"http://43.254.16.40:8000/TP.AM1152","codec":"MP3","bitrate":128,"tags":"full service"}},{"type":"Feature","geometry":{"type":"Point","coordinates":[23.779907226562504,61.47498892224315]},"properties":{"id":"3ca1561c-75eb-4afd-b297-81162c88ddb3","name":"Radio Nova","country":"Finland","countryCode":"FI","state":"","category":"music","streamUrl":"http://live-bauerfi.sharp-stream.com/fi_radionova_64.aac?direct=true&aw_0_1st.playerid=BMUK_inpage_html5&aw_0_1st.skey=1784119314&aw_0_1st.bauer_loggedin=true","codec":"AAC","bitrate":68,"tags":""}},{"type":"Feature","geometry":{"type":"Point","coordinates":[-21.7253,63.6417]},"properties":{"id":"6c775ddd-84cb-40ae-bee2-18547849f200","name":"RÚV Rás 2","country":"Iceland","countryCode":"IS","state":"Iceland","category":"news","streamUrl":"http://netradio.ruv.is/ras2.mp3","codec":"MP3","bitrate":128,"tags":"culture, news"}},{"type":"Feature","geometry":{"type":"Point","coordinates":[174.8842,-41.3699]},"properties":{"id":"6bccda6d-4c9f-4501-a3bf-0f01699282d8","name":"RAG-FM 107.7FM","country":"New Zealand","countryCode":"NZ","state":"Raglan Hamilton","category":"music","streamUrl":"https://cast6.asurahosting.com/proxy/ragfmcom/stream","codec":"AAC+","bitrate":64,"tags":"kiwi, oldies"}},{"type":"Feature","geometry":{"type":"Point","coordinates":[10.984,59.5781]},"properties":{"id":"49aedf08-6425-4491-a96c-f598e29aaf00","name":"CLIAMP Lofi Hip Hop Radio","country":"Norway","countryCode":"NO","state":"Norway","category":"music","streamUrl":"https://radio.cliamp.stream/lofi/stream","codec":"MP3","bitrate":128,"tags":"lofi, lofi hip hop"}},{"type":"Feature","geometry":{"type":"Point","coordinates":[174.9586,-40.98]},"properties":{"id":"8fcf0980-e6e2-4ab6-a815-0a655274e63f","name":"New Zealand Net Radio","country":"New Zealand","countryCode":"NZ","state":"New Zealand","category":"music","streamUrl":"https://radio.nznetradio.net.nz/stream3","codec":"AAC+","bitrate":128,"tags":""}},{"type":"Feature","geometry":{"type":"Point","coordinates":[-122.52092599868776,47.62480222670057]},"properties":{"id":"1d1a3b16-4ed9-4a01-a62a-1d5bfc5db022","name":"NOAA Weather Radio WWG24 Puget Sound Marine","country":"The United States Of America","countryCode":"US","state":"Washington","category":"aviation-marine","streamUrl":"https://wxradio.bobc.io/stream/WWG24","codec":"MP3","bitrate":32,"tags":"weather radio"}},{"type":"Feature","geometry":{"type":"Point","coordinates":[120.42,23.6928]},"properties":{"id":"612836ac-3609-428d-a047-982783e61eff","name":"華聲2台 AM1224","country":"Taiwan, Republic Of China","countryCode":"TW","state":"Taiwan","category":"music","streamUrl":"http://43.254.16.40:8000/TP.AM1224","codec":"MP3","bitrate":128,"tags":"full service"}},{"type":"Feature","geometry":{"type":"Point","coordinates":[121.7334,25.109]},"properties":{"id":"4b90b111-2095-4318-a965-0877b6758139","name":"基隆輕鬆電台 Chillax Radio","country":"Taiwan, Republic Of China","countryCode":"TW","state":"Keelung","category":"music","streamUrl":"https://n03.rcs.revma.com/k41z6wadu5hvv","codec":"MP3","bitrate":128,"tags":"entertainment"}},{"type":"Feature","geometry":{"type":"Point","coordinates":[120.6133,24.6421]},"properties":{"id":"3e33f0e6-0eed-4cc5-8760-40d51b96f66e","name":"栗子的輕音樂","country":"Taiwan, Republic Of China","countryCode":"TW","state":"Taiwan","category":"music","streamUrl":"https://lizeradio.com/radio/stream","codec":"MP3","bitrate":128,"tags":""}},{"type":"Feature","geometry":{"type":"Point","coordinates":[24.6102,60.2909]},"properties":{"id":"f7001430-7f36-4562-93b8-31b7f070a327","name":"FugeFM","country":"Finland","countryCode":"FI","state":"Finland","category":"music","streamUrl":"https://streaming.broadcast.radio/fugefm","codec":"MP3","bitrate":128,"tags":""}},{"type":"Feature","geometry":{"type":"Point","coordinates":[147.0671081542969,-38.11370608198908]},"properties":{"id":"fdadaa92-e436-4b33-8f5e-c42b1af1edef","name":"ABC Gippsland","country":"Australia","countryCode":"AU","state":"","category":"music","streamUrl":"https://abc.streamguys1.com/live/localgippsland/icecast.audio","codec":"AAC+","bitrate":56,"tags":""}},{"type":"Feature","geometry":{"type":"Point","coordinates":[100.1632,14.2602]},"properties":{"id":"05278cac-a329-4959-996c-301541134fff","name":"FM 92.5 radio Thailand","country":"Thailand","countryCode":"TH","state":"Bangkok","category":"music","streamUrl":"https://cdn-th2.login.in.th/shoutcast/8425","codec":"MP3","bitrate":128,"tags":""}},{"type":"Feature","geometry":{"type":"Point","coordinates":[-21.4129,64.2447]},"properties":{"id":"4e570d5e-8501-4b55-9030-085e7ee904dc","name":"Retro","country":"Iceland","countryCode":"IS","state":"Iceland","category":"music","streamUrl":"https://ice-11.spilarinn.is/retromobile","codec":"MP3","bitrate":170,"tags":"80s, 90s, oldies, pop"}},{"type":"Feature","geometry":{"type":"Point","coordinates":[127.2268,37.7389]},"properties":{"id":"b5885ea7-009a-4e46-8b44-3da1d7860ab8","name":"(BSOD) KBS Classic FM","country":"The Republic Of Korea","countryCode":"KR","state":"Seoul","category":"music","streamUrl":"https://radio.bsod.kr/stream/?stn=kbs&ch=1fm","codec":"UNKNOWN","bitrate":128,"tags":""}},{"type":"Feature","geometry":{"type":"Point","coordinates":[100.3689,14.2327]},"properties":{"id":"14431bb0-b877-4c78-a0d4-e28f8777379c","name":"GMM25: digital TV channel 25","country":"Thailand","countryCode":"TH","state":"Bangkok","category":"music","streamUrl":"https://fastly.live.brightcove.com/6392745120112/ap-southeast-1/6415628290001/eyJhbGciOiJIUzI1NiIsInR5cCI6IkpXVCJ9.eyJob3N0IjoicWN6dGF6LmVncmVzcy5wcHRpOHciLCJhY2NvdW50X2lkIjoiNjQxNTYyODI5MDAwMSIsImVobiI6ImZhc3RseS5saXZlLmJyaWdodGNvdmUuY29tIiwiaXNzIjoiYmxpdmUtcGxheWJhY2stc291cmNlLWFwaSIsInN1YiI6InBhdGhtYXB0b2tlbiIsImF1ZCI6WyI2NDE1NjI4MjkwMDAxIl0sImp0aSI6IjYzOTI3NDUxMjAxMTIifQ.w9Q_oqsE_WFClGF5tLVDtHnz5zfHHgNpumxVYNx4yYw/playlist-hls.m3u8","codec":"AAC","bitrate":800,"tags":""}},{"type":"Feature","geometry":{"type":"Point","coordinates":[-60.6834013886132,-32.921554041687685]},"properties":{"id":"5d3d2496-93f7-4c52-a176-b1cbd6b7e9ff","name":"GX Radio","country":"Argentina","countryCode":"AR","state":"Rosario","category":"music","streamUrl":"https://streaming01.radiosenlinea.com.ar:10961/;","codec":"AAC+","bitrate":128,"tags":"00s, 1980's, 1980s hits, 1990s, 2000s, 2000s dance, 2000s hits, 2000s rock, 80s rock, 80s soft rock"}},{"type":"Feature","geometry":{"type":"Point","coordinates":[105.95,21.0862]},"properties":{"id":"eef7b639-1110-4d5c-af4f-df14162d4aef","name":"VOV GTHN (HD + for copyrighted contents)","country":"Vietnam","countryCode":"VN","state":"Hanoi","category":"traffic-transit","streamUrl":"https://tfx70gr4nhct1gwzdrcttfa5urmmbqi1g153ppt3zgmusp75nh7uq.100ycdn.com/audio-lss.vov.vn/live/giao_thong_ha_noi.m3u8","codec":"UNKNOWN","bitrate":72,"tags":"music, sports, traffic news"}},{"type":"Feature","geometry":{"type":"Point","coordinates":[120.5418,24.0806]},"properties":{"id":"7050883b-6050-4581-a691-369bd097f2b8","name":"彰化靉友廣播電台 FM97.3","country":"Taiwan, Republic Of China","countryCode":"TW","state":"Changhua","category":"music","streamUrl":"http://43.254.16.40:8000/CH.FM97.3","codec":"MP3","bitrate":128,"tags":"music"}},{"type":"Feature","geometry":{"type":"Point","coordinates":[120.2354,22.9748]},"properties":{"id":"f4813a7c-cff3-4f60-b169-7fa06f52d950","name":"古都電台","country":"Taiwan, Republic Of China","countryCode":"TW","state":"Tainan","category":"talk","streamUrl":"https://n03.rcs.revma.com/8bpxy9a122hvv","codec":"AAC","bitrate":128,"tags":"culture"}},{"type":"Feature","geometry":{"type":"Point","coordinates":[140.2054,35.5567]},"properties":{"id":"3b1b2706-069d-44a9-a1a7-34e8699ab5a8","name":"NHK WORLD RADIO-2","country":"Japan","countryCode":"JP","state":"tokyo","category":"news","streamUrl":"https://nhkworld-radio.nhkworld.jp/hls/live/nhkworld-radio-media11/index.m3u8","codec":"UNKNOWN","bitrate":128,"tags":"international"}},{"type":"Feature","geometry":{"type":"Point","coordinates":[140.0846,35.6898]},"properties":{"id":"d7fc828c-4305-4fa0-8ca5-2131e26c312f","name":"Chiafuru","country":"Japan","countryCode":"JP","state":"Japan","category":"music","streamUrl":"https://chiafuru.fun/stream/nanahira-releases@128","codec":"OGG","bitrate":128,"tags":"anime radio, denpa, japanese music, jpop"}},{"type":"Feature","geometry":{"type":"Point","coordinates":[126.9847869873047,37.55847593004803]},"properties":{"id":"3058649c-068d-43e8-8c47-4a5a89dbdc4c","name":"CBS 표준FM 98.1","country":"The Republic Of Korea","countryCode":"KR","state":"Seoul","category":"music","streamUrl":"https://m-aac.cbs.co.kr/mweb_cbs981/_definst_/cbs981.stream/playlist.m3u8","codec":"AAC","bitrate":94,"tags":""}},{"type":"Feature","geometry":{"type":"Point","coordinates":[174.93232,-36.89493]},"properties":{"id":"e6f28764-3433-439c-9eb8-8f9fd0e95a88","name":"East FM","country":"New Zealand","countryCode":"NZ","state":"Auckland","category":"music","streamUrl":"https://listen.eastfm.nz/stream-aac-64","codec":"AAC+","bitrate":64,"tags":"classic rock, eclectic, hits, misc, pop, rock, soft rock, various"}},{"type":"Feature","geometry":{"type":"Point","coordinates":[100.4638,14.1788]},"properties":{"id":"3b861ec3-9a27-4498-9f20-ca07c3fb6a29","name":"93.5 Mhz. radio Thailand","country":"Thailand","countryCode":"TH","state":"Bangkok","category":"music","streamUrl":"https://cdn-th2.login.in.th/shoutcast/8430","codec":"MP3","bitrate":128,"tags":""}},{"type":"Feature","geometry":{"type":"Point","coordinates":[100.8268,14.2989]},"properties":{"id":"a536c388-c56b-489f-a37e-12fa75de0b40","name":"FM 100.5 MHz MCOT news network","country":"Thailand","countryCode":"TH","state":"Bangkok","category":"news","streamUrl":"https://ymqaf8yp.mcot.net/FM1005/fm1005.stream_aac/playlist.m3u8","codec":"AAC","bitrate":128,"tags":""}},{"type":"Feature","geometry":{"type":"Point","coordinates":[-58.3794,-35.0973]},"properties":{"id":"d1082580-a7ac-4d47-a336-0041b925ab9f","name":"Radio Deejay 92.5","country":"Argentina","countryCode":"AR","state":"Argentina","category":"music","streamUrl":"https://streaming.radiosenlinea.com.ar:10648/stream","codec":"MP3","bitrate":96,"tags":""}},{"type":"Feature","geometry":{"type":"Point","coordinates":[120.5663,23.8465]},"properties":{"id":"60201694-d7b6-4a38-ba3c-6ad8be1fd6fb","name":"Boss Online Radio","country":"Taiwan, Republic Of China","countryCode":"TW","state":"Taiwan","category":"music","streamUrl":"https://n06.radiojar.com/ehzvurp9tv8uv?rj-ttl=5&rj-tok=AAABnm0QuTkAewm7X_5zLTUONg","codec":"MP3","bitrate":128,"tags":""}},{"type":"Feature","geometry":{"type":"Point","coordinates":[120.5416,23.5201]},"properties":{"id":"e1cc37a7-d71b-4b71-91fa-93026fc98675","name":"講客廣播電台","country":"Taiwan, Republic Of China","countryCode":"TW","state":"Taiwan","category":"talk","streamUrl":"https://n08.rcs.revma.com/akqrbx94gbkvv","codec":"AAC","bitrate":128,"tags":"culture, full service"}},{"type":"Feature","geometry":{"type":"Point","coordinates":[120.6965,24.5904]},"properties":{"id":"334b4b71-f816-4c73-8f36-acd76d0eb322","name":"CanCheers","country":"Taiwan, Republic Of China","countryCode":"TW","state":"Taiwan","category":"music","streamUrl":"https://us3.internet-radio.com/proxy/cancheers?mp=/stream","codec":"MP3","bitrate":192,"tags":""}},{"type":"Feature","geometry":{"type":"Point","coordinates":[10.9923,59.6447]},"properties":{"id":"6cef8379-152c-4575-8344-0699a0456194","name":"NRK P1 Innlandet","country":"Norway","countryCode":"NO","state":"Innlandet","category":"music","streamUrl":"https://cdn0-47115-liveicecast0.dna.contentdelivery.net/p1_dk14_mp3_h","codec":"MP3","bitrate":192,"tags":"nrk"}},{"type":"Feature","geometry":{"type":"Point","coordinates":[10.5291,59.5937]},"properties":{"id":"c09a7201-ab73-4630-881c-75a56c037b9d","name":"Norsk Pop","country":"Norway","countryCode":"NO","state":"Norway","category":"music","streamUrl":"https://live-bauerno.sharp-stream.com/norskpop_no_mp3","codec":"MP3","bitrate":128,"tags":"norges beste musikk"}},{"type":"Feature","geometry":{"type":"Point","coordinates":[11.279,59.7258]},"properties":{"id":"048d56d8-872a-472a-9319-7a3af009dbb6","name":"Radio Rox","country":"Norway","countryCode":"NO","state":"Norway","category":"music","streamUrl":"https://live-nors.sharp-stream.com/nors13.mp3","codec":"MP3","bitrate":128,"tags":""}},{"type":"Feature","geometry":{"type":"Point","coordinates":[23.74327898025513,61.50499803913824]},"properties":{"id":"2eb39e30-910b-4627-bd7c-ccd092cd37d7","name":"Radio Musa","country":"Finland","countryCode":"FI","state":"Pirkanmaa","category":"music","streamUrl":"https://n09.radiojar.com/n6yg5q0z8vzuv.m4a","codec":"MP3","bitrate":128,"tags":""}},{"type":"Feature","geometry":{"type":"Point","coordinates":[174.7622,-36.84843]},"properties":{"id":"e06e1aa5-2f61-4238-ab33-3cccdd1752b9","name":"Radiowave NZ","country":"New Zealand","countryCode":"NZ","state":"Auckland","category":"music","streamUrl":"https://stream.radiowavenz.com/stream-aac","codec":"AAC","bitrate":128,"tags":"easy listening"}},{"type":"Feature","geometry":{"type":"Point","coordinates":[100.1172,13.677]},"properties":{"id":"ea7f8408-e099-450b-a1bd-8ab3be516ead","name":"NBT Central: digital TV channel 11","country":"Thailand","countryCode":"TH","state":"kanchanaburi","category":"music","streamUrl":"https://cdn-edge.iiptvcdn.com/live_event/smil:6ee0-5126-0cee-7ba2-18b7.smil/playlist.m3u8?null","codec":"UNKNOWN","bitrate":3128,"tags":""}},{"type":"Feature","geometry":{"type":"Point","coordinates":[-58.394,-34.9056]},"properties":{"id":"98dc8a5f-ff00-41a4-a113-0e9fc1e8f48d","name":"MetalRadio","country":"Argentina","countryCode":"AR","state":"Argentina","category":"music","streamUrl":"https://api.metalradio.com.ar/listen/metalradio/radio.mp3","codec":"MP3","bitrate":320,"tags":""}},{"type":"Feature","geometry":{"type":"Point","coordinates":[7.158652213356894,62.73687267461513]},"properties":{"id":"81564356-298b-45a5-99e0-446e83e5981a","name":"1FM Jazz","country":"Norway","countryCode":"NO","state":"Møre og Romsdal","category":"music","streamUrl":"https://lyd.1fm.no/1fmjazz_mq?rp_source=1","codec":"MP3","bitrate":128,"tags":"jazz"}},{"type":"Feature","geometry":{"type":"Point","coordinates":[120.7181,23.4576]},"properties":{"id":"bd53dc0f-4aac-47cc-afcf-92d390eb1498","name":"Boss Online Radio","country":"Taiwan, Republic Of China","countryCode":"TW","state":"Taiwan","category":"music","streamUrl":"https://n0b.radiojar.com/ehzvurp9tv8uv?rj-ttl=5&rj-tok=AAABnhLAJhsA5_MD50tsg_xfJQ","codec":"MP3","bitrate":128,"tags":""}},{"type":"Feature","geometry":{"type":"Point","coordinates":[120.4203,24.8178]},"properties":{"id":"dadc974a-f037-44a9-9d8b-7a01a39d229b","name":"Boss Boss Radio","country":"Taiwan, Republic Of China","countryCode":"TW","state":"Taiwan","category":"music","streamUrl":"https://n0b.radiojar.com/ehzvurp9tv8uv?rj-ttl=5&rj-tok=AAABnhLAJhsA5_MD50tsg_xfJQ","codec":"MP3","bitrate":128,"tags":""}},{"type":"Feature","geometry":{"type":"Point","coordinates":[126.98118209838869,37.5632939064302]},"properties":{"id":"9b8512b7-436d-4da8-8777-633ad9b6671f","name":"CBS JOY4U","country":"The Republic Of Korea","countryCode":"KR","state":"Seoul","category":"music","streamUrl":"https://m-aac.cbs.co.kr/mweb_cbscmc/_definst_/cbscmc.stream/playlist.m3u8","codec":"AAC","bitrate":96,"tags":"ccm, christian, gospel, religious, worship"}},{"type":"Feature","geometry":{"type":"Point","coordinates":[100.1903,14.3295]},"properties":{"id":"f15e075c-9820-49e3-a87c-aa4100c2eb71","name":"RequestRadio String (Alt)","country":"Thailand","countryCode":"TH","state":"Thailand","category":"music","streamUrl":"https://ozone2.javmemory.com/Music.mp3","codec":"MP3","bitrate":128,"tags":"regional music, strings"}},{"type":"Feature","geometry":{"type":"Point","coordinates":[150.9378,-35.1839]},"properties":{"id":"0f5d89f0-66fa-40ce-b939-9f29f61fc505","name":"Perth Fire and Rescue Service Command","country":"Australia","countryCode":"AU","state":"Western Australia","category":"public-safety","streamUrl":"https://stream.warsug.info/WARSUG","codec":"MP3","bitrate":24,"tags":"fire scanner"}},{"type":"Feature","geometry":{"type":"Point","coordinates":[103.2329,0.9299]},"properties":{"id":"0edfb8ba-62e1-47e1-9096-319e02915ff6","name":"XRadio: The Worldwide Superstation","country":"Singapore","countryCode":"SG","state":"Singapore","category":"music","streamUrl":"http://xradio.zone:9420/stream.mp3","codec":"MP3","bitrate":128,"tags":"bass, club, electronic music, freeform, hip hop, live dj, mix, pop music, rave, remixes"}},{"type":"Feature","geometry":{"type":"Point","coordinates":[101.0859,13.7551]},"properties":{"id":"9cd8439a-00ec-44ec-9172-eed18e86d8a2","name":"RequestRadio เพื่อชีวิต (Alt)","country":"Thailand","countryCode":"TH","state":"Thailand","category":"music","streamUrl":"https://ozone2.javmemory.com/Forlife.mp3","codec":"MP3","bitrate":128,"tags":"country music, folk music"}},{"type":"Feature","geometry":{"type":"Point","coordinates":[113.0735206604004,22.970963745072822]},"properties":{"id":"66463560-6e08-4b0b-9970-608a965aa563","name":"佛山电台FM92.4交通广播","country":"China","countryCode":"CN","state":"Guangdong","category":"traffic-transit","streamUrl":"https://radiopull.radiofoshan.com.cn/live/1400389414_BSID_42_audio.m3u8","codec":"UNKNOWN","bitrate":128,"tags":"traffic radio broadcast"}},{"type":"Feature","geometry":{"type":"Point","coordinates":[-21.9472,64.5854]},"properties":{"id":"26312cb9-40de-4fa8-bb23-20a742e94d7b","name":"Seyðisfjörður Community Radio","country":"Iceland","countryCode":"IS","state":"Iceland","category":"music","streamUrl":"https://seyisfjorur-community-radio.radiocult.fm/stream","codec":"MP3","bitrate":256,"tags":""}},{"type":"Feature","geometry":{"type":"Point","coordinates":[-77.105,39.8942]},"properties":{"id":"7fbe2af9-f23b-46a3-9e9d-579aed3aef5e","name":"ZTVGM radio","country":"The United States Of America","countryCode":"US","state":"Connecticut","category":"weather","streamUrl":"http://philipiptv.freeddns.org:8082/ZTVGM-Radio","codec":"MP3","bitrate":320,"tags":"christian, community, community radio, misc, miscellaneous, variety, video game music, weather"}},{"type":"Feature","geometry":{"type":"Point","coordinates":[-76.1433,39.6937]},"properties":{"id":"14536519-ee12-498d-9e71-87f9ef328954","name":"T Dispatch 7500 Repeater Scanner","country":"The United States Of America","countryCode":"US","state":"Pennsylvania","category":"public-safety","streamUrl":"http://philipiptv.cloudns.ph:8082/ZTSCANNER","codec":"MP3","bitrate":128,"tags":"community radio, police scanner"}},{"type":"Feature","geometry":{"type":"Point","coordinates":[-75.6751,40.5667]},"properties":{"id":"66741795-93a6-4122-b051-adf8fdca169d","name":"ZT Dispatch 7500 Repeater Scanner","country":"The United States Of America","countryCode":"US","state":"Pennsylvania","category":"public-safety","streamUrl":"http://philipiptv.cloudns.ph:8082/ZTSCANNER","codec":"MP3","bitrate":128,"tags":"community radio, police scanner"}}]}